Starting a Gradle Daemon, 24 busy and 1 incompatible Daemons could not be reused, use --status for details
The Task.leftShift(Closure) method has been deprecated and is scheduled to be removed in Gradle 5.0. Please use Task.doLast(Action) instead.
	at org.gradle.api.internal.AbstractTask.leftShift(AbstractTask.java:513)
	at org.gradle.api.Task$leftShift$0.call(Unknown Source)
	at org.codehaus.groovy.runtime.callsite.CallSiteArray.defaultCall(CallSiteArray.java:48)
	at org.codehaus.groovy.runtime.callsite.AbstractCallSite.call(AbstractCallSite.java:113)
	at org.codehaus.groovy.runtime.callsite.AbstractCallSite.call(AbstractCallSite.java:125)
	at build_dztr9z0e0kr9jnb7pu99im9ym$_run_closure2.doCall(/app/siglab/open-lmis/build.gradle:123)
	at sun.reflect.NativeMethodAccessorImpl.invoke0(Native Method)
	at sun.reflect.NativeMethodAccessorImpl.invoke(NativeMethodAccessorImpl.java:62)
	at sun.reflect.DelegatingMethodAccessorImpl.invoke(DelegatingMethodAccessorImpl.java:43)
	at java.lang.reflect.Method.invoke(Method.java:498)
	at org.codehaus.groovy.reflection.CachedMethod.invoke(CachedMethod.java:93)
	at groovy.lang.MetaMethod.doMethodInvoke(MetaMethod.java:325)
	at org.codehaus.groovy.runtime.metaclass.ClosureMetaClass.invokeMethod(ClosureMetaClass.java:294)
	at groovy.lang.MetaClassImpl.invokeMethod(MetaClassImpl.java:1024)
	at groovy.lang.Closure.call(Closure.java:414)
	at groovy.lang.Closure.call(Closure.java:430)
	at org.gradle.api.internal.ClosureBackedAction.execute(ClosureBackedAction.java:70)
	at org.gradle.util.ConfigureUtil.configureTarget(ConfigureUtil.java:160)
	at org.gradle.util.ConfigureUtil.configure(ConfigureUtil.java:106)
	at org.gradle.api.internal.project.DefaultProject.configure(DefaultProject.java:983)
	at org.gradle.api.internal.project.DefaultProject.configure(DefaultProject.java:988)
	at org.gradle.api.internal.project.DefaultProject.subprojects(DefaultProject.java:971)
	at sun.reflect.NativeMethodAccessorImpl.invoke0(Native Method)
	at sun.reflect.NativeMethodAccessorImpl.invoke(NativeMethodAccessorImpl.java:62)
	at sun.reflect.DelegatingMethodAccessorImpl.invoke(DelegatingMethodAccessorImpl.java:43)
	at java.lang.reflect.Method.invoke(Method.java:498)
	at org.codehaus.groovy.reflection.CachedMethod.invoke(CachedMethod.java:93)
	at groovy.lang.MetaMethod.doMethodInvoke(MetaMethod.java:325)
	at org.gradle.internal.metaobject.BeanDynamicObject$MetaClassAdapter.invokeMethod(BeanDynamicObject.java:382)
	at org.gradle.internal.metaobject.BeanDynamicObject.invokeMethod(BeanDynamicObject.java:170)
	at org.gradle.internal.metaobject.CompositeDynamicObject.invokeMethod(CompositeDynamicObject.java:96)
	at org.gradle.internal.metaobject.MixInClosurePropertiesAsMethodsDynamicObject.invokeMethod(MixInClosurePropertiesAsMethodsDynamicObject.java:30)
	at org.gradle.internal.metaobject.AbstractDynamicObject.invokeMethod(AbstractDynamicObject.java:163)
	at org.gradle.groovy.scripts.BasicScript.methodMissing(BasicScript.java:83)
	at sun.reflect.NativeMethodAccessorImpl.invoke0(Native Method)
	at sun.reflect.NativeMethodAccessorImpl.invoke(NativeMethodAccessorImpl.java:62)
	at sun.reflect.DelegatingMethodAccessorImpl.invoke(DelegatingMethodAccessorImpl.java:43)
	at java.lang.reflect.Method.invoke(Method.java:498)
	at org.codehaus.groovy.reflection.CachedMethod.invoke(CachedMethod.java:93)
	at groovy.lang.MetaClassImpl.invokeMissingMethod(MetaClassImpl.java:941)
	at groovy.lang.MetaClassImpl.invokePropertyOrMissing(MetaClassImpl.java:1264)
	at groovy.lang.MetaClassImpl.invokeMethod(MetaClassImpl.java:1217)
	at groovy.lang.MetaClassImpl.invokeMethod(MetaClassImpl.java:1024)
	at org.codehaus.groovy.runtime.callsite.PogoMetaClassSite.callCurrent(PogoMetaClassSite.java:69)
	at org.codehaus.groovy.runtime.callsite.CallSiteArray.defaultCallCurrent(CallSiteArray.java:52)
	at org.codehaus.groovy.runtime.callsite.AbstractCallSite.callCurrent(AbstractCallSite.java:154)
	at org.codehaus.groovy.runtime.callsite.AbstractCallSite.callCurrent(AbstractCallSite.java:166)
	at build_dztr9z0e0kr9jnb7pu99im9ym.run(/app/siglab/open-lmis/build.gradle:35)
	at org.gradle.groovy.scripts.internal.DefaultScriptRunnerFactory$ScriptRunnerImpl.run(DefaultScriptRunnerFactory.java:90)
	at org.gradle.configuration.DefaultScriptPluginFactory$ScriptPluginImpl$2.run(DefaultScriptPluginFactory.java:176)
	at org.gradle.configuration.ProjectScriptTarget.addConfiguration(ProjectScriptTarget.java:77)
	at org.gradle.configuration.DefaultScriptPluginFactory$ScriptPluginImpl.apply(DefaultScriptPluginFactory.java:181)
	at org.gradle.configuration.project.BuildScriptProcessor.execute(BuildScriptProcessor.java:39)
	at org.gradle.configuration.project.BuildScriptProcessor.execute(BuildScriptProcessor.java:26)
	at org.gradle.configuration.project.ConfigureActionsProjectEvaluator.evaluate(ConfigureActionsProjectEvaluator.java:34)
	at org.gradle.configuration.project.LifecycleProjectEvaluator.doConfigure(LifecycleProjectEvaluator.java:70)
	at org.gradle.configuration.project.LifecycleProjectEvaluator.access$000(LifecycleProjectEvaluator.java:33)
	at org.gradle.configuration.project.LifecycleProjectEvaluator$1.execute(LifecycleProjectEvaluator.java:53)
	at org.gradle.configuration.project.LifecycleProjectEvaluator$1.execute(LifecycleProjectEvaluator.java:50)
	at org.gradle.internal.Transformers$4.transform(Transformers.java:169)
	at org.gradle.internal.progress.DefaultBuildOperationExecutor.run(DefaultBuildOperationExecutor.java:106)
	at org.gradle.internal.progress.DefaultBuildOperationExecutor.run(DefaultBuildOperationExecutor.java:61)
	at org.gradle.configuration.project.LifecycleProjectEvaluator.evaluate(LifecycleProjectEvaluator.java:50)
	at org.gradle.api.internal.project.DefaultProject.evaluate(DefaultProject.java:628)
	at org.gradle.api.internal.project.DefaultProject.evaluate(DefaultProject.java:129)
	at org.gradle.execution.TaskPathProjectEvaluator.configure(TaskPathProjectEvaluator.java:35)
	at org.gradle.execution.TaskPathProjectEvaluator.configureHierarchy(TaskPathProjectEvaluator.java:60)
	at org.gradle.configuration.DefaultBuildConfigurer.configure(DefaultBuildConfigurer.java:38)
	at org.gradle.initialization.DefaultGradleLauncher$1.execute(DefaultGradleLauncher.java:161)
	at org.gradle.initialization.DefaultGradleLauncher$1.execute(DefaultGradleLauncher.java:158)
	at org.gradle.internal.Transformers$4.transform(Transformers.java:169)
	at org.gradle.internal.progress.DefaultBuildOperationExecutor.run(DefaultBuildOperationExecutor.java:106)
	at org.gradle.internal.progress.DefaultBuildOperationExecutor.run(DefaultBuildOperationExecutor.java:56)
	at org.gradle.initialization.DefaultGradleLauncher.doBuildStages(DefaultGradleLauncher.java:158)
	at org.gradle.initialization.DefaultGradleLauncher.doBuild(DefaultGradleLauncher.java:119)
	at org.gradle.initialization.DefaultGradleLauncher.run(DefaultGradleLauncher.java:102)
	at org.gradle.launcher.exec.GradleBuildController.run(GradleBuildController.java:71)
	at org.gradle.tooling.internal.provider.ExecuteBuildActionRunner.run(ExecuteBuildActionRunner.java:28)
	at org.gradle.launcher.exec.ChainingBuildActionRunner.run(ChainingBuildActionRunner.java:35)
	at org.gradle.launcher.exec.InProcessBuildActionExecuter.execute(InProcessBuildActionExecuter.java:41)
	at org.gradle.launcher.exec.InProcessBuildActionExecuter.execute(InProcessBuildActionExecuter.java:26)
	at org.gradle.tooling.internal.provider.ContinuousBuildActionExecuter.execute(ContinuousBuildActionExecuter.java:75)
	at org.gradle.tooling.internal.provider.ContinuousBuildActionExecuter.execute(ContinuousBuildActionExecuter.java:49)
	at org.gradle.tooling.internal.provider.ServicesSetupBuildActionExecuter.execute(ServicesSetupBuildActionExecuter.java:44)
	at org.gradle.tooling.internal.provider.ServicesSetupBuildActionExecuter.execute(ServicesSetupBuildActionExecuter.java:29)
	at org.gradle.launcher.daemon.server.exec.ExecuteBuild.doBuild(ExecuteBuild.java:67)
	at org.gradle.launcher.daemon.server.exec.BuildCommandOnly.execute(BuildCommandOnly.java:36)
	at org.gradle.launcher.daemon.server.api.DaemonCommandExecution.proceed(DaemonCommandExecution.java:120)
	at org.gradle.launcher.daemon.server.exec.WatchForDisconnection.execute(WatchForDisconnection.java:47)
	at org.gradle.launcher.daemon.server.api.DaemonCommandExecution.proceed(DaemonCommandExecution.java:120)
	at org.gradle.launcher.daemon.server.exec.ResetDeprecationLogger.execute(ResetDeprecationLogger.java:26)
	at org.gradle.launcher.daemon.server.api.DaemonCommandExecution.proceed(DaemonCommandExecution.java:120)
	at org.gradle.launcher.daemon.server.exec.RequestStopIfSingleUsedDaemon.execute(RequestStopIfSingleUsedDaemon.java:34)
	at org.gradle.launcher.daemon.server.api.DaemonCommandExecution.proceed(DaemonCommandExecution.java:120)
	at org.gradle.launcher.daemon.server.exec.ForwardClientInput$2.call(ForwardClientInput.java:74)
	at org.gradle.launcher.daemon.server.exec.ForwardClientInput$2.call(ForwardClientInput.java:72)
	at org.gradle.util.Swapper.swap(Swapper.java:38)
	at org.gradle.launcher.daemon.server.exec.ForwardClientInput.execute(ForwardClientInput.java:72)
	at org.gradle.launcher.daemon.server.api.DaemonCommandExecution.proceed(DaemonCommandExecution.java:120)
	at org.gradle.launcher.daemon.server.exec.LogAndCheckHealth.execute(LogAndCheckHealth.java:55)
	at org.gradle.launcher.daemon.server.api.DaemonCommandExecution.proceed(DaemonCommandExecution.java:120)
	at org.gradle.launcher.daemon.server.exec.LogToClient.doBuild(LogToClient.java:60)
	at org.gradle.launcher.daemon.server.exec.BuildCommandOnly.execute(BuildCommandOnly.java:36)
	at org.gradle.launcher.daemon.server.api.DaemonCommandExecution.proceed(DaemonCommandExecution.java:120)
	at org.gradle.launcher.daemon.server.exec.EstablishBuildEnvironment.doBuild(EstablishBuildEnvironment.java:72)
	at org.gradle.launcher.daemon.server.exec.BuildCommandOnly.execute(BuildCommandOnly.java:36)
	at org.gradle.launcher.daemon.server.api.DaemonCommandExecution.proceed(DaemonCommandExecution.java:120)
	at org.gradle.launcher.daemon.server.exec.StartBuildOrRespondWithBusy$1.run(StartBuildOrRespondWithBusy.java:50)
	at org.gradle.launcher.daemon.server.DaemonStateCoordinator$1.run(DaemonStateCoordinator.java:297)
	at org.gradle.internal.concurrent.ExecutorPolicy$CatchAndRecordFailures.onExecute(ExecutorPolicy.java:54)
	at org.gradle.internal.concurrent.StoppableExecutorImpl$1.run(StoppableExecutorImpl.java:40)
	at java.util.concurrent.ThreadPoolExecutor.runWorker(ThreadPoolExecutor.java:1149)
	at java.util.concurrent.ThreadPoolExecutor$Worker.run(ThreadPoolExecutor.java:624)
	at java.lang.Thread.run(Thread.java:750)
The Jetty plugin has been deprecated and is scheduled to be removed in Gradle 4.0. Consider using the Gretty (https://github.com/akhikhl/gretty) plugin instead.
	at org.gradle.api.plugins.jetty.JettyPlugin.apply(JettyPlugin.java:48)
	at org.gradle.api.plugins.jetty.JettyPlugin.apply(JettyPlugin.java:38)
	at org.gradle.api.internal.plugins.ImperativeOnlyPluginApplicator.applyImperative(ImperativeOnlyPluginApplicator.java:35)
	at org.gradle.api.internal.plugins.RuleBasedPluginApplicator.applyImperative(RuleBasedPluginApplicator.java:43)
	at org.gradle.api.internal.plugins.DefaultPluginManager.doApply(DefaultPluginManager.java:139)
	at org.gradle.api.internal.plugins.DefaultPluginManager.apply(DefaultPluginManager.java:112)
	at org.gradle.api.internal.plugins.DefaultObjectConfigurationAction.applyType(DefaultObjectConfigurationAction.java:113)
	at org.gradle.api.internal.plugins.DefaultObjectConfigurationAction.access$200(DefaultObjectConfigurationAction.java:36)
	at org.gradle.api.internal.plugins.DefaultObjectConfigurationAction$3.run(DefaultObjectConfigurationAction.java:80)
	at org.gradle.api.internal.plugins.DefaultObjectConfigurationAction.execute(DefaultObjectConfigurationAction.java:136)
	at org.gradle.api.internal.project.AbstractPluginAware.apply(AbstractPluginAware.java:44)
	at org.gradle.api.internal.project.ProjectScript.apply(ProjectScript.java:34)
	at org.gradle.api.Script$apply$0.callCurrent(Unknown Source)
	at org.codehaus.groovy.runtime.callsite.CallSiteArray.defaultCallCurrent(CallSiteArray.java:52)
	at org.codehaus.groovy.runtime.callsite.AbstractCallSite.callCurrent(AbstractCallSite.java:154)
	at org.codehaus.groovy.runtime.callsite.AbstractCallSite.callCurrent(AbstractCallSite.java:166)
	at build_d5ohj9d5sw6uj6qojob4xr5st.run(/app/siglab/open-lmis/modules/openlmis-web/build.gradle:15)
	at org.gradle.groovy.scripts.internal.DefaultScriptRunnerFactory$ScriptRunnerImpl.run(DefaultScriptRunnerFactory.java:90)
	at org.gradle.configuration.DefaultScriptPluginFactory$ScriptPluginImpl$2.run(DefaultScriptPluginFactory.java:176)
	at org.gradle.configuration.ProjectScriptTarget.addConfiguration(ProjectScriptTarget.java:77)
	at org.gradle.configuration.DefaultScriptPluginFactory$ScriptPluginImpl.apply(DefaultScriptPluginFactory.java:181)
	at org.gradle.configuration.project.BuildScriptProcessor.execute(BuildScriptProcessor.java:39)
	at org.gradle.configuration.project.BuildScriptProcessor.execute(BuildScriptProcessor.java:26)
	at org.gradle.configuration.project.ConfigureActionsProjectEvaluator.evaluate(ConfigureActionsProjectEvaluator.java:34)
	at org.gradle.configuration.project.LifecycleProjectEvaluator.doConfigure(LifecycleProjectEvaluator.java:70)
	at org.gradle.configuration.project.LifecycleProjectEvaluator.access$000(LifecycleProjectEvaluator.java:33)
	at org.gradle.configuration.project.LifecycleProjectEvaluator$1.execute(LifecycleProjectEvaluator.java:53)
	at org.gradle.configuration.project.LifecycleProjectEvaluator$1.execute(LifecycleProjectEvaluator.java:50)
	at org.gradle.internal.Transformers$4.transform(Transformers.java:169)
	at org.gradle.internal.progress.DefaultBuildOperationExecutor.run(DefaultBuildOperationExecutor.java:106)
	at org.gradle.internal.progress.DefaultBuildOperationExecutor.run(DefaultBuildOperationExecutor.java:61)
	at org.gradle.configuration.project.LifecycleProjectEvaluator.evaluate(LifecycleProjectEvaluator.java:50)
	at org.gradle.api.internal.project.DefaultProject.evaluate(DefaultProject.java:628)
	at org.gradle.api.internal.project.DefaultProject.evaluate(DefaultProject.java:129)
	at org.gradle.execution.TaskPathProjectEvaluator.configure(TaskPathProjectEvaluator.java:35)
	at org.gradle.execution.TaskPathProjectEvaluator.configureHierarchy(TaskPathProjectEvaluator.java:62)
	at org.gradle.configuration.DefaultBuildConfigurer.configure(DefaultBuildConfigurer.java:38)
	at org.gradle.initialization.DefaultGradleLauncher$1.execute(DefaultGradleLauncher.java:161)
	at org.gradle.initialization.DefaultGradleLauncher$1.execute(DefaultGradleLauncher.java:158)
	at org.gradle.internal.Transformers$4.transform(Transformers.java:169)
	at org.gradle.internal.progress.DefaultBuildOperationExecutor.run(DefaultBuildOperationExecutor.java:106)
	at org.gradle.internal.progress.DefaultBuildOperationExecutor.run(DefaultBuildOperationExecutor.java:56)
	at org.gradle.initialization.DefaultGradleLauncher.doBuildStages(DefaultGradleLauncher.java:158)
	at org.gradle.initialization.DefaultGradleLauncher.doBuild(DefaultGradleLauncher.java:119)
	at org.gradle.initialization.DefaultGradleLauncher.run(DefaultGradleLauncher.java:102)
	at org.gradle.launcher.exec.GradleBuildController.run(GradleBuildController.java:71)
	at org.gradle.tooling.internal.provider.ExecuteBuildActionRunner.run(ExecuteBuildActionRunner.java:28)
	at org.gradle.launcher.exec.ChainingBuildActionRunner.run(ChainingBuildActionRunner.java:35)
	at org.gradle.launcher.exec.InProcessBuildActionExecuter.execute(InProcessBuildActionExecuter.java:41)
	at org.gradle.launcher.exec.InProcessBuildActionExecuter.execute(InProcessBuildActionExecuter.java:26)
	at org.gradle.tooling.internal.provider.ContinuousBuildActionExecuter.execute(ContinuousBuildActionExecuter.java:75)
	at org.gradle.tooling.internal.provider.ContinuousBuildActionExecuter.execute(ContinuousBuildActionExecuter.java:49)
	at org.gradle.tooling.internal.provider.ServicesSetupBuildActionExecuter.execute(ServicesSetupBuildActionExecuter.java:44)
	at org.gradle.tooling.internal.provider.ServicesSetupBuildActionExecuter.execute(ServicesSetupBuildActionExecuter.java:29)
	at org.gradle.launcher.daemon.server.exec.ExecuteBuild.doBuild(ExecuteBuild.java:67)
	at org.gradle.launcher.daemon.server.exec.BuildCommandOnly.execute(BuildCommandOnly.java:36)
	at org.gradle.launcher.daemon.server.api.DaemonCommandExecution.proceed(DaemonCommandExecution.java:120)
	at org.gradle.launcher.daemon.server.exec.WatchForDisconnection.execute(WatchForDisconnection.java:47)
	at org.gradle.launcher.daemon.server.api.DaemonCommandExecution.proceed(DaemonCommandExecution.java:120)
	at org.gradle.launcher.daemon.server.exec.ResetDeprecationLogger.execute(ResetDeprecationLogger.java:26)
	at org.gradle.launcher.daemon.server.api.DaemonCommandExecution.proceed(DaemonCommandExecution.java:120)
	at org.gradle.launcher.daemon.server.exec.RequestStopIfSingleUsedDaemon.execute(RequestStopIfSingleUsedDaemon.java:34)
	at org.gradle.launcher.daemon.server.api.DaemonCommandExecution.proceed(DaemonCommandExecution.java:120)
	at org.gradle.launcher.daemon.server.exec.ForwardClientInput$2.call(ForwardClientInput.java:74)
	at org.gradle.launcher.daemon.server.exec.ForwardClientInput$2.call(ForwardClientInput.java:72)
	at org.gradle.util.Swapper.swap(Swapper.java:38)
	at org.gradle.launcher.daemon.server.exec.ForwardClientInput.execute(ForwardClientInput.java:72)
	at org.gradle.launcher.daemon.server.api.DaemonCommandExecution.proceed(DaemonCommandExecution.java:120)
	at org.gradle.launcher.daemon.server.exec.LogAndCheckHealth.execute(LogAndCheckHealth.java:55)
	at org.gradle.launcher.daemon.server.api.DaemonCommandExecution.proceed(DaemonCommandExecution.java:120)
	at org.gradle.launcher.daemon.server.exec.LogToClient.doBuild(LogToClient.java:60)
	at org.gradle.launcher.daemon.server.exec.BuildCommandOnly.execute(BuildCommandOnly.java:36)
	at org.gradle.launcher.daemon.server.api.DaemonCommandExecution.proceed(DaemonCommandExecution.java:120)
	at org.gradle.launcher.daemon.server.exec.EstablishBuildEnvironment.doBuild(EstablishBuildEnvironment.java:72)
	at org.gradle.launcher.daemon.server.exec.BuildCommandOnly.execute(BuildCommandOnly.java:36)
	at org.gradle.launcher.daemon.server.api.DaemonCommandExecution.proceed(DaemonCommandExecution.java:120)
	at org.gradle.launcher.daemon.server.exec.StartBuildOrRespondWithBusy$1.run(StartBuildOrRespondWithBusy.java:50)
	at org.gradle.launcher.daemon.server.DaemonStateCoordinator$1.run(DaemonStateCoordinator.java:297)
	at org.gradle.internal.concurrent.ExecutorPolicy$CatchAndRecordFailures.onExecute(ExecutorPolicy.java:54)
	at org.gradle.internal.concurrent.StoppableExecutorImpl$1.run(StoppableExecutorImpl.java:40)
	at java.util.concurrent.ThreadPoolExecutor.runWorker(ThreadPoolExecutor.java:1149)
	at java.util.concurrent.ThreadPoolExecutor$Worker.run(ThreadPoolExecutor.java:624)
	at java.lang.Thread.run(Thread.java:750)
:modules:compileJava UP-TO-DATE
:modules:processResources UP-TO-DATE
:modules:classes UP-TO-DATE
:modules:jar UP-TO-DATE
:modules:assemble UP-TO-DATE
:modules:check
:modules:build
:test-modules:compileJava UP-TO-DATE
:test-modules:processResources UP-TO-DATE
:test-modules:classes UP-TO-DATE
:test-modules:jar UP-TO-DATE
:test-modules:assemble UP-TO-DATE
:test-modules:check
:test-modules:build
:modules:db:compileJava UP-TO-DATE
:modules:db:processResources UP-TO-DATE
:modules:db:classes UP-TO-DATE
:modules:db:jar UP-TO-DATE
:modules:email:compileJava UP-TO-DATE
:modules:email:processResources UP-TO-DATE
:modules:email:classes UP-TO-DATE
:modules:email:jar UP-TO-DATE
:modules:export:compileJava UP-TO-DATE
:modules:export:processResources UP-TO-DATE
:modules:export:classes UP-TO-DATE
:modules:export:jar UP-TO-DATE
:modules:sms:compileJava UP-TO-DATE
:modules:sms:processResources UP-TO-DATE
:modules:sms:classes UP-TO-DATE
:modules:sms:jar UP-TO-DATE
:modules:upload:compileJava UP-TO-DATE
:modules:upload:processResources UP-TO-DATE
:modules:upload:classes UP-TO-DATE
:modules:upload:jar UP-TO-DATE
:modules:core:compileJava UP-TO-DATE
:modules:core:processResources UP-TO-DATE
:modules:core:classes UP-TO-DATE
:modules:core:jar UP-TO-DATE
:modules:authentication:compileJava UP-TO-DATE
:modules:authentication:processResources UP-TO-DATE
:modules:authentication:classes UP-TO-DATE
:modules:authentication:jar UP-TO-DATE
:modules:authentication:assemble UP-TO-DATE
:modules:authentication:check
:modules:authentication:build
:modules:core:assemble UP-TO-DATE
:modules:core:check
:modules:core:build
:modules:db:assemble UP-TO-DATE
:modules:db:check
:modules:db:build
:modules:equipment:compileJava UP-TO-DATE
:modules:equipment:processResources UP-TO-DATE
:modules:equipment:classes UP-TO-DATE
:modules:equipment:jar UP-TO-DATE
:modules:requisition:compileJava UP-TO-DATE
:modules:requisition:processResources UP-TO-DATE
:modules:requisition:classes UP-TO-DATE
:modules:requisition:jar UP-TO-DATE
:modules:shipment:compileJava UP-TO-DATE
:modules:shipment:processResources UP-TO-DATE
:modules:shipment:classes UP-TO-DATE
:modules:shipment:jar UP-TO-DATE
:modules:stock-management:compileJava UP-TO-DATE
:modules:stock-management:processResources UP-TO-DATE
:modules:stock-management:classes UP-TO-DATE
:modules:stock-management:jar UP-TO-DATE
:modules:report:compileJava UP-TO-DATE
:modules:report:processResources UP-TO-DATE
:modules:report:classes UP-TO-DATE
:modules:report:jar UP-TO-DATE
:modules:demographics:compileJava UP-TO-DATE
:modules:demographics:processResources UP-TO-DATE
:modules:demographics:classes UP-TO-DATE
:modules:demographics:jar UP-TO-DATE
:modules:demographics:assemble UP-TO-DATE
:modules:demographics:check
:modules:demographics:build
:modules:distribution:compileJava UP-TO-DATE
:modules:distribution:processResources UP-TO-DATE
:modules:distribution:classes UP-TO-DATE
:modules:distribution:jar UP-TO-DATE
:modules:distribution:assemble UP-TO-DATE
:modules:distribution:check
:modules:distribution:build
:modules:email:assemble UP-TO-DATE
:modules:email:check
:modules:email:build
:modules:equipment:assemble UP-TO-DATE
:modules:equipment:check
:modules:equipment:build
:modules:export:assemble UP-TO-DATE
:modules:export:check
:modules:export:build
:modules:help:compileJava UP-TO-DATE
:modules:help:processResources UP-TO-DATE
:modules:help:classes UP-TO-DATE
:modules:help:jar UP-TO-DATE
:modules:help:assemble UP-TO-DATE
:modules:help:check
:modules:help:build
:modules:migration:assemble
:modules:migration:check
:modules:migration:build
:modules:openlmis-web:npm UP-TO-DATE
:modules:openlmis-web:less
>> Local Npm module "grunt-cli" not found. Is it installed?
>> Local Npm module "grunt-legacy-log" not found. Is it installed?
>> Local Npm module "grunt-legacy-log-utils" not found. Is it installed?
(node:1187984) [DEP0022] DeprecationWarning: os.tmpDir() is deprecated. Use os.tmpdir() instead.

Running "less:compile" (less) task
>> 47 stylesheets created.

Done.
:modules:programs:compileJava UP-TO-DATE
:modules:programs:processResources UP-TO-DATE
:modules:programs:classes UP-TO-DATE
:modules:programs:jar UP-TO-DATE
:modules:reporting:compileJava UP-TO-DATE
:modules:reporting:processResources UP-TO-DATE
:modules:reporting:classes UP-TO-DATE
:modules:reporting:jar UP-TO-DATE
:modules:vaccine:compileJava UP-TO-DATE
:modules:vaccine:processResources UP-TO-DATE
:modules:vaccine:classes UP-TO-DATE
:modules:vaccine:jar UP-TO-DATE
:modules:rest-api:compileJava UP-TO-DATE
:modules:rest-api:processResources UP-TO-DATE
:modules:rest-api:classes UP-TO-DATE
:modules:rest-api:jar UP-TO-DATE
:modules:openlmis-web:compileJava UP-TO-DATE
:modules:openlmis-web:processResources UP-TO-DATE
:modules:openlmis-web:classes UP-TO-DATE
:modules:openlmis-web:war UP-TO-DATE
:modules:openlmis-web:assemble UP-TO-DATE
:modules:openlmis-web:check
:modules:openlmis-web:build
:modules:programs:assemble UP-TO-DATE
:modules:programs:check
:modules:programs:build
:modules:report:assemble UP-TO-DATE
:modules:report:check
:modules:report:build
:modules:reporting:assemble UP-TO-DATE
:modules:reporting:check
:modules:reporting:build
:modules:requisition:assemble UP-TO-DATE
:modules:requisition:check
:modules:requisition:build
:modules:rest-api:assemble UP-TO-DATE
:modules:rest-api:check
:modules:rest-api:build
:modules:shipment:assemble UP-TO-DATE
:modules:shipment:check
:modules:shipment:build
:modules:sms:assemble UP-TO-DATE
:modules:sms:check
:modules:sms:build
:modules:stock-management:assemble UP-TO-DATE
:modules:stock-management:check
:modules:stock-management:build
:modules:upload:assemble UP-TO-DATE
:modules:upload:check
:modules:upload:build
:modules:vaccine:assemble UP-TO-DATE
:modules:vaccine:check
:modules:vaccine:build
:test-modules:test-core:compileJava UP-TO-DATE
:test-modules:test-core:processResources UP-TO-DATE
:test-modules:test-core:classes UP-TO-DATE
:test-modules:test-core:jar UP-TO-DATE
:test-modules:functional-tests:compileJava UP-TO-DATE
:test-modules:functional-tests:processResources UP-TO-DATE
:test-modules:functional-tests:classes UP-TO-DATE
:test-modules:functional-tests:war UP-TO-DATE
:test-modules:functional-tests:assemble UP-TO-DATE
:test-modules:functional-tests:check
:test-modules:functional-tests:build
:test-modules:service-tests:compileJava UP-TO-DATE
:test-modules:service-tests:processResources UP-TO-DATE
:test-modules:service-tests:classes UP-TO-DATE
:test-modules:service-tests:jar UP-TO-DATE
:test-modules:service-tests:assemble UP-TO-DATE
:test-modules:service-tests:check
:test-modules:service-tests:build
:test-modules:test-core:war UP-TO-DATE
:test-modules:test-core:assemble UP-TO-DATE
:test-modules:test-core:check
:test-modules:test-core:build
:test-modules:functional-tests:jar UP-TO-DATE
:test-modules:webservice-test:compileJava UP-TO-DATE
:test-modules:webservice-test:processResources UP-TO-DATE
:test-modules:webservice-test:classes UP-TO-DATE
:test-modules:webservice-test:war UP-TO-DATE
:test-modules:webservice-test:assemble UP-TO-DATE
:test-modules:webservice-test:check
:test-modules:webservice-test:build
:modules:openlmis-web:jettyRunSLF4J: Class path contains multiple SLF4J bindings.
SLF4J: Found binding in [jar:file:/root/.gradle/wrapper/dists/gradle-3.3-bin/64bhckfm0iuu9gap9hg3r7ev2/gradle-3.3/lib/gradle-logging-3.3.jar!/org/slf4j/impl/StaticLoggerBinder.class]
SLF4J: Found binding in [jar:file:/root/.gradle/caches/modules-2/files-2.1/org.slf4j/slf4j-log4j12/1.6.6/5cd9b4fbc3ff6a97beaade3206137d76f65df805/slf4j-log4j12-1.6.6.jar!/org/slf4j/impl/StaticLoggerBinder.class]
SLF4J: See http://www.slf4j.org/codes.html#multiple_bindings for an explanation.
SLF4J: Actual binding is of type [org.slf4j.impl.Log4jLoggerFactory]
log4j:WARN Continuable parsing error 14 and column 72
log4j:WARN Attribute "xmlns:log4j" with value "http://jakPrearta.apache.org/log4j/" must have a value of "http://jakarta.apache.org/log4j/".
log4j:WARN Continuable parsing error 114 and column 23
log4j:WARN The content of element type "log4j:configuration" must match "(renderer*,throwableRenderer?,appender*,plugin*,(category|logger)*,root?,(categoryFactory|loggerFactory)?)".
log4j:WARN No such property [maxFileSize] in org.apache.log4j.DailyRollingFileAppender.
log4j:WARN No such property [maxBackupIndex] in org.apache.log4j.DailyRollingFileAppender.
log4j:WARN No such property [maxFileSize] in org.apache.log4j.DailyRollingFileAppender.
log4j:WARN No such property [maxBackupIndex] in org.apache.log4j.DailyRollingFileAppender.
log4j:WARN No such property [maxFileSize] in org.apache.log4j.DailyRollingFileAppender.
log4j:WARN No such property [maxBackupIndex] in org.apache.log4j.DailyRollingFileAppender.

:modules:openlmis-web:lesswatch
>> Local Npm module "grunt-cli" not found. Is it installed?
>> Local Npm module "grunt-legacy-log" not found. Is it installed?
>> Local Npm module "grunt-legacy-log-utils" not found. Is it installed?

Running "watch" task
Waiting...
(node:1189100) [DEP0022] DeprecationWarning: os.tmpDir() is deprecated. Use os.tmpdir() instead.
/j_spring_security_check
org.mybatis.spring.MyBatisSystemException: nested exception is org.apache.ibatis.exceptions.PersistenceException: 
### Error querying database.  Cause: org.springframework.jdbc.CannotGetJdbcConnectionException: Could not get JDBC Connection; nested exception is java.sql.SQLException: Connections could not be acquired from the underlying database!
### The error may exist in org/openlmis/core/repository/mapper/UserMapper.java (best guess)
### The error may involve org.openlmis.core.repository.mapper.UserMapper.selectUserByUserNameAndPassword
### The error occurred while executing a query
### Cause: org.springframework.jdbc.CannotGetJdbcConnectionException: Could not get JDBC Connection; nested exception is java.sql.SQLException: Connections could not be acquired from the underlying database!
	at org.mybatis.spring.MyBatisExceptionTranslator.translateExceptionIfPossible(MyBatisExceptionTranslator.java:79)
	at org.mybatis.spring.SqlSessionTemplate$SqlSessionInterceptor.invoke(SqlSessionTemplate.java:447)
	at com.sun.proxy.$Proxy126.selectOne(Unknown Source)
	at org.mybatis.spring.SqlSessionTemplate.selectOne(SqlSessionTemplate.java:167)
	at org.apache.ibatis.binding.MapperMethod.execute(MapperMethod.java:82)
	at org.apache.ibatis.binding.MapperProxy.invoke(MapperProxy.java:59)
	at com.sun.proxy.$Proxy147.selectUserByUserNameAndPassword(Unknown Source)
	at sun.reflect.NativeMethodAccessorImpl.invoke0(Native Method)
	at sun.reflect.NativeMethodAccessorImpl.invoke(NativeMethodAccessorImpl.java:62)
	at sun.reflect.DelegatingMethodAccessorImpl.invoke(DelegatingMethodAccessorImpl.java:43)
	at java.lang.reflect.Method.invoke(Method.java:498)
	at org.springframework.aop.support.AopUtils.invokeJoinpointUsingReflection(AopUtils.java:317)
	at org.springframework.aop.framework.ReflectiveMethodInvocation.invokeJoinpoint(ReflectiveMethodInvocation.java:190)
	at org.springframework.aop.framework.ReflectiveMethodInvocation.proceed(ReflectiveMethodInvocation.java:157)
	at org.springframework.aop.aspectj.AspectJAfterThrowingAdvice.invoke(AspectJAfterThrowingAdvice.java:58)
	at org.springframework.aop.framework.ReflectiveMethodInvocation.proceed(ReflectiveMethodInvocation.java:179)
	at org.springframework.aop.interceptor.ExposeInvocationInterceptor.invoke(ExposeInvocationInterceptor.java:92)
	at org.springframework.aop.framework.ReflectiveMethodInvocation.proceed(ReflectiveMethodInvocation.java:179)
	at org.springframework.aop.framework.JdkDynamicAopProxy.invoke(JdkDynamicAopProxy.java:207)
	at com.sun.proxy.$Proxy148.selectUserByUserNameAndPassword(Unknown Source)
	at org.openlmis.core.repository.UserRepository.selectUserByUserNameAndPassword(UserRepository.java:131)
	at org.openlmis.core.repository.UserRepository$$FastClassBySpringCGLIB$$ef958b79.invoke(<generated>)
	at org.springframework.cglib.proxy.MethodProxy.invoke(MethodProxy.java:204)
	at org.springframework.aop.framework.CglibAopProxy$CglibMethodInvocation.invokeJoinpoint(CglibAopProxy.java:717)
	at org.springframework.aop.framework.ReflectiveMethodInvocation.proceed(ReflectiveMethodInvocation.java:157)
	at org.springframework.aop.aspectj.AspectJAfterThrowingAdvice.invoke(AspectJAfterThrowingAdvice.java:58)
	at org.springframework.aop.framework.ReflectiveMethodInvocation.proceed(ReflectiveMethodInvocation.java:179)
	at org.springframework.aop.interceptor.ExposeInvocationInterceptor.invoke(ExposeInvocationInterceptor.java:92)
	at org.springframework.aop.framework.ReflectiveMethodInvocation.proceed(ReflectiveMethodInvocation.java:179)
	at org.springframework.aop.framework.CglibAopProxy$DynamicAdvisedInterceptor.intercept(CglibAopProxy.java:653)
	at org.openlmis.core.repository.UserRepository$$EnhancerBySpringCGLIB$$794cc2e3.selectUserByUserNameAndPassword(<generated>)
	at org.openlmis.core.service.UserService.selectUserByUserNameAndPassword(UserService.java:140)
	at org.openlmis.core.service.UserService$$FastClassBySpringCGLIB$$d0e79551.invoke(<generated>)
	at org.springframework.cglib.proxy.MethodProxy.invoke(MethodProxy.java:204)
	at org.springframework.aop.framework.CglibAopProxy$CglibMethodInvocation.invokeJoinpoint(CglibAopProxy.java:717)
	at org.springframework.aop.framework.ReflectiveMethodInvocation.proceed(ReflectiveMethodInvocation.java:157)
	at org.springframework.aop.aspectj.AspectJAfterThrowingAdvice.invoke(AspectJAfterThrowingAdvice.java:58)
	at org.springframework.aop.framework.ReflectiveMethodInvocation.proceed(ReflectiveMethodInvocation.java:179)
	at org.springframework.aop.interceptor.ExposeInvocationInterceptor.invoke(ExposeInvocationInterceptor.java:92)
	at org.springframework.aop.framework.ReflectiveMethodInvocation.proceed(ReflectiveMethodInvocation.java:179)
	at org.springframework.aop.framework.CglibAopProxy$DynamicAdvisedInterceptor.intercept(CglibAopProxy.java:653)
	at org.openlmis.core.service.UserService$$EnhancerBySpringCGLIB$$64593fa.selectUserByUserNameAndPassword(<generated>)
	at org.openlmis.authentication.service.UserAuthenticationService.authenticateUser(UserAuthenticationService.java:39)
	at org.openlmis.authentication.service.UserAuthenticationService$$FastClassBySpringCGLIB$$a8a67892.invoke(<generated>)
	at org.springframework.cglib.proxy.MethodProxy.invoke(MethodProxy.java:204)
	at org.springframework.aop.framework.CglibAopProxy$CglibMethodInvocation.invokeJoinpoint(CglibAopProxy.java:717)
	at org.springframework.aop.framework.ReflectiveMethodInvocation.proceed(ReflectiveMethodInvocation.java:157)
	at org.springframework.aop.aspectj.AspectJAfterThrowingAdvice.invoke(AspectJAfterThrowingAdvice.java:58)
	at org.springframework.aop.framework.ReflectiveMethodInvocation.proceed(ReflectiveMethodInvocation.java:179)
	at org.springframework.aop.interceptor.ExposeInvocationInterceptor.invoke(ExposeInvocationInterceptor.java:92)
	at org.springframework.aop.framework.ReflectiveMethodInvocation.proceed(ReflectiveMethodInvocation.java:179)
	at org.springframework.aop.framework.CglibAopProxy$DynamicAdvisedInterceptor.intercept(CglibAopProxy.java:653)
	at org.openlmis.authentication.service.UserAuthenticationService$$EnhancerBySpringCGLIB$$89fbcddc.authenticateUser(<generated>)
	at org.openlmis.authentication.web.UserAuthenticationProvider.authenticate(UserAuthenticationProvider.java:46)
	at sun.reflect.NativeMethodAccessorImpl.invoke0(Native Method)
	at sun.reflect.NativeMethodAccessorImpl.invoke(NativeMethodAccessorImpl.java:62)
	at sun.reflect.DelegatingMethodAccessorImpl.invoke(DelegatingMethodAccessorImpl.java:43)
	at java.lang.reflect.Method.invoke(Method.java:498)
	at org.springframework.aop.support.AopUtils.invokeJoinpointUsingReflection(AopUtils.java:317)
	at org.springframework.aop.framework.ReflectiveMethodInvocation.invokeJoinpoint(ReflectiveMethodInvocation.java:190)
	at org.springframework.aop.framework.ReflectiveMethodInvocation.proceed(ReflectiveMethodInvocation.java:157)
	at org.springframework.aop.aspectj.AspectJAfterThrowingAdvice.invoke(AspectJAfterThrowingAdvice.java:58)
	at org.springframework.aop.framework.ReflectiveMethodInvocation.proceed(ReflectiveMethodInvocation.java:179)
	at org.springframework.aop.interceptor.ExposeInvocationInterceptor.invoke(ExposeInvocationInterceptor.java:92)
	at org.springframework.aop.framework.ReflectiveMethodInvocation.proceed(ReflectiveMethodInvocation.java:179)
	at org.springframework.aop.framework.JdkDynamicAopProxy.invoke(JdkDynamicAopProxy.java:207)
	at com.sun.proxy.$Proxy513.authenticate(Unknown Source)
	at org.springframework.security.authentication.ProviderManager.authenticate(ProviderManager.java:156)
	at org.springframework.security.authentication.ProviderManager.authenticate(ProviderManager.java:177)
	at org.springframework.security.web.authentication.UsernamePasswordAuthenticationFilter.attemptAuthentication(UsernamePasswordAuthenticationFilter.java:92)
	at org.springframework.security.web.authentication.AbstractAuthenticationProcessingFilter.doFilter(AbstractAuthenticationProcessingFilter.java:211)
	at org.springframework.security.web.FilterChainProxy$VirtualFilterChain.doFilter(FilterChainProxy.java:342)
	at org.springframework.security.web.authentication.logout.LogoutFilter.doFilter(LogoutFilter.java:110)
	at org.springframework.security.web.FilterChainProxy$VirtualFilterChain.doFilter(FilterChainProxy.java:342)
	at org.springframework.security.web.session.ConcurrentSessionFilter.doFilter(ConcurrentSessionFilter.java:125)
	at org.springframework.security.web.FilterChainProxy$VirtualFilterChain.doFilter(FilterChainProxy.java:342)
	at org.springframework.security.web.context.SecurityContextPersistenceFilter.doFilter(SecurityContextPersistenceFilter.java:87)
	at org.springframework.security.web.FilterChainProxy$VirtualFilterChain.doFilter(FilterChainProxy.java:342)
	at org.springframework.security.web.access.channel.ChannelProcessingFilter.doFilter(ChannelProcessingFilter.java:144)
	at org.springframework.security.web.FilterChainProxy$VirtualFilterChain.doFilter(FilterChainProxy.java:342)
	at org.springframework.security.web.FilterChainProxy.doFilterInternal(FilterChainProxy.java:192)
	at org.springframework.security.web.FilterChainProxy.doFilter(FilterChainProxy.java:160)
	at org.springframework.web.filter.DelegatingFilterProxy.invokeDelegate(DelegatingFilterProxy.java:344)
	at org.springframework.web.filter.DelegatingFilterProxy.doFilter(DelegatingFilterProxy.java:261)
	at org.mortbay.jetty.servlet.ServletHandler$CachedChain.doFilter(ServletHandler.java:1212)
	at org.mortbay.jetty.servlet.ServletHandler.handle(ServletHandler.java:399)
	at org.mortbay.jetty.security.SecurityHandler.handle(SecurityHandler.java:216)
	at org.mortbay.jetty.servlet.SessionHandler.handle(SessionHandler.java:182)
	at org.mortbay.jetty.handler.ContextHandler.handle(ContextHandler.java:766)
	at org.mortbay.jetty.webapp.WebAppContext.handle(WebAppContext.java:450)
	at org.mortbay.jetty.handler.ContextHandlerCollection.handle(ContextHandlerCollection.java:230)
	at org.mortbay.jetty.handler.HandlerCollection.handle(HandlerCollection.java:114)
	at org.mortbay.jetty.handler.HandlerWrapper.handle(HandlerWrapper.java:152)
	at org.mortbay.jetty.Server.handle(Server.java:326)
	at org.mortbay.jetty.HttpConnection.handleRequest(HttpConnection.java:542)
	at org.mortbay.jetty.HttpConnection$RequestHandler.content(HttpConnection.java:945)
	at org.mortbay.jetty.HttpParser.parseNext(HttpParser.java:756)
	at org.mortbay.jetty.HttpParser.parseAvailable(HttpParser.java:218)
	at org.mortbay.jetty.HttpConnection.handle(HttpConnection.java:404)
	at org.mortbay.io.nio.SelectChannelEndPoint.run(SelectChannelEndPoint.java:410)
	at org.mortbay.thread.QueuedThreadPool$PoolThread.run(QueuedThreadPool.java:582)
Caused by: org.apache.ibatis.exceptions.PersistenceException: 
### Error querying database.  Cause: org.springframework.jdbc.CannotGetJdbcConnectionException: Could not get JDBC Connection; nested exception is java.sql.SQLException: Connections could not be acquired from the underlying database!
### The error may exist in org/openlmis/core/repository/mapper/UserMapper.java (best guess)
### The error may involve org.openlmis.core.repository.mapper.UserMapper.selectUserByUserNameAndPassword
### The error occurred while executing a query
### Cause: org.springframework.jdbc.CannotGetJdbcConnectionException: Could not get JDBC Connection; nested exception is java.sql.SQLException: Connections could not be acquired from the underlying database!
	at org.apache.ibatis.exceptions.ExceptionFactory.wrapException(ExceptionFactory.java:30)
	at org.apache.ibatis.session.defaults.DefaultSqlSession.selectList(DefaultSqlSession.java:150)
	at org.apache.ibatis.session.defaults.DefaultSqlSession.selectList(DefaultSqlSession.java:141)
	at org.apache.ibatis.session.defaults.DefaultSqlSession.selectOne(DefaultSqlSession.java:77)
	at sun.reflect.NativeMethodAccessorImpl.invoke0(Native Method)
	at sun.reflect.NativeMethodAccessorImpl.invoke(NativeMethodAccessorImpl.java:62)
	at sun.reflect.DelegatingMethodAccessorImpl.invoke(DelegatingMethodAccessorImpl.java:43)
	at java.lang.reflect.Method.invoke(Method.java:498)
	at org.mybatis.spring.SqlSessionTemplate$SqlSessionInterceptor.invoke(SqlSessionTemplate.java:434)
	... 99 more
Caused by: org.springframework.jdbc.CannotGetJdbcConnectionException: Could not get JDBC Connection; nested exception is java.sql.SQLException: Connections could not be acquired from the underlying database!
	at org.springframework.jdbc.datasource.DataSourceUtils.getConnection(DataSourceUtils.java:80)
	at org.mybatis.spring.transaction.SpringManagedTransaction.openConnection(SpringManagedTransaction.java:84)
	at org.mybatis.spring.transaction.SpringManagedTransaction.getConnection(SpringManagedTransaction.java:70)
	at org.apache.ibatis.executor.BaseExecutor.getConnection(BaseExecutor.java:336)
	at org.apache.ibatis.executor.SimpleExecutor.prepareStatement(SimpleExecutor.java:84)
	at org.apache.ibatis.executor.SimpleExecutor.doQuery(SimpleExecutor.java:62)
	at org.apache.ibatis.executor.BaseExecutor.queryFromDatabase(BaseExecutor.java:324)
	at org.apache.ibatis.executor.BaseExecutor.query(BaseExecutor.java:156)
	at org.apache.ibatis.executor.CachingExecutor.query(CachingExecutor.java:109)
	at org.apache.ibatis.executor.CachingExecutor.query(CachingExecutor.java:83)
	at org.apache.ibatis.session.defaults.DefaultSqlSession.selectList(DefaultSqlSession.java:148)
	... 106 more
Caused by: java.sql.SQLException: Connections could not be acquired from the underlying database!
	at com.mchange.v2.sql.SqlUtils.toSQLException(SqlUtils.java:118)
	at com.mchange.v2.c3p0.impl.C3P0PooledConnectionPool.checkoutPooledConnection(C3P0PooledConnectionPool.java:689)
	at com.mchange.v2.c3p0.impl.AbstractPoolBackedDataSource.getConnection(AbstractPoolBackedDataSource.java:140)
	at org.springframework.jdbc.datasource.DataSourceUtils.doGetConnection(DataSourceUtils.java:111)
	at org.springframework.jdbc.datasource.DataSourceUtils.getConnection(DataSourceUtils.java:77)
	... 116 more
Caused by: com.mchange.v2.resourcepool.CannotAcquireResourceException: A ResourcePool could not acquire a resource from its primary factory or source.
	at com.mchange.v2.resourcepool.BasicResourcePool.awaitAvailable(BasicResourcePool.java:1418)
	at com.mchange.v2.resourcepool.BasicResourcePool.prelimCheckoutResource(BasicResourcePool.java:606)
	at com.mchange.v2.resourcepool.BasicResourcePool.checkoutResource(BasicResourcePool.java:526)
	at com.mchange.v2.c3p0.impl.C3P0PooledConnectionPool.checkoutAndMarkConnectionInUse(C3P0PooledConnectionPool.java:755)
	at com.mchange.v2.c3p0.impl.C3P0PooledConnectionPool.checkoutPooledConnection(C3P0PooledConnectionPool.java:682)
	... 119 more
Nested in org.mybatis.spring.MyBatisSystemException: nested exception is org.apache.ibatis.exceptions.PersistenceException: 
### Error querying database.  Cause: org.springframework.jdbc.CannotGetJdbcConnectionException: Could not get JDBC Connection; nested exception is java.sql.SQLException: Connections could not be acquired from the underlying database!
### The error may exist in org/openlmis/core/repository/mapper/UserMapper.java (best guess)
### The error may involve org.openlmis.core.repository.mapper.UserMapper.selectUserByUserNameAndPassword
### The error occurred while executing a query
### Cause: org.springframework.jdbc.CannotGetJdbcConnectionException: Could not get JDBC Connection; nested exception is java.sql.SQLException: Connections could not be acquired from the underlying database!:
com.mchange.v2.resourcepool.CannotAcquireResourceException: A ResourcePool could not acquire a resource from its primary factory or source.
	at com.mchange.v2.resourcepool.BasicResourcePool.awaitAvailable(BasicResourcePool.java:1418)
	at com.mchange.v2.resourcepool.BasicResourcePool.prelimCheckoutResource(BasicResourcePool.java:606)
	at com.mchange.v2.resourcepool.BasicResourcePool.checkoutResource(BasicResourcePool.java:526)
	at com.mchange.v2.c3p0.impl.C3P0PooledConnectionPool.checkoutAndMarkConnectionInUse(C3P0PooledConnectionPool.java:755)
	at com.mchange.v2.c3p0.impl.C3P0PooledConnectionPool.checkoutPooledConnection(C3P0PooledConnectionPool.java:682)
	at com.mchange.v2.c3p0.impl.AbstractPoolBackedDataSource.getConnection(AbstractPoolBackedDataSource.java:140)
	at org.springframework.jdbc.datasource.DataSourceUtils.doGetConnection(DataSourceUtils.java:111)
	at org.springframework.jdbc.datasource.DataSourceUtils.getConnection(DataSourceUtils.java:77)
	at org.mybatis.spring.transaction.SpringManagedTransaction.openConnection(SpringManagedTransaction.java:84)
	at org.mybatis.spring.transaction.SpringManagedTransaction.getConnection(SpringManagedTransaction.java:70)
	at org.apache.ibatis.executor.BaseExecutor.getConnection(BaseExecutor.java:336)
	at org.apache.ibatis.executor.SimpleExecutor.prepareStatement(SimpleExecutor.java:84)
	at org.apache.ibatis.executor.SimpleExecutor.doQuery(SimpleExecutor.java:62)
	at org.apache.ibatis.executor.BaseExecutor.queryFromDatabase(BaseExecutor.java:324)
	at org.apache.ibatis.executor.BaseExecutor.query(BaseExecutor.java:156)
	at org.apache.ibatis.executor.CachingExecutor.query(CachingExecutor.java:109)
	at org.apache.ibatis.executor.CachingExecutor.query(CachingExecutor.java:83)
	at org.apache.ibatis.session.defaults.DefaultSqlSession.selectList(DefaultSqlSession.java:148)
	at org.apache.ibatis.session.defaults.DefaultSqlSession.selectList(DefaultSqlSession.java:141)
	at org.apache.ibatis.session.defaults.DefaultSqlSession.selectOne(DefaultSqlSession.java:77)
	at sun.reflect.NativeMethodAccessorImpl.invoke0(Native Method)
	at sun.reflect.NativeMethodAccessorImpl.invoke(NativeMethodAccessorImpl.java:62)
	at sun.reflect.DelegatingMethodAccessorImpl.invoke(DelegatingMethodAccessorImpl.java:43)
	at java.lang.reflect.Method.invoke(Method.java:498)
	at org.mybatis.spring.SqlSessionTemplate$SqlSessionInterceptor.invoke(SqlSessionTemplate.java:434)
	at com.sun.proxy.$Proxy126.selectOne(Unknown Source)
	at org.mybatis.spring.SqlSessionTemplate.selectOne(SqlSessionTemplate.java:167)
	at org.apache.ibatis.binding.MapperMethod.execute(MapperMethod.java:82)
	at org.apache.ibatis.binding.MapperProxy.invoke(MapperProxy.java:59)
	at com.sun.proxy.$Proxy147.selectUserByUserNameAndPassword(Unknown Source)
	at sun.reflect.NativeMethodAccessorImpl.invoke0(Native Method)
	at sun.reflect.NativeMethodAccessorImpl.invoke(NativeMethodAccessorImpl.java:62)
	at sun.reflect.DelegatingMethodAccessorImpl.invoke(DelegatingMethodAccessorImpl.java:43)
	at java.lang.reflect.Method.invoke(Method.java:498)
	at org.springframework.aop.support.AopUtils.invokeJoinpointUsingReflection(AopUtils.java:317)
	at org.springframework.aop.framework.ReflectiveMethodInvocation.invokeJoinpoint(ReflectiveMethodInvocation.java:190)
	at org.springframework.aop.framework.ReflectiveMethodInvocation.proceed(ReflectiveMethodInvocation.java:157)
	at org.springframework.aop.aspectj.AspectJAfterThrowingAdvice.invoke(AspectJAfterThrowingAdvice.java:58)
	at org.springframework.aop.framework.ReflectiveMethodInvocation.proceed(ReflectiveMethodInvocation.java:179)
	at org.springframework.aop.interceptor.ExposeInvocationInterceptor.invoke(ExposeInvocationInterceptor.java:92)
	at org.springframework.aop.framework.ReflectiveMethodInvocation.proceed(ReflectiveMethodInvocation.java:179)
	at org.springframework.aop.framework.JdkDynamicAopProxy.invoke(JdkDynamicAopProxy.java:207)
	at com.sun.proxy.$Proxy148.selectUserByUserNameAndPassword(Unknown Source)
	at org.openlmis.core.repository.UserRepository.selectUserByUserNameAndPassword(UserRepository.java:131)
	at org.openlmis.core.repository.UserRepository$$FastClassBySpringCGLIB$$ef958b79.invoke(<generated>)
	at org.springframework.cglib.proxy.MethodProxy.invoke(MethodProxy.java:204)
	at org.springframework.aop.framework.CglibAopProxy$CglibMethodInvocation.invokeJoinpoint(CglibAopProxy.java:717)
	at org.springframework.aop.framework.ReflectiveMethodInvocation.proceed(ReflectiveMethodInvocation.java:157)
	at org.springframework.aop.aspectj.AspectJAfterThrowingAdvice.invoke(AspectJAfterThrowingAdvice.java:58)
	at org.springframework.aop.framework.ReflectiveMethodInvocation.proceed(ReflectiveMethodInvocation.java:179)
	at org.springframework.aop.interceptor.ExposeInvocationInterceptor.invoke(ExposeInvocationInterceptor.java:92)
	at org.springframework.aop.framework.ReflectiveMethodInvocation.proceed(ReflectiveMethodInvocation.java:179)
	at org.springframework.aop.framework.CglibAopProxy$DynamicAdvisedInterceptor.intercept(CglibAopProxy.java:653)
	at org.openlmis.core.repository.UserRepository$$EnhancerBySpringCGLIB$$794cc2e3.selectUserByUserNameAndPassword(<generated>)
	at org.openlmis.core.service.UserService.selectUserByUserNameAndPassword(UserService.java:140)
	at org.openlmis.core.service.UserService$$FastClassBySpringCGLIB$$d0e79551.invoke(<generated>)
	at org.springframework.cglib.proxy.MethodProxy.invoke(MethodProxy.java:204)
	at org.springframework.aop.framework.CglibAopProxy$CglibMethodInvocation.invokeJoinpoint(CglibAopProxy.java:717)
	at org.springframework.aop.framework.ReflectiveMethodInvocation.proceed(ReflectiveMethodInvocation.java:157)
	at org.springframework.aop.aspectj.AspectJAfterThrowingAdvice.invoke(AspectJAfterThrowingAdvice.java:58)
	at org.springframework.aop.framework.ReflectiveMethodInvocation.proceed(ReflectiveMethodInvocation.java:179)
	at org.springframework.aop.interceptor.ExposeInvocationInterceptor.invoke(ExposeInvocationInterceptor.java:92)
	at org.springframework.aop.framework.ReflectiveMethodInvocation.proceed(ReflectiveMethodInvocation.java:179)
	at org.springframework.aop.framework.CglibAopProxy$DynamicAdvisedInterceptor.intercept(CglibAopProxy.java:653)
	at org.openlmis.core.service.UserService$$EnhancerBySpringCGLIB$$64593fa.selectUserByUserNameAndPassword(<generated>)
	at org.openlmis.authentication.service.UserAuthenticationService.authenticateUser(UserAuthenticationService.java:39)
	at org.openlmis.authentication.service.UserAuthenticationService$$FastClassBySpringCGLIB$$a8a67892.invoke(<generated>)
	at org.springframework.cglib.proxy.MethodProxy.invoke(MethodProxy.java:204)
	at org.springframework.aop.framework.CglibAopProxy$CglibMethodInvocation.invokeJoinpoint(CglibAopProxy.java:717)
	at org.springframework.aop.framework.ReflectiveMethodInvocation.proceed(ReflectiveMethodInvocation.java:157)
	at org.springframework.aop.aspectj.AspectJAfterThrowingAdvice.invoke(AspectJAfterThrowingAdvice.java:58)
	at org.springframework.aop.framework.ReflectiveMethodInvocation.proceed(ReflectiveMethodInvocation.java:179)
	at org.springframework.aop.interceptor.ExposeInvocationInterceptor.invoke(ExposeInvocationInterceptor.java:92)
	at org.springframework.aop.framework.ReflectiveMethodInvocation.proceed(ReflectiveMethodInvocation.java:179)
	at org.springframework.aop.framework.CglibAopProxy$DynamicAdvisedInterceptor.intercept(CglibAopProxy.java:653)
	at org.openlmis.authentication.service.UserAuthenticationService$$EnhancerBySpringCGLIB$$89fbcddc.authenticateUser(<generated>)
	at org.openlmis.authentication.web.UserAuthenticationProvider.authenticate(UserAuthenticationProvider.java:46)
	at sun.reflect.NativeMethodAccessorImpl.invoke0(Native Method)
	at sun.reflect.NativeMethodAccessorImpl.invoke(NativeMethodAccessorImpl.java:62)
	at sun.reflect.DelegatingMethodAccessorImpl.invoke(DelegatingMethodAccessorImpl.java:43)
	at java.lang.reflect.Method.invoke(Method.java:498)
	at org.springframework.aop.support.AopUtils.invokeJoinpointUsingReflection(AopUtils.java:317)
	at org.springframework.aop.framework.ReflectiveMethodInvocation.invokeJoinpoint(ReflectiveMethodInvocation.java:190)
	at org.springframework.aop.framework.ReflectiveMethodInvocation.proceed(ReflectiveMethodInvocation.java:157)
	at org.springframework.aop.aspectj.AspectJAfterThrowingAdvice.invoke(AspectJAfterThrowingAdvice.java:58)
	at org.springframework.aop.framework.ReflectiveMethodInvocation.proceed(ReflectiveMethodInvocation.java:179)
	at org.springframework.aop.interceptor.ExposeInvocationInterceptor.invoke(ExposeInvocationInterceptor.java:92)
	at org.springframework.aop.framework.ReflectiveMethodInvocation.proceed(ReflectiveMethodInvocation.java:179)
	at org.springframework.aop.framework.JdkDynamicAopProxy.invoke(JdkDynamicAopProxy.java:207)
	at com.sun.proxy.$Proxy513.authenticate(Unknown Source)
	at org.springframework.security.authentication.ProviderManager.authenticate(ProviderManager.java:156)
	at org.springframework.security.authentication.ProviderManager.authenticate(ProviderManager.java:177)
	at org.springframework.security.web.authentication.UsernamePasswordAuthenticationFilter.attemptAuthentication(UsernamePasswordAuthenticationFilter.java:92)
	at org.springframework.security.web.authentication.AbstractAuthenticationProcessingFilter.doFilter(AbstractAuthenticationProcessingFilter.java:211)
	at org.springframework.security.web.FilterChainProxy$VirtualFilterChain.doFilter(FilterChainProxy.java:342)
	at org.springframework.security.web.authentication.logout.LogoutFilter.doFilter(LogoutFilter.java:110)
	at org.springframework.security.web.FilterChainProxy$VirtualFilterChain.doFilter(FilterChainProxy.java:342)
	at org.springframework.security.web.session.ConcurrentSessionFilter.doFilter(ConcurrentSessionFilter.java:125)
	at org.springframework.security.web.FilterChainProxy$VirtualFilterChain.doFilter(FilterChainProxy.java:342)
	at org.springframework.security.web.context.SecurityContextPersistenceFilter.doFilter(SecurityContextPersistenceFilter.java:87)
	at org.springframework.security.web.FilterChainProxy$VirtualFilterChain.doFilter(FilterChainProxy.java:342)
	at org.springframework.security.web.access.channel.ChannelProcessingFilter.doFilter(ChannelProcessingFilter.java:144)
	at org.springframework.security.web.FilterChainProxy$VirtualFilterChain.doFilter(FilterChainProxy.java:342)
	at org.springframework.security.web.FilterChainProxy.doFilterInternal(FilterChainProxy.java:192)
	at org.springframework.security.web.FilterChainProxy.doFilter(FilterChainProxy.java:160)
	at org.springframework.web.filter.DelegatingFilterProxy.invokeDelegate(DelegatingFilterProxy.java:344)
	at org.springframework.web.filter.DelegatingFilterProxy.doFilter(DelegatingFilterProxy.java:261)
	at org.mortbay.jetty.servlet.ServletHandler$CachedChain.doFilter(ServletHandler.java:1212)
	at org.mortbay.jetty.servlet.ServletHandler.handle(ServletHandler.java:399)
	at org.mortbay.jetty.security.SecurityHandler.handle(SecurityHandler.java:216)
	at org.mortbay.jetty.servlet.SessionHandler.handle(SessionHandler.java:182)
	at org.mortbay.jetty.handler.ContextHandler.handle(ContextHandler.java:766)
	at org.mortbay.jetty.webapp.WebAppContext.handle(WebAppContext.java:450)
	at org.mortbay.jetty.handler.ContextHandlerCollection.handle(ContextHandlerCollection.java:230)
	at org.mortbay.jetty.handler.HandlerCollection.handle(HandlerCollection.java:114)
	at org.mortbay.jetty.handler.HandlerWrapper.handle(HandlerWrapper.java:152)
	at org.mortbay.jetty.Server.handle(Server.java:326)
	at org.mortbay.jetty.HttpConnection.handleRequest(HttpConnection.java:542)
	at org.mortbay.jetty.HttpConnection$RequestHandler.content(HttpConnection.java:945)
	at org.mortbay.jetty.HttpParser.parseNext(HttpParser.java:756)
	at org.mortbay.jetty.HttpParser.parseAvailable(HttpParser.java:218)
	at org.mortbay.jetty.HttpConnection.handle(HttpConnection.java:404)
	at org.mortbay.io.nio.SelectChannelEndPoint.run(SelectChannelEndPoint.java:410)
	at org.mortbay.thread.QueuedThreadPool$PoolThread.run(QueuedThreadPool.java:582)
/j_spring_security_check
org.mybatis.spring.MyBatisSystemException: nested exception is org.apache.ibatis.exceptions.PersistenceException: 
### Error querying database.  Cause: org.springframework.jdbc.CannotGetJdbcConnectionException: Could not get JDBC Connection; nested exception is java.sql.SQLException: Connections could not be acquired from the underlying database!
### The error may exist in org/openlmis/core/repository/mapper/UserMapper.java (best guess)
### The error may involve org.openlmis.core.repository.mapper.UserMapper.selectUserByUserNameAndPassword
### The error occurred while executing a query
### Cause: org.springframework.jdbc.CannotGetJdbcConnectionException: Could not get JDBC Connection; nested exception is java.sql.SQLException: Connections could not be acquired from the underlying database!
	at org.mybatis.spring.MyBatisExceptionTranslator.translateExceptionIfPossible(MyBatisExceptionTranslator.java:79)
	at org.mybatis.spring.SqlSessionTemplate$SqlSessionInterceptor.invoke(SqlSessionTemplate.java:447)
	at com.sun.proxy.$Proxy126.selectOne(Unknown Source)
	at org.mybatis.spring.SqlSessionTemplate.selectOne(SqlSessionTemplate.java:167)
	at org.apache.ibatis.binding.MapperMethod.execute(MapperMethod.java:82)
	at org.apache.ibatis.binding.MapperProxy.invoke(MapperProxy.java:59)
	at com.sun.proxy.$Proxy147.selectUserByUserNameAndPassword(Unknown Source)
	at sun.reflect.NativeMethodAccessorImpl.invoke0(Native Method)
	at sun.reflect.NativeMethodAccessorImpl.invoke(NativeMethodAccessorImpl.java:62)
	at sun.reflect.DelegatingMethodAccessorImpl.invoke(DelegatingMethodAccessorImpl.java:43)
	at java.lang.reflect.Method.invoke(Method.java:498)
	at org.springframework.aop.support.AopUtils.invokeJoinpointUsingReflection(AopUtils.java:317)
	at org.springframework.aop.framework.ReflectiveMethodInvocation.invokeJoinpoint(ReflectiveMethodInvocation.java:190)
	at org.springframework.aop.framework.ReflectiveMethodInvocation.proceed(ReflectiveMethodInvocation.java:157)
	at org.springframework.aop.aspectj.AspectJAfterThrowingAdvice.invoke(AspectJAfterThrowingAdvice.java:58)
	at org.springframework.aop.framework.ReflectiveMethodInvocation.proceed(ReflectiveMethodInvocation.java:179)
	at org.springframework.aop.interceptor.ExposeInvocationInterceptor.invoke(ExposeInvocationInterceptor.java:92)
	at org.springframework.aop.framework.ReflectiveMethodInvocation.proceed(ReflectiveMethodInvocation.java:179)
	at org.springframework.aop.framework.JdkDynamicAopProxy.invoke(JdkDynamicAopProxy.java:207)
	at com.sun.proxy.$Proxy148.selectUserByUserNameAndPassword(Unknown Source)
	at org.openlmis.core.repository.UserRepository.selectUserByUserNameAndPassword(UserRepository.java:131)
	at org.openlmis.core.repository.UserRepository$$FastClassBySpringCGLIB$$ef958b79.invoke(<generated>)
	at org.springframework.cglib.proxy.MethodProxy.invoke(MethodProxy.java:204)
	at org.springframework.aop.framework.CglibAopProxy$CglibMethodInvocation.invokeJoinpoint(CglibAopProxy.java:717)
	at org.springframework.aop.framework.ReflectiveMethodInvocation.proceed(ReflectiveMethodInvocation.java:157)
	at org.springframework.aop.aspectj.AspectJAfterThrowingAdvice.invoke(AspectJAfterThrowingAdvice.java:58)
	at org.springframework.aop.framework.ReflectiveMethodInvocation.proceed(ReflectiveMethodInvocation.java:179)
	at org.springframework.aop.interceptor.ExposeInvocationInterceptor.invoke(ExposeInvocationInterceptor.java:92)
	at org.springframework.aop.framework.ReflectiveMethodInvocation.proceed(ReflectiveMethodInvocation.java:179)
	at org.springframework.aop.framework.CglibAopProxy$DynamicAdvisedInterceptor.intercept(CglibAopProxy.java:653)
	at org.openlmis.core.repository.UserRepository$$EnhancerBySpringCGLIB$$794cc2e3.selectUserByUserNameAndPassword(<generated>)
	at org.openlmis.core.service.UserService.selectUserByUserNameAndPassword(UserService.java:140)
	at org.openlmis.core.service.UserService$$FastClassBySpringCGLIB$$d0e79551.invoke(<generated>)
	at org.springframework.cglib.proxy.MethodProxy.invoke(MethodProxy.java:204)
	at org.springframework.aop.framework.CglibAopProxy$CglibMethodInvocation.invokeJoinpoint(CglibAopProxy.java:717)
	at org.springframework.aop.framework.ReflectiveMethodInvocation.proceed(ReflectiveMethodInvocation.java:157)
	at org.springframework.aop.aspectj.AspectJAfterThrowingAdvice.invoke(AspectJAfterThrowingAdvice.java:58)
	at org.springframework.aop.framework.ReflectiveMethodInvocation.proceed(ReflectiveMethodInvocation.java:179)
	at org.springframework.aop.interceptor.ExposeInvocationInterceptor.invoke(ExposeInvocationInterceptor.java:92)
	at org.springframework.aop.framework.ReflectiveMethodInvocation.proceed(ReflectiveMethodInvocation.java:179)
	at org.springframework.aop.framework.CglibAopProxy$DynamicAdvisedInterceptor.intercept(CglibAopProxy.java:653)
	at org.openlmis.core.service.UserService$$EnhancerBySpringCGLIB$$64593fa.selectUserByUserNameAndPassword(<generated>)
	at org.openlmis.authentication.service.UserAuthenticationService.authenticateUser(UserAuthenticationService.java:39)
	at org.openlmis.authentication.service.UserAuthenticationService$$FastClassBySpringCGLIB$$a8a67892.invoke(<generated>)
	at org.springframework.cglib.proxy.MethodProxy.invoke(MethodProxy.java:204)
	at org.springframework.aop.framework.CglibAopProxy$CglibMethodInvocation.invokeJoinpoint(CglibAopProxy.java:717)
	at org.springframework.aop.framework.ReflectiveMethodInvocation.proceed(ReflectiveMethodInvocation.java:157)
	at org.springframework.aop.aspectj.AspectJAfterThrowingAdvice.invoke(AspectJAfterThrowingAdvice.java:58)
	at org.springframework.aop.framework.ReflectiveMethodInvocation.proceed(ReflectiveMethodInvocation.java:179)
	at org.springframework.aop.interceptor.ExposeInvocationInterceptor.invoke(ExposeInvocationInterceptor.java:92)
	at org.springframework.aop.framework.ReflectiveMethodInvocation.proceed(ReflectiveMethodInvocation.java:179)
	at org.springframework.aop.framework.CglibAopProxy$DynamicAdvisedInterceptor.intercept(CglibAopProxy.java:653)
	at org.openlmis.authentication.service.UserAuthenticationService$$EnhancerBySpringCGLIB$$89fbcddc.authenticateUser(<generated>)
	at org.openlmis.authentication.web.UserAuthenticationProvider.authenticate(UserAuthenticationProvider.java:46)
	at sun.reflect.NativeMethodAccessorImpl.invoke0(Native Method)
	at sun.reflect.NativeMethodAccessorImpl.invoke(NativeMethodAccessorImpl.java:62)
	at sun.reflect.DelegatingMethodAccessorImpl.invoke(DelegatingMethodAccessorImpl.java:43)
	at java.lang.reflect.Method.invoke(Method.java:498)
	at org.springframework.aop.support.AopUtils.invokeJoinpointUsingReflection(AopUtils.java:317)
	at org.springframework.aop.framework.ReflectiveMethodInvocation.invokeJoinpoint(ReflectiveMethodInvocation.java:190)
	at org.springframework.aop.framework.ReflectiveMethodInvocation.proceed(ReflectiveMethodInvocation.java:157)
	at org.springframework.aop.aspectj.AspectJAfterThrowingAdvice.invoke(AspectJAfterThrowingAdvice.java:58)
	at org.springframework.aop.framework.ReflectiveMethodInvocation.proceed(ReflectiveMethodInvocation.java:179)
	at org.springframework.aop.interceptor.ExposeInvocationInterceptor.invoke(ExposeInvocationInterceptor.java:92)
	at org.springframework.aop.framework.ReflectiveMethodInvocation.proceed(ReflectiveMethodInvocation.java:179)
	at org.springframework.aop.framework.JdkDynamicAopProxy.invoke(JdkDynamicAopProxy.java:207)
	at com.sun.proxy.$Proxy513.authenticate(Unknown Source)
	at org.springframework.security.authentication.ProviderManager.authenticate(ProviderManager.java:156)
	at org.springframework.security.authentication.ProviderManager.authenticate(ProviderManager.java:177)
	at org.springframework.security.web.authentication.UsernamePasswordAuthenticationFilter.attemptAuthentication(UsernamePasswordAuthenticationFilter.java:92)
	at org.springframework.security.web.authentication.AbstractAuthenticationProcessingFilter.doFilter(AbstractAuthenticationProcessingFilter.java:211)
	at org.springframework.security.web.FilterChainProxy$VirtualFilterChain.doFilter(FilterChainProxy.java:342)
	at org.springframework.security.web.authentication.logout.LogoutFilter.doFilter(LogoutFilter.java:110)
	at org.springframework.security.web.FilterChainProxy$VirtualFilterChain.doFilter(FilterChainProxy.java:342)
	at org.springframework.security.web.session.ConcurrentSessionFilter.doFilter(ConcurrentSessionFilter.java:125)
	at org.springframework.security.web.FilterChainProxy$VirtualFilterChain.doFilter(FilterChainProxy.java:342)
	at org.springframework.security.web.context.SecurityContextPersistenceFilter.doFilter(SecurityContextPersistenceFilter.java:87)
	at org.springframework.security.web.FilterChainProxy$VirtualFilterChain.doFilter(FilterChainProxy.java:342)
	at org.springframework.security.web.access.channel.ChannelProcessingFilter.doFilter(ChannelProcessingFilter.java:144)
	at org.springframework.security.web.FilterChainProxy$VirtualFilterChain.doFilter(FilterChainProxy.java:342)
	at org.springframework.security.web.FilterChainProxy.doFilterInternal(FilterChainProxy.java:192)
	at org.springframework.security.web.FilterChainProxy.doFilter(FilterChainProxy.java:160)
	at org.springframework.web.filter.DelegatingFilterProxy.invokeDelegate(DelegatingFilterProxy.java:344)
	at org.springframework.web.filter.DelegatingFilterProxy.doFilter(DelegatingFilterProxy.java:261)
	at org.mortbay.jetty.servlet.ServletHandler$CachedChain.doFilter(ServletHandler.java:1212)
	at org.mortbay.jetty.servlet.ServletHandler.handle(ServletHandler.java:399)
	at org.mortbay.jetty.security.SecurityHandler.handle(SecurityHandler.java:216)
	at org.mortbay.jetty.servlet.SessionHandler.handle(SessionHandler.java:182)
	at org.mortbay.jetty.handler.ContextHandler.handle(ContextHandler.java:766)
	at org.mortbay.jetty.webapp.WebAppContext.handle(WebAppContext.java:450)
	at org.mortbay.jetty.handler.ContextHandlerCollection.handle(ContextHandlerCollection.java:230)
	at org.mortbay.jetty.handler.HandlerCollection.handle(HandlerCollection.java:114)
	at org.mortbay.jetty.handler.HandlerWrapper.handle(HandlerWrapper.java:152)
	at org.mortbay.jetty.Server.handle(Server.java:326)
	at org.mortbay.jetty.HttpConnection.handleRequest(HttpConnection.java:542)
	at org.mortbay.jetty.HttpConnection$RequestHandler.content(HttpConnection.java:945)
	at org.mortbay.jetty.HttpParser.parseNext(HttpParser.java:756)
	at org.mortbay.jetty.HttpParser.parseAvailable(HttpParser.java:218)
	at org.mortbay.jetty.HttpConnection.handle(HttpConnection.java:404)
	at org.mortbay.io.nio.SelectChannelEndPoint.run(SelectChannelEndPoint.java:410)
	at org.mortbay.thread.QueuedThreadPool$PoolThread.run(QueuedThreadPool.java:582)
Caused by: org.apache.ibatis.exceptions.PersistenceException: 
### Error querying database.  Cause: org.springframework.jdbc.CannotGetJdbcConnectionException: Could not get JDBC Connection; nested exception is java.sql.SQLException: Connections could not be acquired from the underlying database!
### The error may exist in org/openlmis/core/repository/mapper/UserMapper.java (best guess)
### The error may involve org.openlmis.core.repository.mapper.UserMapper.selectUserByUserNameAndPassword
### The error occurred while executing a query
### Cause: org.springframework.jdbc.CannotGetJdbcConnectionException: Could not get JDBC Connection; nested exception is java.sql.SQLException: Connections could not be acquired from the underlying database!
	at org.apache.ibatis.exceptions.ExceptionFactory.wrapException(ExceptionFactory.java:30)
	at org.apache.ibatis.session.defaults.DefaultSqlSession.selectList(DefaultSqlSession.java:150)
	at org.apache.ibatis.session.defaults.DefaultSqlSession.selectList(DefaultSqlSession.java:141)
	at org.apache.ibatis.session.defaults.DefaultSqlSession.selectOne(DefaultSqlSession.java:77)
	at sun.reflect.NativeMethodAccessorImpl.invoke0(Native Method)
	at sun.reflect.NativeMethodAccessorImpl.invoke(NativeMethodAccessorImpl.java:62)
	at sun.reflect.DelegatingMethodAccessorImpl.invoke(DelegatingMethodAccessorImpl.java:43)
	at java.lang.reflect.Method.invoke(Method.java:498)
	at org.mybatis.spring.SqlSessionTemplate$SqlSessionInterceptor.invoke(SqlSessionTemplate.java:434)
	... 99 more
Caused by: org.springframework.jdbc.CannotGetJdbcConnectionException: Could not get JDBC Connection; nested exception is java.sql.SQLException: Connections could not be acquired from the underlying database!
	at org.springframework.jdbc.datasource.DataSourceUtils.getConnection(DataSourceUtils.java:80)
	at org.mybatis.spring.transaction.SpringManagedTransaction.openConnection(SpringManagedTransaction.java:84)
	at org.mybatis.spring.transaction.SpringManagedTransaction.getConnection(SpringManagedTransaction.java:70)
	at org.apache.ibatis.executor.BaseExecutor.getConnection(BaseExecutor.java:336)
	at org.apache.ibatis.executor.SimpleExecutor.prepareStatement(SimpleExecutor.java:84)
	at org.apache.ibatis.executor.SimpleExecutor.doQuery(SimpleExecutor.java:62)
	at org.apache.ibatis.executor.BaseExecutor.queryFromDatabase(BaseExecutor.java:324)
	at org.apache.ibatis.executor.BaseExecutor.query(BaseExecutor.java:156)
	at org.apache.ibatis.executor.CachingExecutor.query(CachingExecutor.java:109)
	at org.apache.ibatis.executor.CachingExecutor.query(CachingExecutor.java:83)
	at org.apache.ibatis.session.defaults.DefaultSqlSession.selectList(DefaultSqlSession.java:148)
	... 106 more
Caused by: java.sql.SQLException: Connections could not be acquired from the underlying database!
	at com.mchange.v2.sql.SqlUtils.toSQLException(SqlUtils.java:118)
	at com.mchange.v2.c3p0.impl.C3P0PooledConnectionPool.checkoutPooledConnection(C3P0PooledConnectionPool.java:689)
	at com.mchange.v2.c3p0.impl.AbstractPoolBackedDataSource.getConnection(AbstractPoolBackedDataSource.java:140)
	at org.springframework.jdbc.datasource.DataSourceUtils.doGetConnection(DataSourceUtils.java:111)
	at org.springframework.jdbc.datasource.DataSourceUtils.getConnection(DataSourceUtils.java:77)
	... 116 more
Caused by: com.mchange.v2.resourcepool.CannotAcquireResourceException: A ResourcePool could not acquire a resource from its primary factory or source.
	at com.mchange.v2.resourcepool.BasicResourcePool.awaitAvailable(BasicResourcePool.java:1418)
	at com.mchange.v2.resourcepool.BasicResourcePool.prelimCheckoutResource(BasicResourcePool.java:606)
	at com.mchange.v2.resourcepool.BasicResourcePool.checkoutResource(BasicResourcePool.java:526)
	at com.mchange.v2.c3p0.impl.C3P0PooledConnectionPool.checkoutAndMarkConnectionInUse(C3P0PooledConnectionPool.java:755)
	at com.mchange.v2.c3p0.impl.C3P0PooledConnectionPool.checkoutPooledConnection(C3P0PooledConnectionPool.java:682)
	... 119 more
Nested in org.mybatis.spring.MyBatisSystemException: nested exception is org.apache.ibatis.exceptions.PersistenceException: 
### Error querying database.  Cause: org.springframework.jdbc.CannotGetJdbcConnectionException: Could not get JDBC Connection; nested exception is java.sql.SQLException: Connections could not be acquired from the underlying database!
### The error may exist in org/openlmis/core/repository/mapper/UserMapper.java (best guess)
### The error may involve org.openlmis.core.repository.mapper.UserMapper.selectUserByUserNameAndPassword
### The error occurred while executing a query
### Cause: org.springframework.jdbc.CannotGetJdbcConnectionException: Could not get JDBC Connection; nested exception is java.sql.SQLException: Connections could not be acquired from the underlying database!:
com.mchange.v2.resourcepool.CannotAcquireResourceException: A ResourcePool could not acquire a resource from its primary factory or source.
	at com.mchange.v2.resourcepool.BasicResourcePool.awaitAvailable(BasicResourcePool.java:1418)
	at com.mchange.v2.resourcepool.BasicResourcePool.prelimCheckoutResource(BasicResourcePool.java:606)
	at com.mchange.v2.resourcepool.BasicResourcePool.checkoutResource(BasicResourcePool.java:526)
	at com.mchange.v2.c3p0.impl.C3P0PooledConnectionPool.checkoutAndMarkConnectionInUse(C3P0PooledConnectionPool.java:755)
	at com.mchange.v2.c3p0.impl.C3P0PooledConnectionPool.checkoutPooledConnection(C3P0PooledConnectionPool.java:682)
	at com.mchange.v2.c3p0.impl.AbstractPoolBackedDataSource.getConnection(AbstractPoolBackedDataSource.java:140)
	at org.springframework.jdbc.datasource.DataSourceUtils.doGetConnection(DataSourceUtils.java:111)
	at org.springframework.jdbc.datasource.DataSourceUtils.getConnection(DataSourceUtils.java:77)
	at org.mybatis.spring.transaction.SpringManagedTransaction.openConnection(SpringManagedTransaction.java:84)
	at org.mybatis.spring.transaction.SpringManagedTransaction.getConnection(SpringManagedTransaction.java:70)
	at org.apache.ibatis.executor.BaseExecutor.getConnection(BaseExecutor.java:336)
	at org.apache.ibatis.executor.SimpleExecutor.prepareStatement(SimpleExecutor.java:84)
	at org.apache.ibatis.executor.SimpleExecutor.doQuery(SimpleExecutor.java:62)
	at org.apache.ibatis.executor.BaseExecutor.queryFromDatabase(BaseExecutor.java:324)
	at org.apache.ibatis.executor.BaseExecutor.query(BaseExecutor.java:156)
	at org.apache.ibatis.executor.CachingExecutor.query(CachingExecutor.java:109)
	at org.apache.ibatis.executor.CachingExecutor.query(CachingExecutor.java:83)
	at org.apache.ibatis.session.defaults.DefaultSqlSession.selectList(DefaultSqlSession.java:148)
	at org.apache.ibatis.session.defaults.DefaultSqlSession.selectList(DefaultSqlSession.java:141)
	at org.apache.ibatis.session.defaults.DefaultSqlSession.selectOne(DefaultSqlSession.java:77)
	at sun.reflect.NativeMethodAccessorImpl.invoke0(Native Method)
	at sun.reflect.NativeMethodAccessorImpl.invoke(NativeMethodAccessorImpl.java:62)
	at sun.reflect.DelegatingMethodAccessorImpl.invoke(DelegatingMethodAccessorImpl.java:43)
	at java.lang.reflect.Method.invoke(Method.java:498)
	at org.mybatis.spring.SqlSessionTemplate$SqlSessionInterceptor.invoke(SqlSessionTemplate.java:434)
	at com.sun.proxy.$Proxy126.selectOne(Unknown Source)
	at org.mybatis.spring.SqlSessionTemplate.selectOne(SqlSessionTemplate.java:167)
	at org.apache.ibatis.binding.MapperMethod.execute(MapperMethod.java:82)
	at org.apache.ibatis.binding.MapperProxy.invoke(MapperProxy.java:59)
	at com.sun.proxy.$Proxy147.selectUserByUserNameAndPassword(Unknown Source)
	at sun.reflect.NativeMethodAccessorImpl.invoke0(Native Method)
	at sun.reflect.NativeMethodAccessorImpl.invoke(NativeMethodAccessorImpl.java:62)
	at sun.reflect.DelegatingMethodAccessorImpl.invoke(DelegatingMethodAccessorImpl.java:43)
	at java.lang.reflect.Method.invoke(Method.java:498)
	at org.springframework.aop.support.AopUtils.invokeJoinpointUsingReflection(AopUtils.java:317)
	at org.springframework.aop.framework.ReflectiveMethodInvocation.invokeJoinpoint(ReflectiveMethodInvocation.java:190)
	at org.springframework.aop.framework.ReflectiveMethodInvocation.proceed(ReflectiveMethodInvocation.java:157)
	at org.springframework.aop.aspectj.AspectJAfterThrowingAdvice.invoke(AspectJAfterThrowingAdvice.java:58)
	at org.springframework.aop.framework.ReflectiveMethodInvocation.proceed(ReflectiveMethodInvocation.java:179)
	at org.springframework.aop.interceptor.ExposeInvocationInterceptor.invoke(ExposeInvocationInterceptor.java:92)
	at org.springframework.aop.framework.ReflectiveMethodInvocation.proceed(ReflectiveMethodInvocation.java:179)
	at org.springframework.aop.framework.JdkDynamicAopProxy.invoke(JdkDynamicAopProxy.java:207)
	at com.sun.proxy.$Proxy148.selectUserByUserNameAndPassword(Unknown Source)
	at org.openlmis.core.repository.UserRepository.selectUserByUserNameAndPassword(UserRepository.java:131)
	at org.openlmis.core.repository.UserRepository$$FastClassBySpringCGLIB$$ef958b79.invoke(<generated>)
	at org.springframework.cglib.proxy.MethodProxy.invoke(MethodProxy.java:204)
	at org.springframework.aop.framework.CglibAopProxy$CglibMethodInvocation.invokeJoinpoint(CglibAopProxy.java:717)
	at org.springframework.aop.framework.ReflectiveMethodInvocation.proceed(ReflectiveMethodInvocation.java:157)
	at org.springframework.aop.aspectj.AspectJAfterThrowingAdvice.invoke(AspectJAfterThrowingAdvice.java:58)
	at org.springframework.aop.framework.ReflectiveMethodInvocation.proceed(ReflectiveMethodInvocation.java:179)
	at org.springframework.aop.interceptor.ExposeInvocationInterceptor.invoke(ExposeInvocationInterceptor.java:92)
	at org.springframework.aop.framework.ReflectiveMethodInvocation.proceed(ReflectiveMethodInvocation.java:179)
	at org.springframework.aop.framework.CglibAopProxy$DynamicAdvisedInterceptor.intercept(CglibAopProxy.java:653)
	at org.openlmis.core.repository.UserRepository$$EnhancerBySpringCGLIB$$794cc2e3.selectUserByUserNameAndPassword(<generated>)
	at org.openlmis.core.service.UserService.selectUserByUserNameAndPassword(UserService.java:140)
	at org.openlmis.core.service.UserService$$FastClassBySpringCGLIB$$d0e79551.invoke(<generated>)
	at org.springframework.cglib.proxy.MethodProxy.invoke(MethodProxy.java:204)
	at org.springframework.aop.framework.CglibAopProxy$CglibMethodInvocation.invokeJoinpoint(CglibAopProxy.java:717)
	at org.springframework.aop.framework.ReflectiveMethodInvocation.proceed(ReflectiveMethodInvocation.java:157)
	at org.springframework.aop.aspectj.AspectJAfterThrowingAdvice.invoke(AspectJAfterThrowingAdvice.java:58)
	at org.springframework.aop.framework.ReflectiveMethodInvocation.proceed(ReflectiveMethodInvocation.java:179)
	at org.springframework.aop.interceptor.ExposeInvocationInterceptor.invoke(ExposeInvocationInterceptor.java:92)
	at org.springframework.aop.framework.ReflectiveMethodInvocation.proceed(ReflectiveMethodInvocation.java:179)
	at org.springframework.aop.framework.CglibAopProxy$DynamicAdvisedInterceptor.intercept(CglibAopProxy.java:653)
	at org.openlmis.core.service.UserService$$EnhancerBySpringCGLIB$$64593fa.selectUserByUserNameAndPassword(<generated>)
	at org.openlmis.authentication.service.UserAuthenticationService.authenticateUser(UserAuthenticationService.java:39)
	at org.openlmis.authentication.service.UserAuthenticationService$$FastClassBySpringCGLIB$$a8a67892.invoke(<generated>)
	at org.springframework.cglib.proxy.MethodProxy.invoke(MethodProxy.java:204)
	at org.springframework.aop.framework.CglibAopProxy$CglibMethodInvocation.invokeJoinpoint(CglibAopProxy.java:717)
	at org.springframework.aop.framework.ReflectiveMethodInvocation.proceed(ReflectiveMethodInvocation.java:157)
	at org.springframework.aop.aspectj.AspectJAfterThrowingAdvice.invoke(AspectJAfterThrowingAdvice.java:58)
	at org.springframework.aop.framework.ReflectiveMethodInvocation.proceed(ReflectiveMethodInvocation.java:179)
	at org.springframework.aop.interceptor.ExposeInvocationInterceptor.invoke(ExposeInvocationInterceptor.java:92)
	at org.springframework.aop.framework.ReflectiveMethodInvocation.proceed(ReflectiveMethodInvocation.java:179)
	at org.springframework.aop.framework.CglibAopProxy$DynamicAdvisedInterceptor.intercept(CglibAopProxy.java:653)
	at org.openlmis.authentication.service.UserAuthenticationService$$EnhancerBySpringCGLIB$$89fbcddc.authenticateUser(<generated>)
	at org.openlmis.authentication.web.UserAuthenticationProvider.authenticate(UserAuthenticationProvider.java:46)
	at sun.reflect.NativeMethodAccessorImpl.invoke0(Native Method)
	at sun.reflect.NativeMethodAccessorImpl.invoke(NativeMethodAccessorImpl.java:62)
	at sun.reflect.DelegatingMethodAccessorImpl.invoke(DelegatingMethodAccessorImpl.java:43)
	at java.lang.reflect.Method.invoke(Method.java:498)
	at org.springframework.aop.support.AopUtils.invokeJoinpointUsingReflection(AopUtils.java:317)
	at org.springframework.aop.framework.ReflectiveMethodInvocation.invokeJoinpoint(ReflectiveMethodInvocation.java:190)
	at org.springframework.aop.framework.ReflectiveMethodInvocation.proceed(ReflectiveMethodInvocation.java:157)
	at org.springframework.aop.aspectj.AspectJAfterThrowingAdvice.invoke(AspectJAfterThrowingAdvice.java:58)
	at org.springframework.aop.framework.ReflectiveMethodInvocation.proceed(ReflectiveMethodInvocation.java:179)
	at org.springframework.aop.interceptor.ExposeInvocationInterceptor.invoke(ExposeInvocationInterceptor.java:92)
	at org.springframework.aop.framework.ReflectiveMethodInvocation.proceed(ReflectiveMethodInvocation.java:179)
	at org.springframework.aop.framework.JdkDynamicAopProxy.invoke(JdkDynamicAopProxy.java:207)
	at com.sun.proxy.$Proxy513.authenticate(Unknown Source)
	at org.springframework.security.authentication.ProviderManager.authenticate(ProviderManager.java:156)
	at org.springframework.security.authentication.ProviderManager.authenticate(ProviderManager.java:177)
	at org.springframework.security.web.authentication.UsernamePasswordAuthenticationFilter.attemptAuthentication(UsernamePasswordAuthenticationFilter.java:92)
	at org.springframework.security.web.authentication.AbstractAuthenticationProcessingFilter.doFilter(AbstractAuthenticationProcessingFilter.java:211)
	at org.springframework.security.web.FilterChainProxy$VirtualFilterChain.doFilter(FilterChainProxy.java:342)
	at org.springframework.security.web.authentication.logout.LogoutFilter.doFilter(LogoutFilter.java:110)
	at org.springframework.security.web.FilterChainProxy$VirtualFilterChain.doFilter(FilterChainProxy.java:342)
	at org.springframework.security.web.session.ConcurrentSessionFilter.doFilter(ConcurrentSessionFilter.java:125)
	at org.springframework.security.web.FilterChainProxy$VirtualFilterChain.doFilter(FilterChainProxy.java:342)
	at org.springframework.security.web.context.SecurityContextPersistenceFilter.doFilter(SecurityContextPersistenceFilter.java:87)
	at org.springframework.security.web.FilterChainProxy$VirtualFilterChain.doFilter(FilterChainProxy.java:342)
	at org.springframework.security.web.access.channel.ChannelProcessingFilter.doFilter(ChannelProcessingFilter.java:144)
	at org.springframework.security.web.FilterChainProxy$VirtualFilterChain.doFilter(FilterChainProxy.java:342)
	at org.springframework.security.web.FilterChainProxy.doFilterInternal(FilterChainProxy.java:192)
	at org.springframework.security.web.FilterChainProxy.doFilter(FilterChainProxy.java:160)
	at org.springframework.web.filter.DelegatingFilterProxy.invokeDelegate(DelegatingFilterProxy.java:344)
	at org.springframework.web.filter.DelegatingFilterProxy.doFilter(DelegatingFilterProxy.java:261)
	at org.mortbay.jetty.servlet.ServletHandler$CachedChain.doFilter(ServletHandler.java:1212)
	at org.mortbay.jetty.servlet.ServletHandler.handle(ServletHandler.java:399)
	at org.mortbay.jetty.security.SecurityHandler.handle(SecurityHandler.java:216)
	at org.mortbay.jetty.servlet.SessionHandler.handle(SessionHandler.java:182)
	at org.mortbay.jetty.handler.ContextHandler.handle(ContextHandler.java:766)
	at org.mortbay.jetty.webapp.WebAppContext.handle(WebAppContext.java:450)
	at org.mortbay.jetty.handler.ContextHandlerCollection.handle(ContextHandlerCollection.java:230)
	at org.mortbay.jetty.handler.HandlerCollection.handle(HandlerCollection.java:114)
	at org.mortbay.jetty.handler.HandlerWrapper.handle(HandlerWrapper.java:152)
	at org.mortbay.jetty.Server.handle(Server.java:326)
	at org.mortbay.jetty.HttpConnection.handleRequest(HttpConnection.java:542)
	at org.mortbay.jetty.HttpConnection$RequestHandler.content(HttpConnection.java:945)
	at org.mortbay.jetty.HttpParser.parseNext(HttpParser.java:756)
	at org.mortbay.jetty.HttpParser.parseAvailable(HttpParser.java:218)
	at org.mortbay.jetty.HttpConnection.handle(HttpConnection.java:404)
	at org.mortbay.io.nio.SelectChannelEndPoint.run(SelectChannelEndPoint.java:410)
	at org.mortbay.thread.QueuedThreadPool$PoolThread.run(QueuedThreadPool.java:582)
/j_spring_security_check
org.mybatis.spring.MyBatisSystemException: nested exception is org.apache.ibatis.exceptions.PersistenceException: 
### Error querying database.  Cause: org.springframework.jdbc.CannotGetJdbcConnectionException: Could not get JDBC Connection; nested exception is java.sql.SQLException: Connections could not be acquired from the underlying database!
### The error may exist in org/openlmis/core/repository/mapper/UserMapper.java (best guess)
### The error may involve org.openlmis.core.repository.mapper.UserMapper.selectUserByUserNameAndPassword
### The error occurred while executing a query
### Cause: org.springframework.jdbc.CannotGetJdbcConnectionException: Could not get JDBC Connection; nested exception is java.sql.SQLException: Connections could not be acquired from the underlying database!
	at org.mybatis.spring.MyBatisExceptionTranslator.translateExceptionIfPossible(MyBatisExceptionTranslator.java:79)
	at org.mybatis.spring.SqlSessionTemplate$SqlSessionInterceptor.invoke(SqlSessionTemplate.java:447)
	at com.sun.proxy.$Proxy126.selectOne(Unknown Source)
	at org.mybatis.spring.SqlSessionTemplate.selectOne(SqlSessionTemplate.java:167)
	at org.apache.ibatis.binding.MapperMethod.execute(MapperMethod.java:82)
	at org.apache.ibatis.binding.MapperProxy.invoke(MapperProxy.java:59)
	at com.sun.proxy.$Proxy147.selectUserByUserNameAndPassword(Unknown Source)
	at sun.reflect.NativeMethodAccessorImpl.invoke0(Native Method)
	at sun.reflect.NativeMethodAccessorImpl.invoke(NativeMethodAccessorImpl.java:62)
	at sun.reflect.DelegatingMethodAccessorImpl.invoke(DelegatingMethodAccessorImpl.java:43)
	at java.lang.reflect.Method.invoke(Method.java:498)
	at org.springframework.aop.support.AopUtils.invokeJoinpointUsingReflection(AopUtils.java:317)
	at org.springframework.aop.framework.ReflectiveMethodInvocation.invokeJoinpoint(ReflectiveMethodInvocation.java:190)
	at org.springframework.aop.framework.ReflectiveMethodInvocation.proceed(ReflectiveMethodInvocation.java:157)
	at org.springframework.aop.aspectj.AspectJAfterThrowingAdvice.invoke(AspectJAfterThrowingAdvice.java:58)
	at org.springframework.aop.framework.ReflectiveMethodInvocation.proceed(ReflectiveMethodInvocation.java:179)
	at org.springframework.aop.interceptor.ExposeInvocationInterceptor.invoke(ExposeInvocationInterceptor.java:92)
	at org.springframework.aop.framework.ReflectiveMethodInvocation.proceed(ReflectiveMethodInvocation.java:179)
	at org.springframework.aop.framework.JdkDynamicAopProxy.invoke(JdkDynamicAopProxy.java:207)
	at com.sun.proxy.$Proxy148.selectUserByUserNameAndPassword(Unknown Source)
	at org.openlmis.core.repository.UserRepository.selectUserByUserNameAndPassword(UserRepository.java:131)
	at org.openlmis.core.repository.UserRepository$$FastClassBySpringCGLIB$$ef958b79.invoke(<generated>)
	at org.springframework.cglib.proxy.MethodProxy.invoke(MethodProxy.java:204)
	at org.springframework.aop.framework.CglibAopProxy$CglibMethodInvocation.invokeJoinpoint(CglibAopProxy.java:717)
	at org.springframework.aop.framework.ReflectiveMethodInvocation.proceed(ReflectiveMethodInvocation.java:157)
	at org.springframework.aop.aspectj.AspectJAfterThrowingAdvice.invoke(AspectJAfterThrowingAdvice.java:58)
	at org.springframework.aop.framework.ReflectiveMethodInvocation.proceed(ReflectiveMethodInvocation.java:179)
	at org.springframework.aop.interceptor.ExposeInvocationInterceptor.invoke(ExposeInvocationInterceptor.java:92)
	at org.springframework.aop.framework.ReflectiveMethodInvocation.proceed(ReflectiveMethodInvocation.java:179)
	at org.springframework.aop.framework.CglibAopProxy$DynamicAdvisedInterceptor.intercept(CglibAopProxy.java:653)
	at org.openlmis.core.repository.UserRepository$$EnhancerBySpringCGLIB$$794cc2e3.selectUserByUserNameAndPassword(<generated>)
	at org.openlmis.core.service.UserService.selectUserByUserNameAndPassword(UserService.java:140)
	at org.openlmis.core.service.UserService$$FastClassBySpringCGLIB$$d0e79551.invoke(<generated>)
	at org.springframework.cglib.proxy.MethodProxy.invoke(MethodProxy.java:204)
	at org.springframework.aop.framework.CglibAopProxy$CglibMethodInvocation.invokeJoinpoint(CglibAopProxy.java:717)
	at org.springframework.aop.framework.ReflectiveMethodInvocation.proceed(ReflectiveMethodInvocation.java:157)
	at org.springframework.aop.aspectj.AspectJAfterThrowingAdvice.invoke(AspectJAfterThrowingAdvice.java:58)
	at org.springframework.aop.framework.ReflectiveMethodInvocation.proceed(ReflectiveMethodInvocation.java:179)
	at org.springframework.aop.interceptor.ExposeInvocationInterceptor.invoke(ExposeInvocationInterceptor.java:92)
	at org.springframework.aop.framework.ReflectiveMethodInvocation.proceed(ReflectiveMethodInvocation.java:179)
	at org.springframework.aop.framework.CglibAopProxy$DynamicAdvisedInterceptor.intercept(CglibAopProxy.java:653)
	at org.openlmis.core.service.UserService$$EnhancerBySpringCGLIB$$64593fa.selectUserByUserNameAndPassword(<generated>)
	at org.openlmis.authentication.service.UserAuthenticationService.authenticateUser(UserAuthenticationService.java:39)
	at org.openlmis.authentication.service.UserAuthenticationService$$FastClassBySpringCGLIB$$a8a67892.invoke(<generated>)
	at org.springframework.cglib.proxy.MethodProxy.invoke(MethodProxy.java:204)
	at org.springframework.aop.framework.CglibAopProxy$CglibMethodInvocation.invokeJoinpoint(CglibAopProxy.java:717)
	at org.springframework.aop.framework.ReflectiveMethodInvocation.proceed(ReflectiveMethodInvocation.java:157)
	at org.springframework.aop.aspectj.AspectJAfterThrowingAdvice.invoke(AspectJAfterThrowingAdvice.java:58)
	at org.springframework.aop.framework.ReflectiveMethodInvocation.proceed(ReflectiveMethodInvocation.java:179)
	at org.springframework.aop.interceptor.ExposeInvocationInterceptor.invoke(ExposeInvocationInterceptor.java:92)
	at org.springframework.aop.framework.ReflectiveMethodInvocation.proceed(ReflectiveMethodInvocation.java:179)
	at org.springframework.aop.framework.CglibAopProxy$DynamicAdvisedInterceptor.intercept(CglibAopProxy.java:653)
	at org.openlmis.authentication.service.UserAuthenticationService$$EnhancerBySpringCGLIB$$89fbcddc.authenticateUser(<generated>)
	at org.openlmis.authentication.web.UserAuthenticationProvider.authenticate(UserAuthenticationProvider.java:46)
	at sun.reflect.NativeMethodAccessorImpl.invoke0(Native Method)
	at sun.reflect.NativeMethodAccessorImpl.invoke(NativeMethodAccessorImpl.java:62)
	at sun.reflect.DelegatingMethodAccessorImpl.invoke(DelegatingMethodAccessorImpl.java:43)
	at java.lang.reflect.Method.invoke(Method.java:498)
	at org.springframework.aop.support.AopUtils.invokeJoinpointUsingReflection(AopUtils.java:317)
	at org.springframework.aop.framework.ReflectiveMethodInvocation.invokeJoinpoint(ReflectiveMethodInvocation.java:190)
	at org.springframework.aop.framework.ReflectiveMethodInvocation.proceed(ReflectiveMethodInvocation.java:157)
	at org.springframework.aop.aspectj.AspectJAfterThrowingAdvice.invoke(AspectJAfterThrowingAdvice.java:58)
	at org.springframework.aop.framework.ReflectiveMethodInvocation.proceed(ReflectiveMethodInvocation.java:179)
	at org.springframework.aop.interceptor.ExposeInvocationInterceptor.invoke(ExposeInvocationInterceptor.java:92)
	at org.springframework.aop.framework.ReflectiveMethodInvocation.proceed(ReflectiveMethodInvocation.java:179)
	at org.springframework.aop.framework.JdkDynamicAopProxy.invoke(JdkDynamicAopProxy.java:207)
	at com.sun.proxy.$Proxy513.authenticate(Unknown Source)
	at org.springframework.security.authentication.ProviderManager.authenticate(ProviderManager.java:156)
	at org.springframework.security.authentication.ProviderManager.authenticate(ProviderManager.java:177)
	at org.springframework.security.web.authentication.UsernamePasswordAuthenticationFilter.attemptAuthentication(UsernamePasswordAuthenticationFilter.java:92)
	at org.springframework.security.web.authentication.AbstractAuthenticationProcessingFilter.doFilter(AbstractAuthenticationProcessingFilter.java:211)
	at org.springframework.security.web.FilterChainProxy$VirtualFilterChain.doFilter(FilterChainProxy.java:342)
	at org.springframework.security.web.authentication.logout.LogoutFilter.doFilter(LogoutFilter.java:110)
	at org.springframework.security.web.FilterChainProxy$VirtualFilterChain.doFilter(FilterChainProxy.java:342)
	at org.springframework.security.web.session.ConcurrentSessionFilter.doFilter(ConcurrentSessionFilter.java:125)
	at org.springframework.security.web.FilterChainProxy$VirtualFilterChain.doFilter(FilterChainProxy.java:342)
	at org.springframework.security.web.context.SecurityContextPersistenceFilter.doFilter(SecurityContextPersistenceFilter.java:87)
	at org.springframework.security.web.FilterChainProxy$VirtualFilterChain.doFilter(FilterChainProxy.java:342)
	at org.springframework.security.web.access.channel.ChannelProcessingFilter.doFilter(ChannelProcessingFilter.java:144)
	at org.springframework.security.web.FilterChainProxy$VirtualFilterChain.doFilter(FilterChainProxy.java:342)
	at org.springframework.security.web.FilterChainProxy.doFilterInternal(FilterChainProxy.java:192)
	at org.springframework.security.web.FilterChainProxy.doFilter(FilterChainProxy.java:160)
	at org.springframework.web.filter.DelegatingFilterProxy.invokeDelegate(DelegatingFilterProxy.java:344)
	at org.springframework.web.filter.DelegatingFilterProxy.doFilter(DelegatingFilterProxy.java:261)
	at org.mortbay.jetty.servlet.ServletHandler$CachedChain.doFilter(ServletHandler.java:1212)
	at org.mortbay.jetty.servlet.ServletHandler.handle(ServletHandler.java:399)
	at org.mortbay.jetty.security.SecurityHandler.handle(SecurityHandler.java:216)
	at org.mortbay.jetty.servlet.SessionHandler.handle(SessionHandler.java:182)
	at org.mortbay.jetty.handler.ContextHandler.handle(ContextHandler.java:766)
	at org.mortbay.jetty.webapp.WebAppContext.handle(WebAppContext.java:450)
	at org.mortbay.jetty.handler.ContextHandlerCollection.handle(ContextHandlerCollection.java:230)
	at org.mortbay.jetty.handler.HandlerCollection.handle(HandlerCollection.java:114)
	at org.mortbay.jetty.handler.HandlerWrapper.handle(HandlerWrapper.java:152)
	at org.mortbay.jetty.Server.handle(Server.java:326)
	at org.mortbay.jetty.HttpConnection.handleRequest(HttpConnection.java:542)
	at org.mortbay.jetty.HttpConnection$RequestHandler.content(HttpConnection.java:945)
	at org.mortbay.jetty.HttpParser.parseNext(HttpParser.java:756)
	at org.mortbay.jetty.HttpParser.parseAvailable(HttpParser.java:218)
	at org.mortbay.jetty.HttpConnection.handle(HttpConnection.java:404)
	at org.mortbay.io.nio.SelectChannelEndPoint.run(SelectChannelEndPoint.java:410)
	at org.mortbay.thread.QueuedThreadPool$PoolThread.run(QueuedThreadPool.java:582)
Caused by: org.apache.ibatis.exceptions.PersistenceException: 
### Error querying database.  Cause: org.springframework.jdbc.CannotGetJdbcConnectionException: Could not get JDBC Connection; nested exception is java.sql.SQLException: Connections could not be acquired from the underlying database!
### The error may exist in org/openlmis/core/repository/mapper/UserMapper.java (best guess)
### The error may involve org.openlmis.core.repository.mapper.UserMapper.selectUserByUserNameAndPassword
### The error occurred while executing a query
### Cause: org.springframework.jdbc.CannotGetJdbcConnectionException: Could not get JDBC Connection; nested exception is java.sql.SQLException: Connections could not be acquired from the underlying database!
	at org.apache.ibatis.exceptions.ExceptionFactory.wrapException(ExceptionFactory.java:30)
	at org.apache.ibatis.session.defaults.DefaultSqlSession.selectList(DefaultSqlSession.java:150)
	at org.apache.ibatis.session.defaults.DefaultSqlSession.selectList(DefaultSqlSession.java:141)
	at org.apache.ibatis.session.defaults.DefaultSqlSession.selectOne(DefaultSqlSession.java:77)
	at sun.reflect.NativeMethodAccessorImpl.invoke0(Native Method)
	at sun.reflect.NativeMethodAccessorImpl.invoke(NativeMethodAccessorImpl.java:62)
	at sun.reflect.DelegatingMethodAccessorImpl.invoke(DelegatingMethodAccessorImpl.java:43)
	at java.lang.reflect.Method.invoke(Method.java:498)
	at org.mybatis.spring.SqlSessionTemplate$SqlSessionInterceptor.invoke(SqlSessionTemplate.java:434)
	... 99 more
Caused by: org.springframework.jdbc.CannotGetJdbcConnectionException: Could not get JDBC Connection; nested exception is java.sql.SQLException: Connections could not be acquired from the underlying database!
	at org.springframework.jdbc.datasource.DataSourceUtils.getConnection(DataSourceUtils.java:80)
	at org.mybatis.spring.transaction.SpringManagedTransaction.openConnection(SpringManagedTransaction.java:84)
	at org.mybatis.spring.transaction.SpringManagedTransaction.getConnection(SpringManagedTransaction.java:70)
	at org.apache.ibatis.executor.BaseExecutor.getConnection(BaseExecutor.java:336)
	at org.apache.ibatis.executor.SimpleExecutor.prepareStatement(SimpleExecutor.java:84)
	at org.apache.ibatis.executor.SimpleExecutor.doQuery(SimpleExecutor.java:62)
	at org.apache.ibatis.executor.BaseExecutor.queryFromDatabase(BaseExecutor.java:324)
	at org.apache.ibatis.executor.BaseExecutor.query(BaseExecutor.java:156)
	at org.apache.ibatis.executor.CachingExecutor.query(CachingExecutor.java:109)
	at org.apache.ibatis.executor.CachingExecutor.query(CachingExecutor.java:83)
	at org.apache.ibatis.session.defaults.DefaultSqlSession.selectList(DefaultSqlSession.java:148)
	... 106 more
Caused by: java.sql.SQLException: Connections could not be acquired from the underlying database!
	at com.mchange.v2.sql.SqlUtils.toSQLException(SqlUtils.java:118)
	at com.mchange.v2.c3p0.impl.C3P0PooledConnectionPool.checkoutPooledConnection(C3P0PooledConnectionPool.java:689)
	at com.mchange.v2.c3p0.impl.AbstractPoolBackedDataSource.getConnection(AbstractPoolBackedDataSource.java:140)
	at org.springframework.jdbc.datasource.DataSourceUtils.doGetConnection(DataSourceUtils.java:111)
	at org.springframework.jdbc.datasource.DataSourceUtils.getConnection(DataSourceUtils.java:77)
	... 116 more
Caused by: com.mchange.v2.resourcepool.CannotAcquireResourceException: A ResourcePool could not acquire a resource from its primary factory or source.
	at com.mchange.v2.resourcepool.BasicResourcePool.awaitAvailable(BasicResourcePool.java:1418)
	at com.mchange.v2.resourcepool.BasicResourcePool.prelimCheckoutResource(BasicResourcePool.java:606)
	at com.mchange.v2.resourcepool.BasicResourcePool.checkoutResource(BasicResourcePool.java:526)
	at com.mchange.v2.c3p0.impl.C3P0PooledConnectionPool.checkoutAndMarkConnectionInUse(C3P0PooledConnectionPool.java:755)
	at com.mchange.v2.c3p0.impl.C3P0PooledConnectionPool.checkoutPooledConnection(C3P0PooledConnectionPool.java:682)
	... 119 more
Nested in org.mybatis.spring.MyBatisSystemException: nested exception is org.apache.ibatis.exceptions.PersistenceException: 
### Error querying database.  Cause: org.springframework.jdbc.CannotGetJdbcConnectionException: Could not get JDBC Connection; nested exception is java.sql.SQLException: Connections could not be acquired from the underlying database!
### The error may exist in org/openlmis/core/repository/mapper/UserMapper.java (best guess)
### The error may involve org.openlmis.core.repository.mapper.UserMapper.selectUserByUserNameAndPassword
### The error occurred while executing a query
### Cause: org.springframework.jdbc.CannotGetJdbcConnectionException: Could not get JDBC Connection; nested exception is java.sql.SQLException: Connections could not be acquired from the underlying database!:
com.mchange.v2.resourcepool.CannotAcquireResourceException: A ResourcePool could not acquire a resource from its primary factory or source.
	at com.mchange.v2.resourcepool.BasicResourcePool.awaitAvailable(BasicResourcePool.java:1418)
	at com.mchange.v2.resourcepool.BasicResourcePool.prelimCheckoutResource(BasicResourcePool.java:606)
	at com.mchange.v2.resourcepool.BasicResourcePool.checkoutResource(BasicResourcePool.java:526)
	at com.mchange.v2.c3p0.impl.C3P0PooledConnectionPool.checkoutAndMarkConnectionInUse(C3P0PooledConnectionPool.java:755)
	at com.mchange.v2.c3p0.impl.C3P0PooledConnectionPool.checkoutPooledConnection(C3P0PooledConnectionPool.java:682)
	at com.mchange.v2.c3p0.impl.AbstractPoolBackedDataSource.getConnection(AbstractPoolBackedDataSource.java:140)
	at org.springframework.jdbc.datasource.DataSourceUtils.doGetConnection(DataSourceUtils.java:111)
	at org.springframework.jdbc.datasource.DataSourceUtils.getConnection(DataSourceUtils.java:77)
	at org.mybatis.spring.transaction.SpringManagedTransaction.openConnection(SpringManagedTransaction.java:84)
	at org.mybatis.spring.transaction.SpringManagedTransaction.getConnection(SpringManagedTransaction.java:70)
	at org.apache.ibatis.executor.BaseExecutor.getConnection(BaseExecutor.java:336)
	at org.apache.ibatis.executor.SimpleExecutor.prepareStatement(SimpleExecutor.java:84)
	at org.apache.ibatis.executor.SimpleExecutor.doQuery(SimpleExecutor.java:62)
	at org.apache.ibatis.executor.BaseExecutor.queryFromDatabase(BaseExecutor.java:324)
	at org.apache.ibatis.executor.BaseExecutor.query(BaseExecutor.java:156)
	at org.apache.ibatis.executor.CachingExecutor.query(CachingExecutor.java:109)
	at org.apache.ibatis.executor.CachingExecutor.query(CachingExecutor.java:83)
	at org.apache.ibatis.session.defaults.DefaultSqlSession.selectList(DefaultSqlSession.java:148)
	at org.apache.ibatis.session.defaults.DefaultSqlSession.selectList(DefaultSqlSession.java:141)
	at org.apache.ibatis.session.defaults.DefaultSqlSession.selectOne(DefaultSqlSession.java:77)
	at sun.reflect.NativeMethodAccessorImpl.invoke0(Native Method)
	at sun.reflect.NativeMethodAccessorImpl.invoke(NativeMethodAccessorImpl.java:62)
	at sun.reflect.DelegatingMethodAccessorImpl.invoke(DelegatingMethodAccessorImpl.java:43)
	at java.lang.reflect.Method.invoke(Method.java:498)
	at org.mybatis.spring.SqlSessionTemplate$SqlSessionInterceptor.invoke(SqlSessionTemplate.java:434)
	at com.sun.proxy.$Proxy126.selectOne(Unknown Source)
	at org.mybatis.spring.SqlSessionTemplate.selectOne(SqlSessionTemplate.java:167)
	at org.apache.ibatis.binding.MapperMethod.execute(MapperMethod.java:82)
	at org.apache.ibatis.binding.MapperProxy.invoke(MapperProxy.java:59)
	at com.sun.proxy.$Proxy147.selectUserByUserNameAndPassword(Unknown Source)
	at sun.reflect.NativeMethodAccessorImpl.invoke0(Native Method)
	at sun.reflect.NativeMethodAccessorImpl.invoke(NativeMethodAccessorImpl.java:62)
	at sun.reflect.DelegatingMethodAccessorImpl.invoke(DelegatingMethodAccessorImpl.java:43)
	at java.lang.reflect.Method.invoke(Method.java:498)
	at org.springframework.aop.support.AopUtils.invokeJoinpointUsingReflection(AopUtils.java:317)
	at org.springframework.aop.framework.ReflectiveMethodInvocation.invokeJoinpoint(ReflectiveMethodInvocation.java:190)
	at org.springframework.aop.framework.ReflectiveMethodInvocation.proceed(ReflectiveMethodInvocation.java:157)
	at org.springframework.aop.aspectj.AspectJAfterThrowingAdvice.invoke(AspectJAfterThrowingAdvice.java:58)
	at org.springframework.aop.framework.ReflectiveMethodInvocation.proceed(ReflectiveMethodInvocation.java:179)
	at org.springframework.aop.interceptor.ExposeInvocationInterceptor.invoke(ExposeInvocationInterceptor.java:92)
	at org.springframework.aop.framework.ReflectiveMethodInvocation.proceed(ReflectiveMethodInvocation.java:179)
	at org.springframework.aop.framework.JdkDynamicAopProxy.invoke(JdkDynamicAopProxy.java:207)
	at com.sun.proxy.$Proxy148.selectUserByUserNameAndPassword(Unknown Source)
	at org.openlmis.core.repository.UserRepository.selectUserByUserNameAndPassword(UserRepository.java:131)
	at org.openlmis.core.repository.UserRepository$$FastClassBySpringCGLIB$$ef958b79.invoke(<generated>)
	at org.springframework.cglib.proxy.MethodProxy.invoke(MethodProxy.java:204)
	at org.springframework.aop.framework.CglibAopProxy$CglibMethodInvocation.invokeJoinpoint(CglibAopProxy.java:717)
	at org.springframework.aop.framework.ReflectiveMethodInvocation.proceed(ReflectiveMethodInvocation.java:157)
	at org.springframework.aop.aspectj.AspectJAfterThrowingAdvice.invoke(AspectJAfterThrowingAdvice.java:58)
	at org.springframework.aop.framework.ReflectiveMethodInvocation.proceed(ReflectiveMethodInvocation.java:179)
	at org.springframework.aop.interceptor.ExposeInvocationInterceptor.invoke(ExposeInvocationInterceptor.java:92)
	at org.springframework.aop.framework.ReflectiveMethodInvocation.proceed(ReflectiveMethodInvocation.java:179)
	at org.springframework.aop.framework.CglibAopProxy$DynamicAdvisedInterceptor.intercept(CglibAopProxy.java:653)
	at org.openlmis.core.repository.UserRepository$$EnhancerBySpringCGLIB$$794cc2e3.selectUserByUserNameAndPassword(<generated>)
	at org.openlmis.core.service.UserService.selectUserByUserNameAndPassword(UserService.java:140)
	at org.openlmis.core.service.UserService$$FastClassBySpringCGLIB$$d0e79551.invoke(<generated>)
	at org.springframework.cglib.proxy.MethodProxy.invoke(MethodProxy.java:204)
	at org.springframework.aop.framework.CglibAopProxy$CglibMethodInvocation.invokeJoinpoint(CglibAopProxy.java:717)
	at org.springframework.aop.framework.ReflectiveMethodInvocation.proceed(ReflectiveMethodInvocation.java:157)
	at org.springframework.aop.aspectj.AspectJAfterThrowingAdvice.invoke(AspectJAfterThrowingAdvice.java:58)
	at org.springframework.aop.framework.ReflectiveMethodInvocation.proceed(ReflectiveMethodInvocation.java:179)
	at org.springframework.aop.interceptor.ExposeInvocationInterceptor.invoke(ExposeInvocationInterceptor.java:92)
	at org.springframework.aop.framework.ReflectiveMethodInvocation.proceed(ReflectiveMethodInvocation.java:179)
	at org.springframework.aop.framework.CglibAopProxy$DynamicAdvisedInterceptor.intercept(CglibAopProxy.java:653)
	at org.openlmis.core.service.UserService$$EnhancerBySpringCGLIB$$64593fa.selectUserByUserNameAndPassword(<generated>)
	at org.openlmis.authentication.service.UserAuthenticationService.authenticateUser(UserAuthenticationService.java:39)
	at org.openlmis.authentication.service.UserAuthenticationService$$FastClassBySpringCGLIB$$a8a67892.invoke(<generated>)
	at org.springframework.cglib.proxy.MethodProxy.invoke(MethodProxy.java:204)
	at org.springframework.aop.framework.CglibAopProxy$CglibMethodInvocation.invokeJoinpoint(CglibAopProxy.java:717)
	at org.springframework.aop.framework.ReflectiveMethodInvocation.proceed(ReflectiveMethodInvocation.java:157)
	at org.springframework.aop.aspectj.AspectJAfterThrowingAdvice.invoke(AspectJAfterThrowingAdvice.java:58)
	at org.springframework.aop.framework.ReflectiveMethodInvocation.proceed(ReflectiveMethodInvocation.java:179)
	at org.springframework.aop.interceptor.ExposeInvocationInterceptor.invoke(ExposeInvocationInterceptor.java:92)
	at org.springframework.aop.framework.ReflectiveMethodInvocation.proceed(ReflectiveMethodInvocation.java:179)
	at org.springframework.aop.framework.CglibAopProxy$DynamicAdvisedInterceptor.intercept(CglibAopProxy.java:653)
	at org.openlmis.authentication.service.UserAuthenticationService$$EnhancerBySpringCGLIB$$89fbcddc.authenticateUser(<generated>)
	at org.openlmis.authentication.web.UserAuthenticationProvider.authenticate(UserAuthenticationProvider.java:46)
	at sun.reflect.NativeMethodAccessorImpl.invoke0(Native Method)
	at sun.reflect.NativeMethodAccessorImpl.invoke(NativeMethodAccessorImpl.java:62)
	at sun.reflect.DelegatingMethodAccessorImpl.invoke(DelegatingMethodAccessorImpl.java:43)
	at java.lang.reflect.Method.invoke(Method.java:498)
	at org.springframework.aop.support.AopUtils.invokeJoinpointUsingReflection(AopUtils.java:317)
	at org.springframework.aop.framework.ReflectiveMethodInvocation.invokeJoinpoint(ReflectiveMethodInvocation.java:190)
	at org.springframework.aop.framework.ReflectiveMethodInvocation.proceed(ReflectiveMethodInvocation.java:157)
	at org.springframework.aop.aspectj.AspectJAfterThrowingAdvice.invoke(AspectJAfterThrowingAdvice.java:58)
	at org.springframework.aop.framework.ReflectiveMethodInvocation.proceed(ReflectiveMethodInvocation.java:179)
	at org.springframework.aop.interceptor.ExposeInvocationInterceptor.invoke(ExposeInvocationInterceptor.java:92)
	at org.springframework.aop.framework.ReflectiveMethodInvocation.proceed(ReflectiveMethodInvocation.java:179)
	at org.springframework.aop.framework.JdkDynamicAopProxy.invoke(JdkDynamicAopProxy.java:207)
	at com.sun.proxy.$Proxy513.authenticate(Unknown Source)
	at org.springframework.security.authentication.ProviderManager.authenticate(ProviderManager.java:156)
	at org.springframework.security.authentication.ProviderManager.authenticate(ProviderManager.java:177)
	at org.springframework.security.web.authentication.UsernamePasswordAuthenticationFilter.attemptAuthentication(UsernamePasswordAuthenticationFilter.java:92)
	at org.springframework.security.web.authentication.AbstractAuthenticationProcessingFilter.doFilter(AbstractAuthenticationProcessingFilter.java:211)
	at org.springframework.security.web.FilterChainProxy$VirtualFilterChain.doFilter(FilterChainProxy.java:342)
	at org.springframework.security.web.authentication.logout.LogoutFilter.doFilter(LogoutFilter.java:110)
	at org.springframework.security.web.FilterChainProxy$VirtualFilterChain.doFilter(FilterChainProxy.java:342)
	at org.springframework.security.web.session.ConcurrentSessionFilter.doFilter(ConcurrentSessionFilter.java:125)
	at org.springframework.security.web.FilterChainProxy$VirtualFilterChain.doFilter(FilterChainProxy.java:342)
	at org.springframework.security.web.context.SecurityContextPersistenceFilter.doFilter(SecurityContextPersistenceFilter.java:87)
	at org.springframework.security.web.FilterChainProxy$VirtualFilterChain.doFilter(FilterChainProxy.java:342)
	at org.springframework.security.web.access.channel.ChannelProcessingFilter.doFilter(ChannelProcessingFilter.java:144)
	at org.springframework.security.web.FilterChainProxy$VirtualFilterChain.doFilter(FilterChainProxy.java:342)
	at org.springframework.security.web.FilterChainProxy.doFilterInternal(FilterChainProxy.java:192)
	at org.springframework.security.web.FilterChainProxy.doFilter(FilterChainProxy.java:160)
	at org.springframework.web.filter.DelegatingFilterProxy.invokeDelegate(DelegatingFilterProxy.java:344)
	at org.springframework.web.filter.DelegatingFilterProxy.doFilter(DelegatingFilterProxy.java:261)
	at org.mortbay.jetty.servlet.ServletHandler$CachedChain.doFilter(ServletHandler.java:1212)
	at org.mortbay.jetty.servlet.ServletHandler.handle(ServletHandler.java:399)
	at org.mortbay.jetty.security.SecurityHandler.handle(SecurityHandler.java:216)
	at org.mortbay.jetty.servlet.SessionHandler.handle(SessionHandler.java:182)
	at org.mortbay.jetty.handler.ContextHandler.handle(ContextHandler.java:766)
	at org.mortbay.jetty.webapp.WebAppContext.handle(WebAppContext.java:450)
	at org.mortbay.jetty.handler.ContextHandlerCollection.handle(ContextHandlerCollection.java:230)
	at org.mortbay.jetty.handler.HandlerCollection.handle(HandlerCollection.java:114)
	at org.mortbay.jetty.handler.HandlerWrapper.handle(HandlerWrapper.java:152)
	at org.mortbay.jetty.Server.handle(Server.java:326)
	at org.mortbay.jetty.HttpConnection.handleRequest(HttpConnection.java:542)
	at org.mortbay.jetty.HttpConnection$RequestHandler.content(HttpConnection.java:945)
	at org.mortbay.jetty.HttpParser.parseNext(HttpParser.java:756)
	at org.mortbay.jetty.HttpParser.parseAvailable(HttpParser.java:218)
	at org.mortbay.jetty.HttpConnection.handle(HttpConnection.java:404)
	at org.mortbay.io.nio.SelectChannelEndPoint.run(SelectChannelEndPoint.java:410)
	at org.mortbay.thread.QueuedThreadPool$PoolThread.run(QueuedThreadPool.java:582)
/j_spring_security_check
org.mybatis.spring.MyBatisSystemException: nested exception is org.apache.ibatis.exceptions.PersistenceException: 
### Error querying database.  Cause: org.springframework.jdbc.CannotGetJdbcConnectionException: Could not get JDBC Connection; nested exception is java.sql.SQLException: Connections could not be acquired from the underlying database!
### The error may exist in org/openlmis/core/repository/mapper/UserMapper.java (best guess)
### The error may involve org.openlmis.core.repository.mapper.UserMapper.selectUserByUserNameAndPassword
### The error occurred while executing a query
### Cause: org.springframework.jdbc.CannotGetJdbcConnectionException: Could not get JDBC Connection; nested exception is java.sql.SQLException: Connections could not be acquired from the underlying database!
	at org.mybatis.spring.MyBatisExceptionTranslator.translateExceptionIfPossible(MyBatisExceptionTranslator.java:79)
	at org.mybatis.spring.SqlSessionTemplate$SqlSessionInterceptor.invoke(SqlSessionTemplate.java:447)
	at com.sun.proxy.$Proxy126.selectOne(Unknown Source)
	at org.mybatis.spring.SqlSessionTemplate.selectOne(SqlSessionTemplate.java:167)
	at org.apache.ibatis.binding.MapperMethod.execute(MapperMethod.java:82)
	at org.apache.ibatis.binding.MapperProxy.invoke(MapperProxy.java:59)
	at com.sun.proxy.$Proxy147.selectUserByUserNameAndPassword(Unknown Source)
	at sun.reflect.NativeMethodAccessorImpl.invoke0(Native Method)
	at sun.reflect.NativeMethodAccessorImpl.invoke(NativeMethodAccessorImpl.java:62)
	at sun.reflect.DelegatingMethodAccessorImpl.invoke(DelegatingMethodAccessorImpl.java:43)
	at java.lang.reflect.Method.invoke(Method.java:498)
	at org.springframework.aop.support.AopUtils.invokeJoinpointUsingReflection(AopUtils.java:317)
	at org.springframework.aop.framework.ReflectiveMethodInvocation.invokeJoinpoint(ReflectiveMethodInvocation.java:190)
	at org.springframework.aop.framework.ReflectiveMethodInvocation.proceed(ReflectiveMethodInvocation.java:157)
	at org.springframework.aop.aspectj.AspectJAfterThrowingAdvice.invoke(AspectJAfterThrowingAdvice.java:58)
	at org.springframework.aop.framework.ReflectiveMethodInvocation.proceed(ReflectiveMethodInvocation.java:179)
	at org.springframework.aop.interceptor.ExposeInvocationInterceptor.invoke(ExposeInvocationInterceptor.java:92)
	at org.springframework.aop.framework.ReflectiveMethodInvocation.proceed(ReflectiveMethodInvocation.java:179)
	at org.springframework.aop.framework.JdkDynamicAopProxy.invoke(JdkDynamicAopProxy.java:207)
	at com.sun.proxy.$Proxy148.selectUserByUserNameAndPassword(Unknown Source)
	at org.openlmis.core.repository.UserRepository.selectUserByUserNameAndPassword(UserRepository.java:131)
	at org.openlmis.core.repository.UserRepository$$FastClassBySpringCGLIB$$ef958b79.invoke(<generated>)
	at org.springframework.cglib.proxy.MethodProxy.invoke(MethodProxy.java:204)
	at org.springframework.aop.framework.CglibAopProxy$CglibMethodInvocation.invokeJoinpoint(CglibAopProxy.java:717)
	at org.springframework.aop.framework.ReflectiveMethodInvocation.proceed(ReflectiveMethodInvocation.java:157)
	at org.springframework.aop.aspectj.AspectJAfterThrowingAdvice.invoke(AspectJAfterThrowingAdvice.java:58)
	at org.springframework.aop.framework.ReflectiveMethodInvocation.proceed(ReflectiveMethodInvocation.java:179)
	at org.springframework.aop.interceptor.ExposeInvocationInterceptor.invoke(ExposeInvocationInterceptor.java:92)
	at org.springframework.aop.framework.ReflectiveMethodInvocation.proceed(ReflectiveMethodInvocation.java:179)
	at org.springframework.aop.framework.CglibAopProxy$DynamicAdvisedInterceptor.intercept(CglibAopProxy.java:653)
	at org.openlmis.core.repository.UserRepository$$EnhancerBySpringCGLIB$$794cc2e3.selectUserByUserNameAndPassword(<generated>)
	at org.openlmis.core.service.UserService.selectUserByUserNameAndPassword(UserService.java:140)
	at org.openlmis.core.service.UserService$$FastClassBySpringCGLIB$$d0e79551.invoke(<generated>)
	at org.springframework.cglib.proxy.MethodProxy.invoke(MethodProxy.java:204)
	at org.springframework.aop.framework.CglibAopProxy$CglibMethodInvocation.invokeJoinpoint(CglibAopProxy.java:717)
	at org.springframework.aop.framework.ReflectiveMethodInvocation.proceed(ReflectiveMethodInvocation.java:157)
	at org.springframework.aop.aspectj.AspectJAfterThrowingAdvice.invoke(AspectJAfterThrowingAdvice.java:58)
	at org.springframework.aop.framework.ReflectiveMethodInvocation.proceed(ReflectiveMethodInvocation.java:179)
	at org.springframework.aop.interceptor.ExposeInvocationInterceptor.invoke(ExposeInvocationInterceptor.java:92)
	at org.springframework.aop.framework.ReflectiveMethodInvocation.proceed(ReflectiveMethodInvocation.java:179)
	at org.springframework.aop.framework.CglibAopProxy$DynamicAdvisedInterceptor.intercept(CglibAopProxy.java:653)
	at org.openlmis.core.service.UserService$$EnhancerBySpringCGLIB$$64593fa.selectUserByUserNameAndPassword(<generated>)
	at org.openlmis.authentication.service.UserAuthenticationService.authenticateUser(UserAuthenticationService.java:39)
	at org.openlmis.authentication.service.UserAuthenticationService$$FastClassBySpringCGLIB$$a8a67892.invoke(<generated>)
	at org.springframework.cglib.proxy.MethodProxy.invoke(MethodProxy.java:204)
	at org.springframework.aop.framework.CglibAopProxy$CglibMethodInvocation.invokeJoinpoint(CglibAopProxy.java:717)
	at org.springframework.aop.framework.ReflectiveMethodInvocation.proceed(ReflectiveMethodInvocation.java:157)
	at org.springframework.aop.aspectj.AspectJAfterThrowingAdvice.invoke(AspectJAfterThrowingAdvice.java:58)
	at org.springframework.aop.framework.ReflectiveMethodInvocation.proceed(ReflectiveMethodInvocation.java:179)
	at org.springframework.aop.interceptor.ExposeInvocationInterceptor.invoke(ExposeInvocationInterceptor.java:92)
	at org.springframework.aop.framework.ReflectiveMethodInvocation.proceed(ReflectiveMethodInvocation.java:179)
	at org.springframework.aop.framework.CglibAopProxy$DynamicAdvisedInterceptor.intercept(CglibAopProxy.java:653)
	at org.openlmis.authentication.service.UserAuthenticationService$$EnhancerBySpringCGLIB$$89fbcddc.authenticateUser(<generated>)
	at org.openlmis.authentication.web.UserAuthenticationProvider.authenticate(UserAuthenticationProvider.java:46)
	at sun.reflect.NativeMethodAccessorImpl.invoke0(Native Method)
	at sun.reflect.NativeMethodAccessorImpl.invoke(NativeMethodAccessorImpl.java:62)
	at sun.reflect.DelegatingMethodAccessorImpl.invoke(DelegatingMethodAccessorImpl.java:43)
	at java.lang.reflect.Method.invoke(Method.java:498)
	at org.springframework.aop.support.AopUtils.invokeJoinpointUsingReflection(AopUtils.java:317)
	at org.springframework.aop.framework.ReflectiveMethodInvocation.invokeJoinpoint(ReflectiveMethodInvocation.java:190)
	at org.springframework.aop.framework.ReflectiveMethodInvocation.proceed(ReflectiveMethodInvocation.java:157)
	at org.springframework.aop.aspectj.AspectJAfterThrowingAdvice.invoke(AspectJAfterThrowingAdvice.java:58)
	at org.springframework.aop.framework.ReflectiveMethodInvocation.proceed(ReflectiveMethodInvocation.java:179)
	at org.springframework.aop.interceptor.ExposeInvocationInterceptor.invoke(ExposeInvocationInterceptor.java:92)
	at org.springframework.aop.framework.ReflectiveMethodInvocation.proceed(ReflectiveMethodInvocation.java:179)
	at org.springframework.aop.framework.JdkDynamicAopProxy.invoke(JdkDynamicAopProxy.java:207)
	at com.sun.proxy.$Proxy513.authenticate(Unknown Source)
	at org.springframework.security.authentication.ProviderManager.authenticate(ProviderManager.java:156)
	at org.springframework.security.authentication.ProviderManager.authenticate(ProviderManager.java:177)
	at org.springframework.security.web.authentication.UsernamePasswordAuthenticationFilter.attemptAuthentication(UsernamePasswordAuthenticationFilter.java:92)
	at org.springframework.security.web.authentication.AbstractAuthenticationProcessingFilter.doFilter(AbstractAuthenticationProcessingFilter.java:211)
	at org.springframework.security.web.FilterChainProxy$VirtualFilterChain.doFilter(FilterChainProxy.java:342)
	at org.springframework.security.web.authentication.logout.LogoutFilter.doFilter(LogoutFilter.java:110)
	at org.springframework.security.web.FilterChainProxy$VirtualFilterChain.doFilter(FilterChainProxy.java:342)
	at org.springframework.security.web.session.ConcurrentSessionFilter.doFilter(ConcurrentSessionFilter.java:125)
	at org.springframework.security.web.FilterChainProxy$VirtualFilterChain.doFilter(FilterChainProxy.java:342)
	at org.springframework.security.web.context.SecurityContextPersistenceFilter.doFilter(SecurityContextPersistenceFilter.java:87)
	at org.springframework.security.web.FilterChainProxy$VirtualFilterChain.doFilter(FilterChainProxy.java:342)
	at org.springframework.security.web.access.channel.ChannelProcessingFilter.doFilter(ChannelProcessingFilter.java:144)
	at org.springframework.security.web.FilterChainProxy$VirtualFilterChain.doFilter(FilterChainProxy.java:342)
	at org.springframework.security.web.FilterChainProxy.doFilterInternal(FilterChainProxy.java:192)
	at org.springframework.security.web.FilterChainProxy.doFilter(FilterChainProxy.java:160)
	at org.springframework.web.filter.DelegatingFilterProxy.invokeDelegate(DelegatingFilterProxy.java:344)
	at org.springframework.web.filter.DelegatingFilterProxy.doFilter(DelegatingFilterProxy.java:261)
	at org.mortbay.jetty.servlet.ServletHandler$CachedChain.doFilter(ServletHandler.java:1212)
	at org.mortbay.jetty.servlet.ServletHandler.handle(ServletHandler.java:399)
	at org.mortbay.jetty.security.SecurityHandler.handle(SecurityHandler.java:216)
	at org.mortbay.jetty.servlet.SessionHandler.handle(SessionHandler.java:182)
	at org.mortbay.jetty.handler.ContextHandler.handle(ContextHandler.java:766)
	at org.mortbay.jetty.webapp.WebAppContext.handle(WebAppContext.java:450)
	at org.mortbay.jetty.handler.ContextHandlerCollection.handle(ContextHandlerCollection.java:230)
	at org.mortbay.jetty.handler.HandlerCollection.handle(HandlerCollection.java:114)
	at org.mortbay.jetty.handler.HandlerWrapper.handle(HandlerWrapper.java:152)
	at org.mortbay.jetty.Server.handle(Server.java:326)
	at org.mortbay.jetty.HttpConnection.handleRequest(HttpConnection.java:542)
	at org.mortbay.jetty.HttpConnection$RequestHandler.content(HttpConnection.java:945)
	at org.mortbay.jetty.HttpParser.parseNext(HttpParser.java:756)
	at org.mortbay.jetty.HttpParser.parseAvailable(HttpParser.java:218)
	at org.mortbay.jetty.HttpConnection.handle(HttpConnection.java:404)
	at org.mortbay.io.nio.SelectChannelEndPoint.run(SelectChannelEndPoint.java:410)
	at org.mortbay.thread.QueuedThreadPool$PoolThread.run(QueuedThreadPool.java:582)
Caused by: org.apache.ibatis.exceptions.PersistenceException: 
### Error querying database.  Cause: org.springframework.jdbc.CannotGetJdbcConnectionException: Could not get JDBC Connection; nested exception is java.sql.SQLException: Connections could not be acquired from the underlying database!
### The error may exist in org/openlmis/core/repository/mapper/UserMapper.java (best guess)
### The error may involve org.openlmis.core.repository.mapper.UserMapper.selectUserByUserNameAndPassword
### The error occurred while executing a query
### Cause: org.springframework.jdbc.CannotGetJdbcConnectionException: Could not get JDBC Connection; nested exception is java.sql.SQLException: Connections could not be acquired from the underlying database!
	at org.apache.ibatis.exceptions.ExceptionFactory.wrapException(ExceptionFactory.java:30)
	at org.apache.ibatis.session.defaults.DefaultSqlSession.selectList(DefaultSqlSession.java:150)
	at org.apache.ibatis.session.defaults.DefaultSqlSession.selectList(DefaultSqlSession.java:141)
	at org.apache.ibatis.session.defaults.DefaultSqlSession.selectOne(DefaultSqlSession.java:77)
	at sun.reflect.NativeMethodAccessorImpl.invoke0(Native Method)
	at sun.reflect.NativeMethodAccessorImpl.invoke(NativeMethodAccessorImpl.java:62)
	at sun.reflect.DelegatingMethodAccessorImpl.invoke(DelegatingMethodAccessorImpl.java:43)
	at java.lang.reflect.Method.invoke(Method.java:498)
	at org.mybatis.spring.SqlSessionTemplate$SqlSessionInterceptor.invoke(SqlSessionTemplate.java:434)
	... 99 more
Caused by: org.springframework.jdbc.CannotGetJdbcConnectionException: Could not get JDBC Connection; nested exception is java.sql.SQLException: Connections could not be acquired from the underlying database!
	at org.springframework.jdbc.datasource.DataSourceUtils.getConnection(DataSourceUtils.java:80)
	at org.mybatis.spring.transaction.SpringManagedTransaction.openConnection(SpringManagedTransaction.java:84)
	at org.mybatis.spring.transaction.SpringManagedTransaction.getConnection(SpringManagedTransaction.java:70)
	at org.apache.ibatis.executor.BaseExecutor.getConnection(BaseExecutor.java:336)
	at org.apache.ibatis.executor.SimpleExecutor.prepareStatement(SimpleExecutor.java:84)
	at org.apache.ibatis.executor.SimpleExecutor.doQuery(SimpleExecutor.java:62)
	at org.apache.ibatis.executor.BaseExecutor.queryFromDatabase(BaseExecutor.java:324)
	at org.apache.ibatis.executor.BaseExecutor.query(BaseExecutor.java:156)
	at org.apache.ibatis.executor.CachingExecutor.query(CachingExecutor.java:109)
	at org.apache.ibatis.executor.CachingExecutor.query(CachingExecutor.java:83)
	at org.apache.ibatis.session.defaults.DefaultSqlSession.selectList(DefaultSqlSession.java:148)
	... 106 more
Caused by: java.sql.SQLException: Connections could not be acquired from the underlying database!
	at com.mchange.v2.sql.SqlUtils.toSQLException(SqlUtils.java:118)
	at com.mchange.v2.c3p0.impl.C3P0PooledConnectionPool.checkoutPooledConnection(C3P0PooledConnectionPool.java:689)
	at com.mchange.v2.c3p0.impl.AbstractPoolBackedDataSource.getConnection(AbstractPoolBackedDataSource.java:140)
	at org.springframework.jdbc.datasource.DataSourceUtils.doGetConnection(DataSourceUtils.java:111)
	at org.springframework.jdbc.datasource.DataSourceUtils.getConnection(DataSourceUtils.java:77)
	... 116 more
Caused by: com.mchange.v2.resourcepool.CannotAcquireResourceException: A ResourcePool could not acquire a resource from its primary factory or source.
	at com.mchange.v2.resourcepool.BasicResourcePool.awaitAvailable(BasicResourcePool.java:1418)
	at com.mchange.v2.resourcepool.BasicResourcePool.prelimCheckoutResource(BasicResourcePool.java:606)
	at com.mchange.v2.resourcepool.BasicResourcePool.checkoutResource(BasicResourcePool.java:526)
	at com.mchange.v2.c3p0.impl.C3P0PooledConnectionPool.checkoutAndMarkConnectionInUse(C3P0PooledConnectionPool.java:755)
	at com.mchange.v2.c3p0.impl.C3P0PooledConnectionPool.checkoutPooledConnection(C3P0PooledConnectionPool.java:682)
	... 119 more
Nested in org.mybatis.spring.MyBatisSystemException: nested exception is org.apache.ibatis.exceptions.PersistenceException: 
### Error querying database.  Cause: org.springframework.jdbc.CannotGetJdbcConnectionException: Could not get JDBC Connection; nested exception is java.sql.SQLException: Connections could not be acquired from the underlying database!
### The error may exist in org/openlmis/core/repository/mapper/UserMapper.java (best guess)
### The error may involve org.openlmis.core.repository.mapper.UserMapper.selectUserByUserNameAndPassword
### The error occurred while executing a query
### Cause: org.springframework.jdbc.CannotGetJdbcConnectionException: Could not get JDBC Connection; nested exception is java.sql.SQLException: Connections could not be acquired from the underlying database!:
com.mchange.v2.resourcepool.CannotAcquireResourceException: A ResourcePool could not acquire a resource from its primary factory or source.
	at com.mchange.v2.resourcepool.BasicResourcePool.awaitAvailable(BasicResourcePool.java:1418)
	at com.mchange.v2.resourcepool.BasicResourcePool.prelimCheckoutResource(BasicResourcePool.java:606)
	at com.mchange.v2.resourcepool.BasicResourcePool.checkoutResource(BasicResourcePool.java:526)
	at com.mchange.v2.c3p0.impl.C3P0PooledConnectionPool.checkoutAndMarkConnectionInUse(C3P0PooledConnectionPool.java:755)
	at com.mchange.v2.c3p0.impl.C3P0PooledConnectionPool.checkoutPooledConnection(C3P0PooledConnectionPool.java:682)
	at com.mchange.v2.c3p0.impl.AbstractPoolBackedDataSource.getConnection(AbstractPoolBackedDataSource.java:140)
	at org.springframework.jdbc.datasource.DataSourceUtils.doGetConnection(DataSourceUtils.java:111)
	at org.springframework.jdbc.datasource.DataSourceUtils.getConnection(DataSourceUtils.java:77)
	at org.mybatis.spring.transaction.SpringManagedTransaction.openConnection(SpringManagedTransaction.java:84)
	at org.mybatis.spring.transaction.SpringManagedTransaction.getConnection(SpringManagedTransaction.java:70)
	at org.apache.ibatis.executor.BaseExecutor.getConnection(BaseExecutor.java:336)
	at org.apache.ibatis.executor.SimpleExecutor.prepareStatement(SimpleExecutor.java:84)
	at org.apache.ibatis.executor.SimpleExecutor.doQuery(SimpleExecutor.java:62)
	at org.apache.ibatis.executor.BaseExecutor.queryFromDatabase(BaseExecutor.java:324)
	at org.apache.ibatis.executor.BaseExecutor.query(BaseExecutor.java:156)
	at org.apache.ibatis.executor.CachingExecutor.query(CachingExecutor.java:109)
	at org.apache.ibatis.executor.CachingExecutor.query(CachingExecutor.java:83)
	at org.apache.ibatis.session.defaults.DefaultSqlSession.selectList(DefaultSqlSession.java:148)
	at org.apache.ibatis.session.defaults.DefaultSqlSession.selectList(DefaultSqlSession.java:141)
	at org.apache.ibatis.session.defaults.DefaultSqlSession.selectOne(DefaultSqlSession.java:77)
	at sun.reflect.NativeMethodAccessorImpl.invoke0(Native Method)
	at sun.reflect.NativeMethodAccessorImpl.invoke(NativeMethodAccessorImpl.java:62)
	at sun.reflect.DelegatingMethodAccessorImpl.invoke(DelegatingMethodAccessorImpl.java:43)
	at java.lang.reflect.Method.invoke(Method.java:498)
	at org.mybatis.spring.SqlSessionTemplate$SqlSessionInterceptor.invoke(SqlSessionTemplate.java:434)
	at com.sun.proxy.$Proxy126.selectOne(Unknown Source)
	at org.mybatis.spring.SqlSessionTemplate.selectOne(SqlSessionTemplate.java:167)
	at org.apache.ibatis.binding.MapperMethod.execute(MapperMethod.java:82)
	at org.apache.ibatis.binding.MapperProxy.invoke(MapperProxy.java:59)
	at com.sun.proxy.$Proxy147.selectUserByUserNameAndPassword(Unknown Source)
	at sun.reflect.NativeMethodAccessorImpl.invoke0(Native Method)
	at sun.reflect.NativeMethodAccessorImpl.invoke(NativeMethodAccessorImpl.java:62)
	at sun.reflect.DelegatingMethodAccessorImpl.invoke(DelegatingMethodAccessorImpl.java:43)
	at java.lang.reflect.Method.invoke(Method.java:498)
	at org.springframework.aop.support.AopUtils.invokeJoinpointUsingReflection(AopUtils.java:317)
	at org.springframework.aop.framework.ReflectiveMethodInvocation.invokeJoinpoint(ReflectiveMethodInvocation.java:190)
	at org.springframework.aop.framework.ReflectiveMethodInvocation.proceed(ReflectiveMethodInvocation.java:157)
	at org.springframework.aop.aspectj.AspectJAfterThrowingAdvice.invoke(AspectJAfterThrowingAdvice.java:58)
	at org.springframework.aop.framework.ReflectiveMethodInvocation.proceed(ReflectiveMethodInvocation.java:179)
	at org.springframework.aop.interceptor.ExposeInvocationInterceptor.invoke(ExposeInvocationInterceptor.java:92)
	at org.springframework.aop.framework.ReflectiveMethodInvocation.proceed(ReflectiveMethodInvocation.java:179)
	at org.springframework.aop.framework.JdkDynamicAopProxy.invoke(JdkDynamicAopProxy.java:207)
	at com.sun.proxy.$Proxy148.selectUserByUserNameAndPassword(Unknown Source)
	at org.openlmis.core.repository.UserRepository.selectUserByUserNameAndPassword(UserRepository.java:131)
	at org.openlmis.core.repository.UserRepository$$FastClassBySpringCGLIB$$ef958b79.invoke(<generated>)
	at org.springframework.cglib.proxy.MethodProxy.invoke(MethodProxy.java:204)
	at org.springframework.aop.framework.CglibAopProxy$CglibMethodInvocation.invokeJoinpoint(CglibAopProxy.java:717)
	at org.springframework.aop.framework.ReflectiveMethodInvocation.proceed(ReflectiveMethodInvocation.java:157)
	at org.springframework.aop.aspectj.AspectJAfterThrowingAdvice.invoke(AspectJAfterThrowingAdvice.java:58)
	at org.springframework.aop.framework.ReflectiveMethodInvocation.proceed(ReflectiveMethodInvocation.java:179)
	at org.springframework.aop.interceptor.ExposeInvocationInterceptor.invoke(ExposeInvocationInterceptor.java:92)
	at org.springframework.aop.framework.ReflectiveMethodInvocation.proceed(ReflectiveMethodInvocation.java:179)
	at org.springframework.aop.framework.CglibAopProxy$DynamicAdvisedInterceptor.intercept(CglibAopProxy.java:653)
	at org.openlmis.core.repository.UserRepository$$EnhancerBySpringCGLIB$$794cc2e3.selectUserByUserNameAndPassword(<generated>)
	at org.openlmis.core.service.UserService.selectUserByUserNameAndPassword(UserService.java:140)
	at org.openlmis.core.service.UserService$$FastClassBySpringCGLIB$$d0e79551.invoke(<generated>)
	at org.springframework.cglib.proxy.MethodProxy.invoke(MethodProxy.java:204)
	at org.springframework.aop.framework.CglibAopProxy$CglibMethodInvocation.invokeJoinpoint(CglibAopProxy.java:717)
	at org.springframework.aop.framework.ReflectiveMethodInvocation.proceed(ReflectiveMethodInvocation.java:157)
	at org.springframework.aop.aspectj.AspectJAfterThrowingAdvice.invoke(AspectJAfterThrowingAdvice.java:58)
	at org.springframework.aop.framework.ReflectiveMethodInvocation.proceed(ReflectiveMethodInvocation.java:179)
	at org.springframework.aop.interceptor.ExposeInvocationInterceptor.invoke(ExposeInvocationInterceptor.java:92)
	at org.springframework.aop.framework.ReflectiveMethodInvocation.proceed(ReflectiveMethodInvocation.java:179)
	at org.springframework.aop.framework.CglibAopProxy$DynamicAdvisedInterceptor.intercept(CglibAopProxy.java:653)
	at org.openlmis.core.service.UserService$$EnhancerBySpringCGLIB$$64593fa.selectUserByUserNameAndPassword(<generated>)
	at org.openlmis.authentication.service.UserAuthenticationService.authenticateUser(UserAuthenticationService.java:39)
	at org.openlmis.authentication.service.UserAuthenticationService$$FastClassBySpringCGLIB$$a8a67892.invoke(<generated>)
	at org.springframework.cglib.proxy.MethodProxy.invoke(MethodProxy.java:204)
	at org.springframework.aop.framework.CglibAopProxy$CglibMethodInvocation.invokeJoinpoint(CglibAopProxy.java:717)
	at org.springframework.aop.framework.ReflectiveMethodInvocation.proceed(ReflectiveMethodInvocation.java:157)
	at org.springframework.aop.aspectj.AspectJAfterThrowingAdvice.invoke(AspectJAfterThrowingAdvice.java:58)
	at org.springframework.aop.framework.ReflectiveMethodInvocation.proceed(ReflectiveMethodInvocation.java:179)
	at org.springframework.aop.interceptor.ExposeInvocationInterceptor.invoke(ExposeInvocationInterceptor.java:92)
	at org.springframework.aop.framework.ReflectiveMethodInvocation.proceed(ReflectiveMethodInvocation.java:179)
	at org.springframework.aop.framework.CglibAopProxy$DynamicAdvisedInterceptor.intercept(CglibAopProxy.java:653)
	at org.openlmis.authentication.service.UserAuthenticationService$$EnhancerBySpringCGLIB$$89fbcddc.authenticateUser(<generated>)
	at org.openlmis.authentication.web.UserAuthenticationProvider.authenticate(UserAuthenticationProvider.java:46)
	at sun.reflect.NativeMethodAccessorImpl.invoke0(Native Method)
	at sun.reflect.NativeMethodAccessorImpl.invoke(NativeMethodAccessorImpl.java:62)
	at sun.reflect.DelegatingMethodAccessorImpl.invoke(DelegatingMethodAccessorImpl.java:43)
	at java.lang.reflect.Method.invoke(Method.java:498)
	at org.springframework.aop.support.AopUtils.invokeJoinpointUsingReflection(AopUtils.java:317)
	at org.springframework.aop.framework.ReflectiveMethodInvocation.invokeJoinpoint(ReflectiveMethodInvocation.java:190)
	at org.springframework.aop.framework.ReflectiveMethodInvocation.proceed(ReflectiveMethodInvocation.java:157)
	at org.springframework.aop.aspectj.AspectJAfterThrowingAdvice.invoke(AspectJAfterThrowingAdvice.java:58)
	at org.springframework.aop.framework.ReflectiveMethodInvocation.proceed(ReflectiveMethodInvocation.java:179)
	at org.springframework.aop.interceptor.ExposeInvocationInterceptor.invoke(ExposeInvocationInterceptor.java:92)
	at org.springframework.aop.framework.ReflectiveMethodInvocation.proceed(ReflectiveMethodInvocation.java:179)
	at org.springframework.aop.framework.JdkDynamicAopProxy.invoke(JdkDynamicAopProxy.java:207)
	at com.sun.proxy.$Proxy513.authenticate(Unknown Source)
	at org.springframework.security.authentication.ProviderManager.authenticate(ProviderManager.java:156)
	at org.springframework.security.authentication.ProviderManager.authenticate(ProviderManager.java:177)
	at org.springframework.security.web.authentication.UsernamePasswordAuthenticationFilter.attemptAuthentication(UsernamePasswordAuthenticationFilter.java:92)
	at org.springframework.security.web.authentication.AbstractAuthenticationProcessingFilter.doFilter(AbstractAuthenticationProcessingFilter.java:211)
	at org.springframework.security.web.FilterChainProxy$VirtualFilterChain.doFilter(FilterChainProxy.java:342)
	at org.springframework.security.web.authentication.logout.LogoutFilter.doFilter(LogoutFilter.java:110)
	at org.springframework.security.web.FilterChainProxy$VirtualFilterChain.doFilter(FilterChainProxy.java:342)
	at org.springframework.security.web.session.ConcurrentSessionFilter.doFilter(ConcurrentSessionFilter.java:125)
	at org.springframework.security.web.FilterChainProxy$VirtualFilterChain.doFilter(FilterChainProxy.java:342)
	at org.springframework.security.web.context.SecurityContextPersistenceFilter.doFilter(SecurityContextPersistenceFilter.java:87)
	at org.springframework.security.web.FilterChainProxy$VirtualFilterChain.doFilter(FilterChainProxy.java:342)
	at org.springframework.security.web.access.channel.ChannelProcessingFilter.doFilter(ChannelProcessingFilter.java:144)
	at org.springframework.security.web.FilterChainProxy$VirtualFilterChain.doFilter(FilterChainProxy.java:342)
	at org.springframework.security.web.FilterChainProxy.doFilterInternal(FilterChainProxy.java:192)
	at org.springframework.security.web.FilterChainProxy.doFilter(FilterChainProxy.java:160)
	at org.springframework.web.filter.DelegatingFilterProxy.invokeDelegate(DelegatingFilterProxy.java:344)
	at org.springframework.web.filter.DelegatingFilterProxy.doFilter(DelegatingFilterProxy.java:261)
	at org.mortbay.jetty.servlet.ServletHandler$CachedChain.doFilter(ServletHandler.java:1212)
	at org.mortbay.jetty.servlet.ServletHandler.handle(ServletHandler.java:399)
	at org.mortbay.jetty.security.SecurityHandler.handle(SecurityHandler.java:216)
	at org.mortbay.jetty.servlet.SessionHandler.handle(SessionHandler.java:182)
	at org.mortbay.jetty.handler.ContextHandler.handle(ContextHandler.java:766)
	at org.mortbay.jetty.webapp.WebAppContext.handle(WebAppContext.java:450)
	at org.mortbay.jetty.handler.ContextHandlerCollection.handle(ContextHandlerCollection.java:230)
	at org.mortbay.jetty.handler.HandlerCollection.handle(HandlerCollection.java:114)
	at org.mortbay.jetty.handler.HandlerWrapper.handle(HandlerWrapper.java:152)
	at org.mortbay.jetty.Server.handle(Server.java:326)
	at org.mortbay.jetty.HttpConnection.handleRequest(HttpConnection.java:542)
	at org.mortbay.jetty.HttpConnection$RequestHandler.content(HttpConnection.java:945)
	at org.mortbay.jetty.HttpParser.parseNext(HttpParser.java:756)
	at org.mortbay.jetty.HttpParser.parseAvailable(HttpParser.java:218)
	at org.mortbay.jetty.HttpConnection.handle(HttpConnection.java:404)
	at org.mortbay.io.nio.SelectChannelEndPoint.run(SelectChannelEndPoint.java:410)
	at org.mortbay.thread.QueuedThreadPool$PoolThread.run(QueuedThreadPool.java:582)
Committed before 405 Request method 'POST' not supported
Committed before 405 Request method 'POST' not supported
Committed before 405 Request method 'POST' not supported
Committed before 405 Request method 'POST' not supported
Committed before 405 Request method 'POST' not supported
EXCEPTION 
org.springframework.web.HttpRequestMethodNotSupportedException: Request method 'POST' not supported
	at org.springframework.web.servlet.support.WebContentGenerator.checkAndPrepare(WebContentGenerator.java:273)
	at org.springframework.web.servlet.support.WebContentGenerator.checkAndPrepare(WebContentGenerator.java:251)
	at org.springframework.web.servlet.resource.ResourceHttpRequestHandler.handleRequest(ResourceHttpRequestHandler.java:205)
	at org.springframework.web.servlet.mvc.HttpRequestHandlerAdapter.handle(HttpRequestHandlerAdapter.java:51)
	at org.springframework.web.servlet.DispatcherServlet.doDispatch(DispatcherServlet.java:943)
	at org.springframework.web.servlet.DispatcherServlet.doService(DispatcherServlet.java:877)
	at org.springframework.web.servlet.FrameworkServlet.processRequest(FrameworkServlet.java:966)
	at org.springframework.web.servlet.FrameworkServlet.doPost(FrameworkServlet.java:868)
	at javax.servlet.http.HttpServlet.service(HttpServlet.java:727)
	at org.springframework.web.servlet.FrameworkServlet.service(FrameworkServlet.java:842)
	at javax.servlet.http.HttpServlet.service(HttpServlet.java:820)
	at org.mortbay.jetty.servlet.ServletHolder.handle(ServletHolder.java:511)
	at org.mortbay.jetty.servlet.ServletHandler.handle(ServletHandler.java:401)
	at org.mortbay.jetty.security.SecurityHandler.handle(SecurityHandler.java:216)
	at org.mortbay.jetty.servlet.SessionHandler.handle(SessionHandler.java:182)
	at org.mortbay.jetty.handler.ContextHandler.handle(ContextHandler.java:766)
	at org.mortbay.jetty.webapp.WebAppContext.handle(WebAppContext.java:450)
	at org.mortbay.jetty.servlet.Dispatcher.forward(Dispatcher.java:327)
	at org.mortbay.jetty.servlet.Dispatcher.error(Dispatcher.java:135)
	at org.mortbay.jetty.servlet.ErrorPageErrorHandler.handle(ErrorPageErrorHandler.java:129)
	at org.mortbay.jetty.Response.sendError(Response.java:274)
	at org.mortbay.jetty.servlet.ServletHandler.handle(ServletHandler.java:486)
	at org.mortbay.jetty.security.SecurityHandler.handle(SecurityHandler.java:216)
	at org.mortbay.jetty.servlet.SessionHandler.handle(SessionHandler.java:182)
	at org.mortbay.jetty.handler.ContextHandler.handle(ContextHandler.java:766)
	at org.mortbay.jetty.webapp.WebAppContext.handle(WebAppContext.java:450)
	at org.mortbay.jetty.handler.ContextHandlerCollection.handle(ContextHandlerCollection.java:230)
	at org.mortbay.jetty.handler.HandlerCollection.handle(HandlerCollection.java:114)
	at org.mortbay.jetty.handler.HandlerWrapper.handle(HandlerWrapper.java:152)
	at org.mortbay.jetty.Server.handle(Server.java:326)
	at org.mortbay.jetty.HttpConnection.handleRequest(HttpConnection.java:542)
	at org.mortbay.jetty.HttpConnection$RequestHandler.content(HttpConnection.java:945)
	at org.mortbay.jetty.HttpParser.parseNext(HttpParser.java:756)
	at org.mortbay.jetty.HttpParser.parseAvailable(HttpParser.java:218)
	at org.mortbay.jetty.HttpConnection.handle(HttpConnection.java:404)
	at org.mortbay.io.nio.SelectChannelEndPoint.run(SelectChannelEndPoint.java:410)
	at org.mortbay.thread.QueuedThreadPool$PoolThread.run(QueuedThreadPool.java:582)
/j_spring_security_check
org.mybatis.spring.MyBatisSystemException: nested exception is org.apache.ibatis.exceptions.PersistenceException: 
### Error querying database.  Cause: org.springframework.jdbc.CannotGetJdbcConnectionException: Could not get JDBC Connection; nested exception is java.sql.SQLException: Connections could not be acquired from the underlying database!
### The error may exist in org/openlmis/core/repository/mapper/UserMapper.java (best guess)
### The error may involve org.openlmis.core.repository.mapper.UserMapper.selectUserByUserNameAndPassword
### The error occurred while executing a query
### Cause: org.springframework.jdbc.CannotGetJdbcConnectionException: Could not get JDBC Connection; nested exception is java.sql.SQLException: Connections could not be acquired from the underlying database!
	at org.mybatis.spring.MyBatisExceptionTranslator.translateExceptionIfPossible(MyBatisExceptionTranslator.java:79)
	at org.mybatis.spring.SqlSessionTemplate$SqlSessionInterceptor.invoke(SqlSessionTemplate.java:447)
	at com.sun.proxy.$Proxy126.selectOne(Unknown Source)
	at org.mybatis.spring.SqlSessionTemplate.selectOne(SqlSessionTemplate.java:167)
	at org.apache.ibatis.binding.MapperMethod.execute(MapperMethod.java:82)
	at org.apache.ibatis.binding.MapperProxy.invoke(MapperProxy.java:59)
	at com.sun.proxy.$Proxy147.selectUserByUserNameAndPassword(Unknown Source)
	at sun.reflect.NativeMethodAccessorImpl.invoke0(Native Method)
	at sun.reflect.NativeMethodAccessorImpl.invoke(NativeMethodAccessorImpl.java:62)
	at sun.reflect.DelegatingMethodAccessorImpl.invoke(DelegatingMethodAccessorImpl.java:43)
	at java.lang.reflect.Method.invoke(Method.java:498)
	at org.springframework.aop.support.AopUtils.invokeJoinpointUsingReflection(AopUtils.java:317)
	at org.springframework.aop.framework.ReflectiveMethodInvocation.invokeJoinpoint(ReflectiveMethodInvocation.java:190)
	at org.springframework.aop.framework.ReflectiveMethodInvocation.proceed(ReflectiveMethodInvocation.java:157)
	at org.springframework.aop.aspectj.AspectJAfterThrowingAdvice.invoke(AspectJAfterThrowingAdvice.java:58)
	at org.springframework.aop.framework.ReflectiveMethodInvocation.proceed(ReflectiveMethodInvocation.java:179)
	at org.springframework.aop.interceptor.ExposeInvocationInterceptor.invoke(ExposeInvocationInterceptor.java:92)
	at org.springframework.aop.framework.ReflectiveMethodInvocation.proceed(ReflectiveMethodInvocation.java:179)
	at org.springframework.aop.framework.JdkDynamicAopProxy.invoke(JdkDynamicAopProxy.java:207)
	at com.sun.proxy.$Proxy148.selectUserByUserNameAndPassword(Unknown Source)
	at org.openlmis.core.repository.UserRepository.selectUserByUserNameAndPassword(UserRepository.java:131)
	at org.openlmis.core.repository.UserRepository$$FastClassBySpringCGLIB$$ef958b79.invoke(<generated>)
	at org.springframework.cglib.proxy.MethodProxy.invoke(MethodProxy.java:204)
	at org.springframework.aop.framework.CglibAopProxy$CglibMethodInvocation.invokeJoinpoint(CglibAopProxy.java:717)
	at org.springframework.aop.framework.ReflectiveMethodInvocation.proceed(ReflectiveMethodInvocation.java:157)
	at org.springframework.aop.aspectj.AspectJAfterThrowingAdvice.invoke(AspectJAfterThrowingAdvice.java:58)
	at org.springframework.aop.framework.ReflectiveMethodInvocation.proceed(ReflectiveMethodInvocation.java:179)
	at org.springframework.aop.interceptor.ExposeInvocationInterceptor.invoke(ExposeInvocationInterceptor.java:92)
	at org.springframework.aop.framework.ReflectiveMethodInvocation.proceed(ReflectiveMethodInvocation.java:179)
	at org.springframework.aop.framework.CglibAopProxy$DynamicAdvisedInterceptor.intercept(CglibAopProxy.java:653)
	at org.openlmis.core.repository.UserRepository$$EnhancerBySpringCGLIB$$794cc2e3.selectUserByUserNameAndPassword(<generated>)
	at org.openlmis.core.service.UserService.selectUserByUserNameAndPassword(UserService.java:140)
	at org.openlmis.core.service.UserService$$FastClassBySpringCGLIB$$d0e79551.invoke(<generated>)
	at org.springframework.cglib.proxy.MethodProxy.invoke(MethodProxy.java:204)
	at org.springframework.aop.framework.CglibAopProxy$CglibMethodInvocation.invokeJoinpoint(CglibAopProxy.java:717)
	at org.springframework.aop.framework.ReflectiveMethodInvocation.proceed(ReflectiveMethodInvocation.java:157)
	at org.springframework.aop.aspectj.AspectJAfterThrowingAdvice.invoke(AspectJAfterThrowingAdvice.java:58)
	at org.springframework.aop.framework.ReflectiveMethodInvocation.proceed(ReflectiveMethodInvocation.java:179)
	at org.springframework.aop.interceptor.ExposeInvocationInterceptor.invoke(ExposeInvocationInterceptor.java:92)
	at org.springframework.aop.framework.ReflectiveMethodInvocation.proceed(ReflectiveMethodInvocation.java:179)
	at org.springframework.aop.framework.CglibAopProxy$DynamicAdvisedInterceptor.intercept(CglibAopProxy.java:653)
	at org.openlmis.core.service.UserService$$EnhancerBySpringCGLIB$$64593fa.selectUserByUserNameAndPassword(<generated>)
	at org.openlmis.authentication.service.UserAuthenticationService.authenticateUser(UserAuthenticationService.java:39)
	at org.openlmis.authentication.service.UserAuthenticationService$$FastClassBySpringCGLIB$$a8a67892.invoke(<generated>)
	at org.springframework.cglib.proxy.MethodProxy.invoke(MethodProxy.java:204)
	at org.springframework.aop.framework.CglibAopProxy$CglibMethodInvocation.invokeJoinpoint(CglibAopProxy.java:717)
	at org.springframework.aop.framework.ReflectiveMethodInvocation.proceed(ReflectiveMethodInvocation.java:157)
	at org.springframework.aop.aspectj.AspectJAfterThrowingAdvice.invoke(AspectJAfterThrowingAdvice.java:58)
	at org.springframework.aop.framework.ReflectiveMethodInvocation.proceed(ReflectiveMethodInvocation.java:179)
	at org.springframework.aop.interceptor.ExposeInvocationInterceptor.invoke(ExposeInvocationInterceptor.java:92)
	at org.springframework.aop.framework.ReflectiveMethodInvocation.proceed(ReflectiveMethodInvocation.java:179)
	at org.springframework.aop.framework.CglibAopProxy$DynamicAdvisedInterceptor.intercept(CglibAopProxy.java:653)
	at org.openlmis.authentication.service.UserAuthenticationService$$EnhancerBySpringCGLIB$$89fbcddc.authenticateUser(<generated>)
	at org.openlmis.authentication.web.UserAuthenticationProvider.authenticate(UserAuthenticationProvider.java:46)
	at sun.reflect.NativeMethodAccessorImpl.invoke0(Native Method)
	at sun.reflect.NativeMethodAccessorImpl.invoke(NativeMethodAccessorImpl.java:62)
	at sun.reflect.DelegatingMethodAccessorImpl.invoke(DelegatingMethodAccessorImpl.java:43)
	at java.lang.reflect.Method.invoke(Method.java:498)
	at org.springframework.aop.support.AopUtils.invokeJoinpointUsingReflection(AopUtils.java:317)
	at org.springframework.aop.framework.ReflectiveMethodInvocation.invokeJoinpoint(ReflectiveMethodInvocation.java:190)
	at org.springframework.aop.framework.ReflectiveMethodInvocation.proceed(ReflectiveMethodInvocation.java:157)
	at org.springframework.aop.aspectj.AspectJAfterThrowingAdvice.invoke(AspectJAfterThrowingAdvice.java:58)
	at org.springframework.aop.framework.ReflectiveMethodInvocation.proceed(ReflectiveMethodInvocation.java:179)
	at org.springframework.aop.interceptor.ExposeInvocationInterceptor.invoke(ExposeInvocationInterceptor.java:92)
	at org.springframework.aop.framework.ReflectiveMethodInvocation.proceed(ReflectiveMethodInvocation.java:179)
	at org.springframework.aop.framework.JdkDynamicAopProxy.invoke(JdkDynamicAopProxy.java:207)
	at com.sun.proxy.$Proxy513.authenticate(Unknown Source)
	at org.springframework.security.authentication.ProviderManager.authenticate(ProviderManager.java:156)
	at org.springframework.security.authentication.ProviderManager.authenticate(ProviderManager.java:177)
	at org.springframework.security.web.authentication.UsernamePasswordAuthenticationFilter.attemptAuthentication(UsernamePasswordAuthenticationFilter.java:92)
	at org.springframework.security.web.authentication.AbstractAuthenticationProcessingFilter.doFilter(AbstractAuthenticationProcessingFilter.java:211)
	at org.springframework.security.web.FilterChainProxy$VirtualFilterChain.doFilter(FilterChainProxy.java:342)
	at org.springframework.security.web.authentication.logout.LogoutFilter.doFilter(LogoutFilter.java:110)
	at org.springframework.security.web.FilterChainProxy$VirtualFilterChain.doFilter(FilterChainProxy.java:342)
	at org.springframework.security.web.session.ConcurrentSessionFilter.doFilter(ConcurrentSessionFilter.java:125)
	at org.springframework.security.web.FilterChainProxy$VirtualFilterChain.doFilter(FilterChainProxy.java:342)
	at org.springframework.security.web.context.SecurityContextPersistenceFilter.doFilter(SecurityContextPersistenceFilter.java:87)
	at org.springframework.security.web.FilterChainProxy$VirtualFilterChain.doFilter(FilterChainProxy.java:342)
	at org.springframework.security.web.access.channel.ChannelProcessingFilter.doFilter(ChannelProcessingFilter.java:144)
	at org.springframework.security.web.FilterChainProxy$VirtualFilterChain.doFilter(FilterChainProxy.java:342)
	at org.springframework.security.web.FilterChainProxy.doFilterInternal(FilterChainProxy.java:192)
	at org.springframework.security.web.FilterChainProxy.doFilter(FilterChainProxy.java:160)
	at org.springframework.web.filter.DelegatingFilterProxy.invokeDelegate(DelegatingFilterProxy.java:344)
	at org.springframework.web.filter.DelegatingFilterProxy.doFilter(DelegatingFilterProxy.java:261)
	at org.mortbay.jetty.servlet.ServletHandler$CachedChain.doFilter(ServletHandler.java:1212)
	at org.mortbay.jetty.servlet.ServletHandler.handle(ServletHandler.java:399)
	at org.mortbay.jetty.security.SecurityHandler.handle(SecurityHandler.java:216)
	at org.mortbay.jetty.servlet.SessionHandler.handle(SessionHandler.java:182)
	at org.mortbay.jetty.handler.ContextHandler.handle(ContextHandler.java:766)
	at org.mortbay.jetty.webapp.WebAppContext.handle(WebAppContext.java:450)
	at org.mortbay.jetty.handler.ContextHandlerCollection.handle(ContextHandlerCollection.java:230)
	at org.mortbay.jetty.handler.HandlerCollection.handle(HandlerCollection.java:114)
	at org.mortbay.jetty.handler.HandlerWrapper.handle(HandlerWrapper.java:152)
	at org.mortbay.jetty.Server.handle(Server.java:326)
	at org.mortbay.jetty.HttpConnection.handleRequest(HttpConnection.java:542)
	at org.mortbay.jetty.HttpConnection$RequestHandler.content(HttpConnection.java:945)
	at org.mortbay.jetty.HttpParser.parseNext(HttpParser.java:756)
	at org.mortbay.jetty.HttpParser.parseAvailable(HttpParser.java:218)
	at org.mortbay.jetty.HttpConnection.handle(HttpConnection.java:404)
	at org.mortbay.io.nio.SelectChannelEndPoint.run(SelectChannelEndPoint.java:410)
	at org.mortbay.thread.QueuedThreadPool$PoolThread.run(QueuedThreadPool.java:582)
Caused by: org.apache.ibatis.exceptions.PersistenceException: 
### Error querying database.  Cause: org.springframework.jdbc.CannotGetJdbcConnectionException: Could not get JDBC Connection; nested exception is java.sql.SQLException: Connections could not be acquired from the underlying database!
### The error may exist in org/openlmis/core/repository/mapper/UserMapper.java (best guess)
### The error may involve org.openlmis.core.repository.mapper.UserMapper.selectUserByUserNameAndPassword
### The error occurred while executing a query
### Cause: org.springframework.jdbc.CannotGetJdbcConnectionException: Could not get JDBC Connection; nested exception is java.sql.SQLException: Connections could not be acquired from the underlying database!
	at org.apache.ibatis.exceptions.ExceptionFactory.wrapException(ExceptionFactory.java:30)
	at org.apache.ibatis.session.defaults.DefaultSqlSession.selectList(DefaultSqlSession.java:150)
	at org.apache.ibatis.session.defaults.DefaultSqlSession.selectList(DefaultSqlSession.java:141)
	at org.apache.ibatis.session.defaults.DefaultSqlSession.selectOne(DefaultSqlSession.java:77)
	at sun.reflect.NativeMethodAccessorImpl.invoke0(Native Method)
	at sun.reflect.NativeMethodAccessorImpl.invoke(NativeMethodAccessorImpl.java:62)
	at sun.reflect.DelegatingMethodAccessorImpl.invoke(DelegatingMethodAccessorImpl.java:43)
	at java.lang.reflect.Method.invoke(Method.java:498)
	at org.mybatis.spring.SqlSessionTemplate$SqlSessionInterceptor.invoke(SqlSessionTemplate.java:434)
	... 99 more
Caused by: org.springframework.jdbc.CannotGetJdbcConnectionException: Could not get JDBC Connection; nested exception is java.sql.SQLException: Connections could not be acquired from the underlying database!
	at org.springframework.jdbc.datasource.DataSourceUtils.getConnection(DataSourceUtils.java:80)
	at org.mybatis.spring.transaction.SpringManagedTransaction.openConnection(SpringManagedTransaction.java:84)
	at org.mybatis.spring.transaction.SpringManagedTransaction.getConnection(SpringManagedTransaction.java:70)
	at org.apache.ibatis.executor.BaseExecutor.getConnection(BaseExecutor.java:336)
	at org.apache.ibatis.executor.SimpleExecutor.prepareStatement(SimpleExecutor.java:84)
	at org.apache.ibatis.executor.SimpleExecutor.doQuery(SimpleExecutor.java:62)
	at org.apache.ibatis.executor.BaseExecutor.queryFromDatabase(BaseExecutor.java:324)
	at org.apache.ibatis.executor.BaseExecutor.query(BaseExecutor.java:156)
	at org.apache.ibatis.executor.CachingExecutor.query(CachingExecutor.java:109)
	at org.apache.ibatis.executor.CachingExecutor.query(CachingExecutor.java:83)
	at org.apache.ibatis.session.defaults.DefaultSqlSession.selectList(DefaultSqlSession.java:148)
	... 106 more
Caused by: java.sql.SQLException: Connections could not be acquired from the underlying database!
	at com.mchange.v2.sql.SqlUtils.toSQLException(SqlUtils.java:118)
	at com.mchange.v2.c3p0.impl.C3P0PooledConnectionPool.checkoutPooledConnection(C3P0PooledConnectionPool.java:689)
	at com.mchange.v2.c3p0.impl.AbstractPoolBackedDataSource.getConnection(AbstractPoolBackedDataSource.java:140)
	at org.springframework.jdbc.datasource.DataSourceUtils.doGetConnection(DataSourceUtils.java:111)
	at org.springframework.jdbc.datasource.DataSourceUtils.getConnection(DataSourceUtils.java:77)
	... 116 more
Caused by: com.mchange.v2.resourcepool.CannotAcquireResourceException: A ResourcePool could not acquire a resource from its primary factory or source.
	at com.mchange.v2.resourcepool.BasicResourcePool.awaitAvailable(BasicResourcePool.java:1418)
	at com.mchange.v2.resourcepool.BasicResourcePool.prelimCheckoutResource(BasicResourcePool.java:606)
	at com.mchange.v2.resourcepool.BasicResourcePool.checkoutResource(BasicResourcePool.java:526)
	at com.mchange.v2.c3p0.impl.C3P0PooledConnectionPool.checkoutAndMarkConnectionInUse(C3P0PooledConnectionPool.java:755)
	at com.mchange.v2.c3p0.impl.C3P0PooledConnectionPool.checkoutPooledConnection(C3P0PooledConnectionPool.java:682)
	... 119 more
Nested in org.mybatis.spring.MyBatisSystemException: nested exception is org.apache.ibatis.exceptions.PersistenceException: 
### Error querying database.  Cause: org.springframework.jdbc.CannotGetJdbcConnectionException: Could not get JDBC Connection; nested exception is java.sql.SQLException: Connections could not be acquired from the underlying database!
### The error may exist in org/openlmis/core/repository/mapper/UserMapper.java (best guess)
### The error may involve org.openlmis.core.repository.mapper.UserMapper.selectUserByUserNameAndPassword
### The error occurred while executing a query
### Cause: org.springframework.jdbc.CannotGetJdbcConnectionException: Could not get JDBC Connection; nested exception is java.sql.SQLException: Connections could not be acquired from the underlying database!:
com.mchange.v2.resourcepool.CannotAcquireResourceException: A ResourcePool could not acquire a resource from its primary factory or source.
	at com.mchange.v2.resourcepool.BasicResourcePool.awaitAvailable(BasicResourcePool.java:1418)
	at com.mchange.v2.resourcepool.BasicResourcePool.prelimCheckoutResource(BasicResourcePool.java:606)
	at com.mchange.v2.resourcepool.BasicResourcePool.checkoutResource(BasicResourcePool.java:526)
	at com.mchange.v2.c3p0.impl.C3P0PooledConnectionPool.checkoutAndMarkConnectionInUse(C3P0PooledConnectionPool.java:755)
	at com.mchange.v2.c3p0.impl.C3P0PooledConnectionPool.checkoutPooledConnection(C3P0PooledConnectionPool.java:682)
	at com.mchange.v2.c3p0.impl.AbstractPoolBackedDataSource.getConnection(AbstractPoolBackedDataSource.java:140)
	at org.springframework.jdbc.datasource.DataSourceUtils.doGetConnection(DataSourceUtils.java:111)
	at org.springframework.jdbc.datasource.DataSourceUtils.getConnection(DataSourceUtils.java:77)
	at org.mybatis.spring.transaction.SpringManagedTransaction.openConnection(SpringManagedTransaction.java:84)
	at org.mybatis.spring.transaction.SpringManagedTransaction.getConnection(SpringManagedTransaction.java:70)
	at org.apache.ibatis.executor.BaseExecutor.getConnection(BaseExecutor.java:336)
	at org.apache.ibatis.executor.SimpleExecutor.prepareStatement(SimpleExecutor.java:84)
	at org.apache.ibatis.executor.SimpleExecutor.doQuery(SimpleExecutor.java:62)
	at org.apache.ibatis.executor.BaseExecutor.queryFromDatabase(BaseExecutor.java:324)
	at org.apache.ibatis.executor.BaseExecutor.query(BaseExecutor.java:156)
	at org.apache.ibatis.executor.CachingExecutor.query(CachingExecutor.java:109)
	at org.apache.ibatis.executor.CachingExecutor.query(CachingExecutor.java:83)
	at org.apache.ibatis.session.defaults.DefaultSqlSession.selectList(DefaultSqlSession.java:148)
	at org.apache.ibatis.session.defaults.DefaultSqlSession.selectList(DefaultSqlSession.java:141)
	at org.apache.ibatis.session.defaults.DefaultSqlSession.selectOne(DefaultSqlSession.java:77)
	at sun.reflect.NativeMethodAccessorImpl.invoke0(Native Method)
	at sun.reflect.NativeMethodAccessorImpl.invoke(NativeMethodAccessorImpl.java:62)
	at sun.reflect.DelegatingMethodAccessorImpl.invoke(DelegatingMethodAccessorImpl.java:43)
	at java.lang.reflect.Method.invoke(Method.java:498)
	at org.mybatis.spring.SqlSessionTemplate$SqlSessionInterceptor.invoke(SqlSessionTemplate.java:434)
	at com.sun.proxy.$Proxy126.selectOne(Unknown Source)
	at org.mybatis.spring.SqlSessionTemplate.selectOne(SqlSessionTemplate.java:167)
	at org.apache.ibatis.binding.MapperMethod.execute(MapperMethod.java:82)
	at org.apache.ibatis.binding.MapperProxy.invoke(MapperProxy.java:59)
	at com.sun.proxy.$Proxy147.selectUserByUserNameAndPassword(Unknown Source)
	at sun.reflect.NativeMethodAccessorImpl.invoke0(Native Method)
	at sun.reflect.NativeMethodAccessorImpl.invoke(NativeMethodAccessorImpl.java:62)
	at sun.reflect.DelegatingMethodAccessorImpl.invoke(DelegatingMethodAccessorImpl.java:43)
	at java.lang.reflect.Method.invoke(Method.java:498)
	at org.springframework.aop.support.AopUtils.invokeJoinpointUsingReflection(AopUtils.java:317)
	at org.springframework.aop.framework.ReflectiveMethodInvocation.invokeJoinpoint(ReflectiveMethodInvocation.java:190)
	at org.springframework.aop.framework.ReflectiveMethodInvocation.proceed(ReflectiveMethodInvocation.java:157)
	at org.springframework.aop.aspectj.AspectJAfterThrowingAdvice.invoke(AspectJAfterThrowingAdvice.java:58)
	at org.springframework.aop.framework.ReflectiveMethodInvocation.proceed(ReflectiveMethodInvocation.java:179)
	at org.springframework.aop.interceptor.ExposeInvocationInterceptor.invoke(ExposeInvocationInterceptor.java:92)
	at org.springframework.aop.framework.ReflectiveMethodInvocation.proceed(ReflectiveMethodInvocation.java:179)
	at org.springframework.aop.framework.JdkDynamicAopProxy.invoke(JdkDynamicAopProxy.java:207)
	at com.sun.proxy.$Proxy148.selectUserByUserNameAndPassword(Unknown Source)
	at org.openlmis.core.repository.UserRepository.selectUserByUserNameAndPassword(UserRepository.java:131)
	at org.openlmis.core.repository.UserRepository$$FastClassBySpringCGLIB$$ef958b79.invoke(<generated>)
	at org.springframework.cglib.proxy.MethodProxy.invoke(MethodProxy.java:204)
	at org.springframework.aop.framework.CglibAopProxy$CglibMethodInvocation.invokeJoinpoint(CglibAopProxy.java:717)
	at org.springframework.aop.framework.ReflectiveMethodInvocation.proceed(ReflectiveMethodInvocation.java:157)
	at org.springframework.aop.aspectj.AspectJAfterThrowingAdvice.invoke(AspectJAfterThrowingAdvice.java:58)
	at org.springframework.aop.framework.ReflectiveMethodInvocation.proceed(ReflectiveMethodInvocation.java:179)
	at org.springframework.aop.interceptor.ExposeInvocationInterceptor.invoke(ExposeInvocationInterceptor.java:92)
	at org.springframework.aop.framework.ReflectiveMethodInvocation.proceed(ReflectiveMethodInvocation.java:179)
	at org.springframework.aop.framework.CglibAopProxy$DynamicAdvisedInterceptor.intercept(CglibAopProxy.java:653)
	at org.openlmis.core.repository.UserRepository$$EnhancerBySpringCGLIB$$794cc2e3.selectUserByUserNameAndPassword(<generated>)
	at org.openlmis.core.service.UserService.selectUserByUserNameAndPassword(UserService.java:140)
	at org.openlmis.core.service.UserService$$FastClassBySpringCGLIB$$d0e79551.invoke(<generated>)
	at org.springframework.cglib.proxy.MethodProxy.invoke(MethodProxy.java:204)
	at org.springframework.aop.framework.CglibAopProxy$CglibMethodInvocation.invokeJoinpoint(CglibAopProxy.java:717)
	at org.springframework.aop.framework.ReflectiveMethodInvocation.proceed(ReflectiveMethodInvocation.java:157)
	at org.springframework.aop.aspectj.AspectJAfterThrowingAdvice.invoke(AspectJAfterThrowingAdvice.java:58)
	at org.springframework.aop.framework.ReflectiveMethodInvocation.proceed(ReflectiveMethodInvocation.java:179)
	at org.springframework.aop.interceptor.ExposeInvocationInterceptor.invoke(ExposeInvocationInterceptor.java:92)
	at org.springframework.aop.framework.ReflectiveMethodInvocation.proceed(ReflectiveMethodInvocation.java:179)
	at org.springframework.aop.framework.CglibAopProxy$DynamicAdvisedInterceptor.intercept(CglibAopProxy.java:653)
	at org.openlmis.core.service.UserService$$EnhancerBySpringCGLIB$$64593fa.selectUserByUserNameAndPassword(<generated>)
	at org.openlmis.authentication.service.UserAuthenticationService.authenticateUser(UserAuthenticationService.java:39)
	at org.openlmis.authentication.service.UserAuthenticationService$$FastClassBySpringCGLIB$$a8a67892.invoke(<generated>)
	at org.springframework.cglib.proxy.MethodProxy.invoke(MethodProxy.java:204)
	at org.springframework.aop.framework.CglibAopProxy$CglibMethodInvocation.invokeJoinpoint(CglibAopProxy.java:717)
	at org.springframework.aop.framework.ReflectiveMethodInvocation.proceed(ReflectiveMethodInvocation.java:157)
	at org.springframework.aop.aspectj.AspectJAfterThrowingAdvice.invoke(AspectJAfterThrowingAdvice.java:58)
	at org.springframework.aop.framework.ReflectiveMethodInvocation.proceed(ReflectiveMethodInvocation.java:179)
	at org.springframework.aop.interceptor.ExposeInvocationInterceptor.invoke(ExposeInvocationInterceptor.java:92)
	at org.springframework.aop.framework.ReflectiveMethodInvocation.proceed(ReflectiveMethodInvocation.java:179)
	at org.springframework.aop.framework.CglibAopProxy$DynamicAdvisedInterceptor.intercept(CglibAopProxy.java:653)
	at org.openlmis.authentication.service.UserAuthenticationService$$EnhancerBySpringCGLIB$$89fbcddc.authenticateUser(<generated>)
	at org.openlmis.authentication.web.UserAuthenticationProvider.authenticate(UserAuthenticationProvider.java:46)
	at sun.reflect.NativeMethodAccessorImpl.invoke0(Native Method)
	at sun.reflect.NativeMethodAccessorImpl.invoke(NativeMethodAccessorImpl.java:62)
	at sun.reflect.DelegatingMethodAccessorImpl.invoke(DelegatingMethodAccessorImpl.java:43)
	at java.lang.reflect.Method.invoke(Method.java:498)
	at org.springframework.aop.support.AopUtils.invokeJoinpointUsingReflection(AopUtils.java:317)
	at org.springframework.aop.framework.ReflectiveMethodInvocation.invokeJoinpoint(ReflectiveMethodInvocation.java:190)
	at org.springframework.aop.framework.ReflectiveMethodInvocation.proceed(ReflectiveMethodInvocation.java:157)
	at org.springframework.aop.aspectj.AspectJAfterThrowingAdvice.invoke(AspectJAfterThrowingAdvice.java:58)
	at org.springframework.aop.framework.ReflectiveMethodInvocation.proceed(ReflectiveMethodInvocation.java:179)
	at org.springframework.aop.interceptor.ExposeInvocationInterceptor.invoke(ExposeInvocationInterceptor.java:92)
	at org.springframework.aop.framework.ReflectiveMethodInvocation.proceed(ReflectiveMethodInvocation.java:179)
	at org.springframework.aop.framework.JdkDynamicAopProxy.invoke(JdkDynamicAopProxy.java:207)
	at com.sun.proxy.$Proxy513.authenticate(Unknown Source)
	at org.springframework.security.authentication.ProviderManager.authenticate(ProviderManager.java:156)
	at org.springframework.security.authentication.ProviderManager.authenticate(ProviderManager.java:177)
	at org.springframework.security.web.authentication.UsernamePasswordAuthenticationFilter.attemptAuthentication(UsernamePasswordAuthenticationFilter.java:92)
	at org.springframework.security.web.authentication.AbstractAuthenticationProcessingFilter.doFilter(AbstractAuthenticationProcessingFilter.java:211)
	at org.springframework.security.web.FilterChainProxy$VirtualFilterChain.doFilter(FilterChainProxy.java:342)
	at org.springframework.security.web.authentication.logout.LogoutFilter.doFilter(LogoutFilter.java:110)
	at org.springframework.security.web.FilterChainProxy$VirtualFilterChain.doFilter(FilterChainProxy.java:342)
	at org.springframework.security.web.session.ConcurrentSessionFilter.doFilter(ConcurrentSessionFilter.java:125)
	at org.springframework.security.web.FilterChainProxy$VirtualFilterChain.doFilter(FilterChainProxy.java:342)
	at org.springframework.security.web.context.SecurityContextPersistenceFilter.doFilter(SecurityContextPersistenceFilter.java:87)
	at org.springframework.security.web.FilterChainProxy$VirtualFilterChain.doFilter(FilterChainProxy.java:342)
	at org.springframework.security.web.access.channel.ChannelProcessingFilter.doFilter(ChannelProcessingFilter.java:144)
	at org.springframework.security.web.FilterChainProxy$VirtualFilterChain.doFilter(FilterChainProxy.java:342)
	at org.springframework.security.web.FilterChainProxy.doFilterInternal(FilterChainProxy.java:192)
	at org.springframework.security.web.FilterChainProxy.doFilter(FilterChainProxy.java:160)
	at org.springframework.web.filter.DelegatingFilterProxy.invokeDelegate(DelegatingFilterProxy.java:344)
	at org.springframework.web.filter.DelegatingFilterProxy.doFilter(DelegatingFilterProxy.java:261)
	at org.mortbay.jetty.servlet.ServletHandler$CachedChain.doFilter(ServletHandler.java:1212)
	at org.mortbay.jetty.servlet.ServletHandler.handle(ServletHandler.java:399)
	at org.mortbay.jetty.security.SecurityHandler.handle(SecurityHandler.java:216)
	at org.mortbay.jetty.servlet.SessionHandler.handle(SessionHandler.java:182)
	at org.mortbay.jetty.handler.ContextHandler.handle(ContextHandler.java:766)
	at org.mortbay.jetty.webapp.WebAppContext.handle(WebAppContext.java:450)
	at org.mortbay.jetty.handler.ContextHandlerCollection.handle(ContextHandlerCollection.java:230)
	at org.mortbay.jetty.handler.HandlerCollection.handle(HandlerCollection.java:114)
	at org.mortbay.jetty.handler.HandlerWrapper.handle(HandlerWrapper.java:152)
	at org.mortbay.jetty.Server.handle(Server.java:326)
	at org.mortbay.jetty.HttpConnection.handleRequest(HttpConnection.java:542)
	at org.mortbay.jetty.HttpConnection$RequestHandler.content(HttpConnection.java:945)
	at org.mortbay.jetty.HttpParser.parseNext(HttpParser.java:756)
	at org.mortbay.jetty.HttpParser.parseAvailable(HttpParser.java:218)
	at org.mortbay.jetty.HttpConnection.handle(HttpConnection.java:404)
	at org.mortbay.io.nio.SelectChannelEndPoint.run(SelectChannelEndPoint.java:410)
	at org.mortbay.thread.QueuedThreadPool$PoolThread.run(QueuedThreadPool.java:582)
/j_spring_security_check
org.mybatis.spring.MyBatisSystemException: nested exception is org.apache.ibatis.exceptions.PersistenceException: 
### Error querying database.  Cause: org.springframework.jdbc.CannotGetJdbcConnectionException: Could not get JDBC Connection; nested exception is java.sql.SQLException: Connections could not be acquired from the underlying database!
### The error may exist in org/openlmis/core/repository/mapper/UserMapper.java (best guess)
### The error may involve org.openlmis.core.repository.mapper.UserMapper.selectUserByUserNameAndPassword
### The error occurred while executing a query
### Cause: org.springframework.jdbc.CannotGetJdbcConnectionException: Could not get JDBC Connection; nested exception is java.sql.SQLException: Connections could not be acquired from the underlying database!
	at org.mybatis.spring.MyBatisExceptionTranslator.translateExceptionIfPossible(MyBatisExceptionTranslator.java:79)
	at org.mybatis.spring.SqlSessionTemplate$SqlSessionInterceptor.invoke(SqlSessionTemplate.java:447)
	at com.sun.proxy.$Proxy126.selectOne(Unknown Source)
	at org.mybatis.spring.SqlSessionTemplate.selectOne(SqlSessionTemplate.java:167)
	at org.apache.ibatis.binding.MapperMethod.execute(MapperMethod.java:82)
	at org.apache.ibatis.binding.MapperProxy.invoke(MapperProxy.java:59)
	at com.sun.proxy.$Proxy147.selectUserByUserNameAndPassword(Unknown Source)
	at sun.reflect.NativeMethodAccessorImpl.invoke0(Native Method)
	at sun.reflect.NativeMethodAccessorImpl.invoke(NativeMethodAccessorImpl.java:62)
	at sun.reflect.DelegatingMethodAccessorImpl.invoke(DelegatingMethodAccessorImpl.java:43)
	at java.lang.reflect.Method.invoke(Method.java:498)
	at org.springframework.aop.support.AopUtils.invokeJoinpointUsingReflection(AopUtils.java:317)
	at org.springframework.aop.framework.ReflectiveMethodInvocation.invokeJoinpoint(ReflectiveMethodInvocation.java:190)
	at org.springframework.aop.framework.ReflectiveMethodInvocation.proceed(ReflectiveMethodInvocation.java:157)
	at org.springframework.aop.aspectj.AspectJAfterThrowingAdvice.invoke(AspectJAfterThrowingAdvice.java:58)
	at org.springframework.aop.framework.ReflectiveMethodInvocation.proceed(ReflectiveMethodInvocation.java:179)
	at org.springframework.aop.interceptor.ExposeInvocationInterceptor.invoke(ExposeInvocationInterceptor.java:92)
	at org.springframework.aop.framework.ReflectiveMethodInvocation.proceed(ReflectiveMethodInvocation.java:179)
	at org.springframework.aop.framework.JdkDynamicAopProxy.invoke(JdkDynamicAopProxy.java:207)
	at com.sun.proxy.$Proxy148.selectUserByUserNameAndPassword(Unknown Source)
	at org.openlmis.core.repository.UserRepository.selectUserByUserNameAndPassword(UserRepository.java:131)
	at org.openlmis.core.repository.UserRepository$$FastClassBySpringCGLIB$$ef958b79.invoke(<generated>)
	at org.springframework.cglib.proxy.MethodProxy.invoke(MethodProxy.java:204)
	at org.springframework.aop.framework.CglibAopProxy$CglibMethodInvocation.invokeJoinpoint(CglibAopProxy.java:717)
	at org.springframework.aop.framework.ReflectiveMethodInvocation.proceed(ReflectiveMethodInvocation.java:157)
	at org.springframework.aop.aspectj.AspectJAfterThrowingAdvice.invoke(AspectJAfterThrowingAdvice.java:58)
	at org.springframework.aop.framework.ReflectiveMethodInvocation.proceed(ReflectiveMethodInvocation.java:179)
	at org.springframework.aop.interceptor.ExposeInvocationInterceptor.invoke(ExposeInvocationInterceptor.java:92)
	at org.springframework.aop.framework.ReflectiveMethodInvocation.proceed(ReflectiveMethodInvocation.java:179)
	at org.springframework.aop.framework.CglibAopProxy$DynamicAdvisedInterceptor.intercept(CglibAopProxy.java:653)
	at org.openlmis.core.repository.UserRepository$$EnhancerBySpringCGLIB$$794cc2e3.selectUserByUserNameAndPassword(<generated>)
	at org.openlmis.core.service.UserService.selectUserByUserNameAndPassword(UserService.java:140)
	at org.openlmis.core.service.UserService$$FastClassBySpringCGLIB$$d0e79551.invoke(<generated>)
	at org.springframework.cglib.proxy.MethodProxy.invoke(MethodProxy.java:204)
	at org.springframework.aop.framework.CglibAopProxy$CglibMethodInvocation.invokeJoinpoint(CglibAopProxy.java:717)
	at org.springframework.aop.framework.ReflectiveMethodInvocation.proceed(ReflectiveMethodInvocation.java:157)
	at org.springframework.aop.aspectj.AspectJAfterThrowingAdvice.invoke(AspectJAfterThrowingAdvice.java:58)
	at org.springframework.aop.framework.ReflectiveMethodInvocation.proceed(ReflectiveMethodInvocation.java:179)
	at org.springframework.aop.interceptor.ExposeInvocationInterceptor.invoke(ExposeInvocationInterceptor.java:92)
	at org.springframework.aop.framework.ReflectiveMethodInvocation.proceed(ReflectiveMethodInvocation.java:179)
	at org.springframework.aop.framework.CglibAopProxy$DynamicAdvisedInterceptor.intercept(CglibAopProxy.java:653)
	at org.openlmis.core.service.UserService$$EnhancerBySpringCGLIB$$64593fa.selectUserByUserNameAndPassword(<generated>)
	at org.openlmis.authentication.service.UserAuthenticationService.authenticateUser(UserAuthenticationService.java:39)
	at org.openlmis.authentication.service.UserAuthenticationService$$FastClassBySpringCGLIB$$a8a67892.invoke(<generated>)
	at org.springframework.cglib.proxy.MethodProxy.invoke(MethodProxy.java:204)
	at org.springframework.aop.framework.CglibAopProxy$CglibMethodInvocation.invokeJoinpoint(CglibAopProxy.java:717)
	at org.springframework.aop.framework.ReflectiveMethodInvocation.proceed(ReflectiveMethodInvocation.java:157)
	at org.springframework.aop.aspectj.AspectJAfterThrowingAdvice.invoke(AspectJAfterThrowingAdvice.java:58)
	at org.springframework.aop.framework.ReflectiveMethodInvocation.proceed(ReflectiveMethodInvocation.java:179)
	at org.springframework.aop.interceptor.ExposeInvocationInterceptor.invoke(ExposeInvocationInterceptor.java:92)
	at org.springframework.aop.framework.ReflectiveMethodInvocation.proceed(ReflectiveMethodInvocation.java:179)
	at org.springframework.aop.framework.CglibAopProxy$DynamicAdvisedInterceptor.intercept(CglibAopProxy.java:653)
	at org.openlmis.authentication.service.UserAuthenticationService$$EnhancerBySpringCGLIB$$89fbcddc.authenticateUser(<generated>)
	at org.openlmis.authentication.web.UserAuthenticationProvider.authenticate(UserAuthenticationProvider.java:46)
	at sun.reflect.NativeMethodAccessorImpl.invoke0(Native Method)
	at sun.reflect.NativeMethodAccessorImpl.invoke(NativeMethodAccessorImpl.java:62)
	at sun.reflect.DelegatingMethodAccessorImpl.invoke(DelegatingMethodAccessorImpl.java:43)
	at java.lang.reflect.Method.invoke(Method.java:498)
	at org.springframework.aop.support.AopUtils.invokeJoinpointUsingReflection(AopUtils.java:317)
	at org.springframework.aop.framework.ReflectiveMethodInvocation.invokeJoinpoint(ReflectiveMethodInvocation.java:190)
	at org.springframework.aop.framework.ReflectiveMethodInvocation.proceed(ReflectiveMethodInvocation.java:157)
	at org.springframework.aop.aspectj.AspectJAfterThrowingAdvice.invoke(AspectJAfterThrowingAdvice.java:58)
	at org.springframework.aop.framework.ReflectiveMethodInvocation.proceed(ReflectiveMethodInvocation.java:179)
	at org.springframework.aop.interceptor.ExposeInvocationInterceptor.invoke(ExposeInvocationInterceptor.java:92)
	at org.springframework.aop.framework.ReflectiveMethodInvocation.proceed(ReflectiveMethodInvocation.java:179)
	at org.springframework.aop.framework.JdkDynamicAopProxy.invoke(JdkDynamicAopProxy.java:207)
	at com.sun.proxy.$Proxy513.authenticate(Unknown Source)
	at org.springframework.security.authentication.ProviderManager.authenticate(ProviderManager.java:156)
	at org.springframework.security.authentication.ProviderManager.authenticate(ProviderManager.java:177)
	at org.springframework.security.web.authentication.UsernamePasswordAuthenticationFilter.attemptAuthentication(UsernamePasswordAuthenticationFilter.java:92)
	at org.springframework.security.web.authentication.AbstractAuthenticationProcessingFilter.doFilter(AbstractAuthenticationProcessingFilter.java:211)
	at org.springframework.security.web.FilterChainProxy$VirtualFilterChain.doFilter(FilterChainProxy.java:342)
	at org.springframework.security.web.authentication.logout.LogoutFilter.doFilter(LogoutFilter.java:110)
	at org.springframework.security.web.FilterChainProxy$VirtualFilterChain.doFilter(FilterChainProxy.java:342)
	at org.springframework.security.web.session.ConcurrentSessionFilter.doFilter(ConcurrentSessionFilter.java:125)
	at org.springframework.security.web.FilterChainProxy$VirtualFilterChain.doFilter(FilterChainProxy.java:342)
	at org.springframework.security.web.context.SecurityContextPersistenceFilter.doFilter(SecurityContextPersistenceFilter.java:87)
	at org.springframework.security.web.FilterChainProxy$VirtualFilterChain.doFilter(FilterChainProxy.java:342)
	at org.springframework.security.web.access.channel.ChannelProcessingFilter.doFilter(ChannelProcessingFilter.java:144)
	at org.springframework.security.web.FilterChainProxy$VirtualFilterChain.doFilter(FilterChainProxy.java:342)
	at org.springframework.security.web.FilterChainProxy.doFilterInternal(FilterChainProxy.java:192)
	at org.springframework.security.web.FilterChainProxy.doFilter(FilterChainProxy.java:160)
	at org.springframework.web.filter.DelegatingFilterProxy.invokeDelegate(DelegatingFilterProxy.java:344)
	at org.springframework.web.filter.DelegatingFilterProxy.doFilter(DelegatingFilterProxy.java:261)
	at org.mortbay.jetty.servlet.ServletHandler$CachedChain.doFilter(ServletHandler.java:1212)
	at org.mortbay.jetty.servlet.ServletHandler.handle(ServletHandler.java:399)
	at org.mortbay.jetty.security.SecurityHandler.handle(SecurityHandler.java:216)
	at org.mortbay.jetty.servlet.SessionHandler.handle(SessionHandler.java:182)
	at org.mortbay.jetty.handler.ContextHandler.handle(ContextHandler.java:766)
	at org.mortbay.jetty.webapp.WebAppContext.handle(WebAppContext.java:450)
	at org.mortbay.jetty.handler.ContextHandlerCollection.handle(ContextHandlerCollection.java:230)
	at org.mortbay.jetty.handler.HandlerCollection.handle(HandlerCollection.java:114)
	at org.mortbay.jetty.handler.HandlerWrapper.handle(HandlerWrapper.java:152)
	at org.mortbay.jetty.Server.handle(Server.java:326)
	at org.mortbay.jetty.HttpConnection.handleRequest(HttpConnection.java:542)
	at org.mortbay.jetty.HttpConnection$RequestHandler.content(HttpConnection.java:945)
	at org.mortbay.jetty.HttpParser.parseNext(HttpParser.java:756)
	at org.mortbay.jetty.HttpParser.parseAvailable(HttpParser.java:218)
	at org.mortbay.jetty.HttpConnection.handle(HttpConnection.java:404)
	at org.mortbay.io.nio.SelectChannelEndPoint.run(SelectChannelEndPoint.java:410)
	at org.mortbay.thread.QueuedThreadPool$PoolThread.run(QueuedThreadPool.java:582)
Caused by: org.apache.ibatis.exceptions.PersistenceException: 
### Error querying database.  Cause: org.springframework.jdbc.CannotGetJdbcConnectionException: Could not get JDBC Connection; nested exception is java.sql.SQLException: Connections could not be acquired from the underlying database!
### The error may exist in org/openlmis/core/repository/mapper/UserMapper.java (best guess)
### The error may involve org.openlmis.core.repository.mapper.UserMapper.selectUserByUserNameAndPassword
### The error occurred while executing a query
### Cause: org.springframework.jdbc.CannotGetJdbcConnectionException: Could not get JDBC Connection; nested exception is java.sql.SQLException: Connections could not be acquired from the underlying database!
	at org.apache.ibatis.exceptions.ExceptionFactory.wrapException(ExceptionFactory.java:30)
	at org.apache.ibatis.session.defaults.DefaultSqlSession.selectList(DefaultSqlSession.java:150)
	at org.apache.ibatis.session.defaults.DefaultSqlSession.selectList(DefaultSqlSession.java:141)
	at org.apache.ibatis.session.defaults.DefaultSqlSession.selectOne(DefaultSqlSession.java:77)
	at sun.reflect.NativeMethodAccessorImpl.invoke0(Native Method)
	at sun.reflect.NativeMethodAccessorImpl.invoke(NativeMethodAccessorImpl.java:62)
	at sun.reflect.DelegatingMethodAccessorImpl.invoke(DelegatingMethodAccessorImpl.java:43)
	at java.lang.reflect.Method.invoke(Method.java:498)
	at org.mybatis.spring.SqlSessionTemplate$SqlSessionInterceptor.invoke(SqlSessionTemplate.java:434)
	... 99 more
Caused by: org.springframework.jdbc.CannotGetJdbcConnectionException: Could not get JDBC Connection; nested exception is java.sql.SQLException: Connections could not be acquired from the underlying database!
	at org.springframework.jdbc.datasource.DataSourceUtils.getConnection(DataSourceUtils.java:80)
	at org.mybatis.spring.transaction.SpringManagedTransaction.openConnection(SpringManagedTransaction.java:84)
	at org.mybatis.spring.transaction.SpringManagedTransaction.getConnection(SpringManagedTransaction.java:70)
	at org.apache.ibatis.executor.BaseExecutor.getConnection(BaseExecutor.java:336)
	at org.apache.ibatis.executor.SimpleExecutor.prepareStatement(SimpleExecutor.java:84)
	at org.apache.ibatis.executor.SimpleExecutor.doQuery(SimpleExecutor.java:62)
	at org.apache.ibatis.executor.BaseExecutor.queryFromDatabase(BaseExecutor.java:324)
	at org.apache.ibatis.executor.BaseExecutor.query(BaseExecutor.java:156)
	at org.apache.ibatis.executor.CachingExecutor.query(CachingExecutor.java:109)
	at org.apache.ibatis.executor.CachingExecutor.query(CachingExecutor.java:83)
	at org.apache.ibatis.session.defaults.DefaultSqlSession.selectList(DefaultSqlSession.java:148)
	... 106 more
Caused by: java.sql.SQLException: Connections could not be acquired from the underlying database!
	at com.mchange.v2.sql.SqlUtils.toSQLException(SqlUtils.java:118)
	at com.mchange.v2.c3p0.impl.C3P0PooledConnectionPool.checkoutPooledConnection(C3P0PooledConnectionPool.java:689)
	at com.mchange.v2.c3p0.impl.AbstractPoolBackedDataSource.getConnection(AbstractPoolBackedDataSource.java:140)
	at org.springframework.jdbc.datasource.DataSourceUtils.doGetConnection(DataSourceUtils.java:111)
	at org.springframework.jdbc.datasource.DataSourceUtils.getConnection(DataSourceUtils.java:77)
	... 116 more
Caused by: com.mchange.v2.resourcepool.CannotAcquireResourceException: A ResourcePool could not acquire a resource from its primary factory or source.
	at com.mchange.v2.resourcepool.BasicResourcePool.awaitAvailable(BasicResourcePool.java:1418)
	at com.mchange.v2.resourcepool.BasicResourcePool.prelimCheckoutResource(BasicResourcePool.java:606)
	at com.mchange.v2.resourcepool.BasicResourcePool.checkoutResource(BasicResourcePool.java:526)
	at com.mchange.v2.c3p0.impl.C3P0PooledConnectionPool.checkoutAndMarkConnectionInUse(C3P0PooledConnectionPool.java:755)
	at com.mchange.v2.c3p0.impl.C3P0PooledConnectionPool.checkoutPooledConnection(C3P0PooledConnectionPool.java:682)
	... 119 more
Nested in org.mybatis.spring.MyBatisSystemException: nested exception is org.apache.ibatis.exceptions.PersistenceException: 
### Error querying database.  Cause: org.springframework.jdbc.CannotGetJdbcConnectionException: Could not get JDBC Connection; nested exception is java.sql.SQLException: Connections could not be acquired from the underlying database!
### The error may exist in org/openlmis/core/repository/mapper/UserMapper.java (best guess)
### The error may involve org.openlmis.core.repository.mapper.UserMapper.selectUserByUserNameAndPassword
### The error occurred while executing a query
### Cause: org.springframework.jdbc.CannotGetJdbcConnectionException: Could not get JDBC Connection; nested exception is java.sql.SQLException: Connections could not be acquired from the underlying database!:
com.mchange.v2.resourcepool.CannotAcquireResourceException: A ResourcePool could not acquire a resource from its primary factory or source.
	at com.mchange.v2.resourcepool.BasicResourcePool.awaitAvailable(BasicResourcePool.java:1418)
	at com.mchange.v2.resourcepool.BasicResourcePool.prelimCheckoutResource(BasicResourcePool.java:606)
	at com.mchange.v2.resourcepool.BasicResourcePool.checkoutResource(BasicResourcePool.java:526)
	at com.mchange.v2.c3p0.impl.C3P0PooledConnectionPool.checkoutAndMarkConnectionInUse(C3P0PooledConnectionPool.java:755)
	at com.mchange.v2.c3p0.impl.C3P0PooledConnectionPool.checkoutPooledConnection(C3P0PooledConnectionPool.java:682)
	at com.mchange.v2.c3p0.impl.AbstractPoolBackedDataSource.getConnection(AbstractPoolBackedDataSource.java:140)
	at org.springframework.jdbc.datasource.DataSourceUtils.doGetConnection(DataSourceUtils.java:111)
	at org.springframework.jdbc.datasource.DataSourceUtils.getConnection(DataSourceUtils.java:77)
	at org.mybatis.spring.transaction.SpringManagedTransaction.openConnection(SpringManagedTransaction.java:84)
	at org.mybatis.spring.transaction.SpringManagedTransaction.getConnection(SpringManagedTransaction.java:70)
	at org.apache.ibatis.executor.BaseExecutor.getConnection(BaseExecutor.java:336)
	at org.apache.ibatis.executor.SimpleExecutor.prepareStatement(SimpleExecutor.java:84)
	at org.apache.ibatis.executor.SimpleExecutor.doQuery(SimpleExecutor.java:62)
	at org.apache.ibatis.executor.BaseExecutor.queryFromDatabase(BaseExecutor.java:324)
	at org.apache.ibatis.executor.BaseExecutor.query(BaseExecutor.java:156)
	at org.apache.ibatis.executor.CachingExecutor.query(CachingExecutor.java:109)
	at org.apache.ibatis.executor.CachingExecutor.query(CachingExecutor.java:83)
	at org.apache.ibatis.session.defaults.DefaultSqlSession.selectList(DefaultSqlSession.java:148)
	at org.apache.ibatis.session.defaults.DefaultSqlSession.selectList(DefaultSqlSession.java:141)
	at org.apache.ibatis.session.defaults.DefaultSqlSession.selectOne(DefaultSqlSession.java:77)
	at sun.reflect.NativeMethodAccessorImpl.invoke0(Native Method)
	at sun.reflect.NativeMethodAccessorImpl.invoke(NativeMethodAccessorImpl.java:62)
	at sun.reflect.DelegatingMethodAccessorImpl.invoke(DelegatingMethodAccessorImpl.java:43)
	at java.lang.reflect.Method.invoke(Method.java:498)
	at org.mybatis.spring.SqlSessionTemplate$SqlSessionInterceptor.invoke(SqlSessionTemplate.java:434)
	at com.sun.proxy.$Proxy126.selectOne(Unknown Source)
	at org.mybatis.spring.SqlSessionTemplate.selectOne(SqlSessionTemplate.java:167)
	at org.apache.ibatis.binding.MapperMethod.execute(MapperMethod.java:82)
	at org.apache.ibatis.binding.MapperProxy.invoke(MapperProxy.java:59)
	at com.sun.proxy.$Proxy147.selectUserByUserNameAndPassword(Unknown Source)
	at sun.reflect.NativeMethodAccessorImpl.invoke0(Native Method)
	at sun.reflect.NativeMethodAccessorImpl.invoke(NativeMethodAccessorImpl.java:62)
	at sun.reflect.DelegatingMethodAccessorImpl.invoke(DelegatingMethodAccessorImpl.java:43)
	at java.lang.reflect.Method.invoke(Method.java:498)
	at org.springframework.aop.support.AopUtils.invokeJoinpointUsingReflection(AopUtils.java:317)
	at org.springframework.aop.framework.ReflectiveMethodInvocation.invokeJoinpoint(ReflectiveMethodInvocation.java:190)
	at org.springframework.aop.framework.ReflectiveMethodInvocation.proceed(ReflectiveMethodInvocation.java:157)
	at org.springframework.aop.aspectj.AspectJAfterThrowingAdvice.invoke(AspectJAfterThrowingAdvice.java:58)
	at org.springframework.aop.framework.ReflectiveMethodInvocation.proceed(ReflectiveMethodInvocation.java:179)
	at org.springframework.aop.interceptor.ExposeInvocationInterceptor.invoke(ExposeInvocationInterceptor.java:92)
	at org.springframework.aop.framework.ReflectiveMethodInvocation.proceed(ReflectiveMethodInvocation.java:179)
	at org.springframework.aop.framework.JdkDynamicAopProxy.invoke(JdkDynamicAopProxy.java:207)
	at com.sun.proxy.$Proxy148.selectUserByUserNameAndPassword(Unknown Source)
	at org.openlmis.core.repository.UserRepository.selectUserByUserNameAndPassword(UserRepository.java:131)
	at org.openlmis.core.repository.UserRepository$$FastClassBySpringCGLIB$$ef958b79.invoke(<generated>)
	at org.springframework.cglib.proxy.MethodProxy.invoke(MethodProxy.java:204)
	at org.springframework.aop.framework.CglibAopProxy$CglibMethodInvocation.invokeJoinpoint(CglibAopProxy.java:717)
	at org.springframework.aop.framework.ReflectiveMethodInvocation.proceed(ReflectiveMethodInvocation.java:157)
	at org.springframework.aop.aspectj.AspectJAfterThrowingAdvice.invoke(AspectJAfterThrowingAdvice.java:58)
	at org.springframework.aop.framework.ReflectiveMethodInvocation.proceed(ReflectiveMethodInvocation.java:179)
	at org.springframework.aop.interceptor.ExposeInvocationInterceptor.invoke(ExposeInvocationInterceptor.java:92)
	at org.springframework.aop.framework.ReflectiveMethodInvocation.proceed(ReflectiveMethodInvocation.java:179)
	at org.springframework.aop.framework.CglibAopProxy$DynamicAdvisedInterceptor.intercept(CglibAopProxy.java:653)
	at org.openlmis.core.repository.UserRepository$$EnhancerBySpringCGLIB$$794cc2e3.selectUserByUserNameAndPassword(<generated>)
	at org.openlmis.core.service.UserService.selectUserByUserNameAndPassword(UserService.java:140)
	at org.openlmis.core.service.UserService$$FastClassBySpringCGLIB$$d0e79551.invoke(<generated>)
	at org.springframework.cglib.proxy.MethodProxy.invoke(MethodProxy.java:204)
	at org.springframework.aop.framework.CglibAopProxy$CglibMethodInvocation.invokeJoinpoint(CglibAopProxy.java:717)
	at org.springframework.aop.framework.ReflectiveMethodInvocation.proceed(ReflectiveMethodInvocation.java:157)
	at org.springframework.aop.aspectj.AspectJAfterThrowingAdvice.invoke(AspectJAfterThrowingAdvice.java:58)
	at org.springframework.aop.framework.ReflectiveMethodInvocation.proceed(ReflectiveMethodInvocation.java:179)
	at org.springframework.aop.interceptor.ExposeInvocationInterceptor.invoke(ExposeInvocationInterceptor.java:92)
	at org.springframework.aop.framework.ReflectiveMethodInvocation.proceed(ReflectiveMethodInvocation.java:179)
	at org.springframework.aop.framework.CglibAopProxy$DynamicAdvisedInterceptor.intercept(CglibAopProxy.java:653)
	at org.openlmis.core.service.UserService$$EnhancerBySpringCGLIB$$64593fa.selectUserByUserNameAndPassword(<generated>)
	at org.openlmis.authentication.service.UserAuthenticationService.authenticateUser(UserAuthenticationService.java:39)
	at org.openlmis.authentication.service.UserAuthenticationService$$FastClassBySpringCGLIB$$a8a67892.invoke(<generated>)
	at org.springframework.cglib.proxy.MethodProxy.invoke(MethodProxy.java:204)
	at org.springframework.aop.framework.CglibAopProxy$CglibMethodInvocation.invokeJoinpoint(CglibAopProxy.java:717)
	at org.springframework.aop.framework.ReflectiveMethodInvocation.proceed(ReflectiveMethodInvocation.java:157)
	at org.springframework.aop.aspectj.AspectJAfterThrowingAdvice.invoke(AspectJAfterThrowingAdvice.java:58)
	at org.springframework.aop.framework.ReflectiveMethodInvocation.proceed(ReflectiveMethodInvocation.java:179)
	at org.springframework.aop.interceptor.ExposeInvocationInterceptor.invoke(ExposeInvocationInterceptor.java:92)
	at org.springframework.aop.framework.ReflectiveMethodInvocation.proceed(ReflectiveMethodInvocation.java:179)
	at org.springframework.aop.framework.CglibAopProxy$DynamicAdvisedInterceptor.intercept(CglibAopProxy.java:653)
	at org.openlmis.authentication.service.UserAuthenticationService$$EnhancerBySpringCGLIB$$89fbcddc.authenticateUser(<generated>)
	at org.openlmis.authentication.web.UserAuthenticationProvider.authenticate(UserAuthenticationProvider.java:46)
	at sun.reflect.NativeMethodAccessorImpl.invoke0(Native Method)
	at sun.reflect.NativeMethodAccessorImpl.invoke(NativeMethodAccessorImpl.java:62)
	at sun.reflect.DelegatingMethodAccessorImpl.invoke(DelegatingMethodAccessorImpl.java:43)
	at java.lang.reflect.Method.invoke(Method.java:498)
	at org.springframework.aop.support.AopUtils.invokeJoinpointUsingReflection(AopUtils.java:317)
	at org.springframework.aop.framework.ReflectiveMethodInvocation.invokeJoinpoint(ReflectiveMethodInvocation.java:190)
	at org.springframework.aop.framework.ReflectiveMethodInvocation.proceed(ReflectiveMethodInvocation.java:157)
	at org.springframework.aop.aspectj.AspectJAfterThrowingAdvice.invoke(AspectJAfterThrowingAdvice.java:58)
	at org.springframework.aop.framework.ReflectiveMethodInvocation.proceed(ReflectiveMethodInvocation.java:179)
	at org.springframework.aop.interceptor.ExposeInvocationInterceptor.invoke(ExposeInvocationInterceptor.java:92)
	at org.springframework.aop.framework.ReflectiveMethodInvocation.proceed(ReflectiveMethodInvocation.java:179)
	at org.springframework.aop.framework.JdkDynamicAopProxy.invoke(JdkDynamicAopProxy.java:207)
	at com.sun.proxy.$Proxy513.authenticate(Unknown Source)
	at org.springframework.security.authentication.ProviderManager.authenticate(ProviderManager.java:156)
	at org.springframework.security.authentication.ProviderManager.authenticate(ProviderManager.java:177)
	at org.springframework.security.web.authentication.UsernamePasswordAuthenticationFilter.attemptAuthentication(UsernamePasswordAuthenticationFilter.java:92)
	at org.springframework.security.web.authentication.AbstractAuthenticationProcessingFilter.doFilter(AbstractAuthenticationProcessingFilter.java:211)
	at org.springframework.security.web.FilterChainProxy$VirtualFilterChain.doFilter(FilterChainProxy.java:342)
	at org.springframework.security.web.authentication.logout.LogoutFilter.doFilter(LogoutFilter.java:110)
	at org.springframework.security.web.FilterChainProxy$VirtualFilterChain.doFilter(FilterChainProxy.java:342)
	at org.springframework.security.web.session.ConcurrentSessionFilter.doFilter(ConcurrentSessionFilter.java:125)
	at org.springframework.security.web.FilterChainProxy$VirtualFilterChain.doFilter(FilterChainProxy.java:342)
	at org.springframework.security.web.context.SecurityContextPersistenceFilter.doFilter(SecurityContextPersistenceFilter.java:87)
	at org.springframework.security.web.FilterChainProxy$VirtualFilterChain.doFilter(FilterChainProxy.java:342)
	at org.springframework.security.web.access.channel.ChannelProcessingFilter.doFilter(ChannelProcessingFilter.java:144)
	at org.springframework.security.web.FilterChainProxy$VirtualFilterChain.doFilter(FilterChainProxy.java:342)
	at org.springframework.security.web.FilterChainProxy.doFilterInternal(FilterChainProxy.java:192)
	at org.springframework.security.web.FilterChainProxy.doFilter(FilterChainProxy.java:160)
	at org.springframework.web.filter.DelegatingFilterProxy.invokeDelegate(DelegatingFilterProxy.java:344)
	at org.springframework.web.filter.DelegatingFilterProxy.doFilter(DelegatingFilterProxy.java:261)
	at org.mortbay.jetty.servlet.ServletHandler$CachedChain.doFilter(ServletHandler.java:1212)
	at org.mortbay.jetty.servlet.ServletHandler.handle(ServletHandler.java:399)
	at org.mortbay.jetty.security.SecurityHandler.handle(SecurityHandler.java:216)
	at org.mortbay.jetty.servlet.SessionHandler.handle(SessionHandler.java:182)
	at org.mortbay.jetty.handler.ContextHandler.handle(ContextHandler.java:766)
	at org.mortbay.jetty.webapp.WebAppContext.handle(WebAppContext.java:450)
	at org.mortbay.jetty.handler.ContextHandlerCollection.handle(ContextHandlerCollection.java:230)
	at org.mortbay.jetty.handler.HandlerCollection.handle(HandlerCollection.java:114)
	at org.mortbay.jetty.handler.HandlerWrapper.handle(HandlerWrapper.java:152)
	at org.mortbay.jetty.Server.handle(Server.java:326)
	at org.mortbay.jetty.HttpConnection.handleRequest(HttpConnection.java:542)
	at org.mortbay.jetty.HttpConnection$RequestHandler.content(HttpConnection.java:945)
	at org.mortbay.jetty.HttpParser.parseNext(HttpParser.java:756)
	at org.mortbay.jetty.HttpParser.parseAvailable(HttpParser.java:218)
	at org.mortbay.jetty.HttpConnection.handle(HttpConnection.java:404)
	at org.mortbay.io.nio.SelectChannelEndPoint.run(SelectChannelEndPoint.java:410)
	at org.mortbay.thread.QueuedThreadPool$PoolThread.run(QueuedThreadPool.java:582)
/j_spring_security_check
org.mybatis.spring.MyBatisSystemException: nested exception is org.apache.ibatis.exceptions.PersistenceException: 
### Error querying database.  Cause: org.springframework.jdbc.CannotGetJdbcConnectionException: Could not get JDBC Connection; nested exception is java.sql.SQLException: Connections could not be acquired from the underlying database!
### The error may exist in org/openlmis/core/repository/mapper/UserMapper.java (best guess)
### The error may involve org.openlmis.core.repository.mapper.UserMapper.selectUserByUserNameAndPassword
### The error occurred while executing a query
### Cause: org.springframework.jdbc.CannotGetJdbcConnectionException: Could not get JDBC Connection; nested exception is java.sql.SQLException: Connections could not be acquired from the underlying database!
	at org.mybatis.spring.MyBatisExceptionTranslator.translateExceptionIfPossible(MyBatisExceptionTranslator.java:79)
	at org.mybatis.spring.SqlSessionTemplate$SqlSessionInterceptor.invoke(SqlSessionTemplate.java:447)
	at com.sun.proxy.$Proxy126.selectOne(Unknown Source)
	at org.mybatis.spring.SqlSessionTemplate.selectOne(SqlSessionTemplate.java:167)
	at org.apache.ibatis.binding.MapperMethod.execute(MapperMethod.java:82)
	at org.apache.ibatis.binding.MapperProxy.invoke(MapperProxy.java:59)
	at com.sun.proxy.$Proxy147.selectUserByUserNameAndPassword(Unknown Source)
	at sun.reflect.NativeMethodAccessorImpl.invoke0(Native Method)
	at sun.reflect.NativeMethodAccessorImpl.invoke(NativeMethodAccessorImpl.java:62)
	at sun.reflect.DelegatingMethodAccessorImpl.invoke(DelegatingMethodAccessorImpl.java:43)
	at java.lang.reflect.Method.invoke(Method.java:498)
	at org.springframework.aop.support.AopUtils.invokeJoinpointUsingReflection(AopUtils.java:317)
	at org.springframework.aop.framework.ReflectiveMethodInvocation.invokeJoinpoint(ReflectiveMethodInvocation.java:190)
	at org.springframework.aop.framework.ReflectiveMethodInvocation.proceed(ReflectiveMethodInvocation.java:157)
	at org.springframework.aop.aspectj.AspectJAfterThrowingAdvice.invoke(AspectJAfterThrowingAdvice.java:58)
	at org.springframework.aop.framework.ReflectiveMethodInvocation.proceed(ReflectiveMethodInvocation.java:179)
	at org.springframework.aop.interceptor.ExposeInvocationInterceptor.invoke(ExposeInvocationInterceptor.java:92)
	at org.springframework.aop.framework.ReflectiveMethodInvocation.proceed(ReflectiveMethodInvocation.java:179)
	at org.springframework.aop.framework.JdkDynamicAopProxy.invoke(JdkDynamicAopProxy.java:207)
	at com.sun.proxy.$Proxy148.selectUserByUserNameAndPassword(Unknown Source)
	at org.openlmis.core.repository.UserRepository.selectUserByUserNameAndPassword(UserRepository.java:131)
	at org.openlmis.core.repository.UserRepository$$FastClassBySpringCGLIB$$ef958b79.invoke(<generated>)
	at org.springframework.cglib.proxy.MethodProxy.invoke(MethodProxy.java:204)
	at org.springframework.aop.framework.CglibAopProxy$CglibMethodInvocation.invokeJoinpoint(CglibAopProxy.java:717)
	at org.springframework.aop.framework.ReflectiveMethodInvocation.proceed(ReflectiveMethodInvocation.java:157)
	at org.springframework.aop.aspectj.AspectJAfterThrowingAdvice.invoke(AspectJAfterThrowingAdvice.java:58)
	at org.springframework.aop.framework.ReflectiveMethodInvocation.proceed(ReflectiveMethodInvocation.java:179)
	at org.springframework.aop.interceptor.ExposeInvocationInterceptor.invoke(ExposeInvocationInterceptor.java:92)
	at org.springframework.aop.framework.ReflectiveMethodInvocation.proceed(ReflectiveMethodInvocation.java:179)
	at org.springframework.aop.framework.CglibAopProxy$DynamicAdvisedInterceptor.intercept(CglibAopProxy.java:653)
	at org.openlmis.core.repository.UserRepository$$EnhancerBySpringCGLIB$$794cc2e3.selectUserByUserNameAndPassword(<generated>)
	at org.openlmis.core.service.UserService.selectUserByUserNameAndPassword(UserService.java:140)
	at org.openlmis.core.service.UserService$$FastClassBySpringCGLIB$$d0e79551.invoke(<generated>)
	at org.springframework.cglib.proxy.MethodProxy.invoke(MethodProxy.java:204)
	at org.springframework.aop.framework.CglibAopProxy$CglibMethodInvocation.invokeJoinpoint(CglibAopProxy.java:717)
	at org.springframework.aop.framework.ReflectiveMethodInvocation.proceed(ReflectiveMethodInvocation.java:157)
	at org.springframework.aop.aspectj.AspectJAfterThrowingAdvice.invoke(AspectJAfterThrowingAdvice.java:58)
	at org.springframework.aop.framework.ReflectiveMethodInvocation.proceed(ReflectiveMethodInvocation.java:179)
	at org.springframework.aop.interceptor.ExposeInvocationInterceptor.invoke(ExposeInvocationInterceptor.java:92)
	at org.springframework.aop.framework.ReflectiveMethodInvocation.proceed(ReflectiveMethodInvocation.java:179)
	at org.springframework.aop.framework.CglibAopProxy$DynamicAdvisedInterceptor.intercept(CglibAopProxy.java:653)
	at org.openlmis.core.service.UserService$$EnhancerBySpringCGLIB$$64593fa.selectUserByUserNameAndPassword(<generated>)
	at org.openlmis.authentication.service.UserAuthenticationService.authenticateUser(UserAuthenticationService.java:39)
	at org.openlmis.authentication.service.UserAuthenticationService$$FastClassBySpringCGLIB$$a8a67892.invoke(<generated>)
	at org.springframework.cglib.proxy.MethodProxy.invoke(MethodProxy.java:204)
	at org.springframework.aop.framework.CglibAopProxy$CglibMethodInvocation.invokeJoinpoint(CglibAopProxy.java:717)
	at org.springframework.aop.framework.ReflectiveMethodInvocation.proceed(ReflectiveMethodInvocation.java:157)
	at org.springframework.aop.aspectj.AspectJAfterThrowingAdvice.invoke(AspectJAfterThrowingAdvice.java:58)
	at org.springframework.aop.framework.ReflectiveMethodInvocation.proceed(ReflectiveMethodInvocation.java:179)
	at org.springframework.aop.interceptor.ExposeInvocationInterceptor.invoke(ExposeInvocationInterceptor.java:92)
	at org.springframework.aop.framework.ReflectiveMethodInvocation.proceed(ReflectiveMethodInvocation.java:179)
	at org.springframework.aop.framework.CglibAopProxy$DynamicAdvisedInterceptor.intercept(CglibAopProxy.java:653)
	at org.openlmis.authentication.service.UserAuthenticationService$$EnhancerBySpringCGLIB$$89fbcddc.authenticateUser(<generated>)
	at org.openlmis.authentication.web.UserAuthenticationProvider.authenticate(UserAuthenticationProvider.java:46)
	at sun.reflect.NativeMethodAccessorImpl.invoke0(Native Method)
	at sun.reflect.NativeMethodAccessorImpl.invoke(NativeMethodAccessorImpl.java:62)
	at sun.reflect.DelegatingMethodAccessorImpl.invoke(DelegatingMethodAccessorImpl.java:43)
	at java.lang.reflect.Method.invoke(Method.java:498)
	at org.springframework.aop.support.AopUtils.invokeJoinpointUsingReflection(AopUtils.java:317)
	at org.springframework.aop.framework.ReflectiveMethodInvocation.invokeJoinpoint(ReflectiveMethodInvocation.java:190)
	at org.springframework.aop.framework.ReflectiveMethodInvocation.proceed(ReflectiveMethodInvocation.java:157)
	at org.springframework.aop.aspectj.AspectJAfterThrowingAdvice.invoke(AspectJAfterThrowingAdvice.java:58)
	at org.springframework.aop.framework.ReflectiveMethodInvocation.proceed(ReflectiveMethodInvocation.java:179)
	at org.springframework.aop.interceptor.ExposeInvocationInterceptor.invoke(ExposeInvocationInterceptor.java:92)
	at org.springframework.aop.framework.ReflectiveMethodInvocation.proceed(ReflectiveMethodInvocation.java:179)
	at org.springframework.aop.framework.JdkDynamicAopProxy.invoke(JdkDynamicAopProxy.java:207)
	at com.sun.proxy.$Proxy513.authenticate(Unknown Source)
	at org.springframework.security.authentication.ProviderManager.authenticate(ProviderManager.java:156)
	at org.springframework.security.authentication.ProviderManager.authenticate(ProviderManager.java:177)
	at org.springframework.security.web.authentication.UsernamePasswordAuthenticationFilter.attemptAuthentication(UsernamePasswordAuthenticationFilter.java:92)
	at org.springframework.security.web.authentication.AbstractAuthenticationProcessingFilter.doFilter(AbstractAuthenticationProcessingFilter.java:211)
	at org.springframework.security.web.FilterChainProxy$VirtualFilterChain.doFilter(FilterChainProxy.java:342)
	at org.springframework.security.web.authentication.logout.LogoutFilter.doFilter(LogoutFilter.java:110)
	at org.springframework.security.web.FilterChainProxy$VirtualFilterChain.doFilter(FilterChainProxy.java:342)
	at org.springframework.security.web.session.ConcurrentSessionFilter.doFilter(ConcurrentSessionFilter.java:125)
	at org.springframework.security.web.FilterChainProxy$VirtualFilterChain.doFilter(FilterChainProxy.java:342)
	at org.springframework.security.web.context.SecurityContextPersistenceFilter.doFilter(SecurityContextPersistenceFilter.java:87)
	at org.springframework.security.web.FilterChainProxy$VirtualFilterChain.doFilter(FilterChainProxy.java:342)
	at org.springframework.security.web.access.channel.ChannelProcessingFilter.doFilter(ChannelProcessingFilter.java:144)
	at org.springframework.security.web.FilterChainProxy$VirtualFilterChain.doFilter(FilterChainProxy.java:342)
	at org.springframework.security.web.FilterChainProxy.doFilterInternal(FilterChainProxy.java:192)
	at org.springframework.security.web.FilterChainProxy.doFilter(FilterChainProxy.java:160)
	at org.springframework.web.filter.DelegatingFilterProxy.invokeDelegate(DelegatingFilterProxy.java:344)
	at org.springframework.web.filter.DelegatingFilterProxy.doFilter(DelegatingFilterProxy.java:261)
	at org.mortbay.jetty.servlet.ServletHandler$CachedChain.doFilter(ServletHandler.java:1212)
	at org.mortbay.jetty.servlet.ServletHandler.handle(ServletHandler.java:399)
	at org.mortbay.jetty.security.SecurityHandler.handle(SecurityHandler.java:216)
	at org.mortbay.jetty.servlet.SessionHandler.handle(SessionHandler.java:182)
	at org.mortbay.jetty.handler.ContextHandler.handle(ContextHandler.java:766)
	at org.mortbay.jetty.webapp.WebAppContext.handle(WebAppContext.java:450)
	at org.mortbay.jetty.handler.ContextHandlerCollection.handle(ContextHandlerCollection.java:230)
	at org.mortbay.jetty.handler.HandlerCollection.handle(HandlerCollection.java:114)
	at org.mortbay.jetty.handler.HandlerWrapper.handle(HandlerWrapper.java:152)
	at org.mortbay.jetty.Server.handle(Server.java:326)
	at org.mortbay.jetty.HttpConnection.handleRequest(HttpConnection.java:542)
	at org.mortbay.jetty.HttpConnection$RequestHandler.content(HttpConnection.java:945)
	at org.mortbay.jetty.HttpParser.parseNext(HttpParser.java:756)
	at org.mortbay.jetty.HttpParser.parseAvailable(HttpParser.java:218)
	at org.mortbay.jetty.HttpConnection.handle(HttpConnection.java:404)
	at org.mortbay.io.nio.SelectChannelEndPoint.run(SelectChannelEndPoint.java:410)
	at org.mortbay.thread.QueuedThreadPool$PoolThread.run(QueuedThreadPool.java:582)
Caused by: org.apache.ibatis.exceptions.PersistenceException: 
### Error querying database.  Cause: org.springframework.jdbc.CannotGetJdbcConnectionException: Could not get JDBC Connection; nested exception is java.sql.SQLException: Connections could not be acquired from the underlying database!
### The error may exist in org/openlmis/core/repository/mapper/UserMapper.java (best guess)
### The error may involve org.openlmis.core.repository.mapper.UserMapper.selectUserByUserNameAndPassword
### The error occurred while executing a query
### Cause: org.springframework.jdbc.CannotGetJdbcConnectionException: Could not get JDBC Connection; nested exception is java.sql.SQLException: Connections could not be acquired from the underlying database!
	at org.apache.ibatis.exceptions.ExceptionFactory.wrapException(ExceptionFactory.java:30)
	at org.apache.ibatis.session.defaults.DefaultSqlSession.selectList(DefaultSqlSession.java:150)
	at org.apache.ibatis.session.defaults.DefaultSqlSession.selectList(DefaultSqlSession.java:141)
	at org.apache.ibatis.session.defaults.DefaultSqlSession.selectOne(DefaultSqlSession.java:77)
	at sun.reflect.NativeMethodAccessorImpl.invoke0(Native Method)
	at sun.reflect.NativeMethodAccessorImpl.invoke(NativeMethodAccessorImpl.java:62)
	at sun.reflect.DelegatingMethodAccessorImpl.invoke(DelegatingMethodAccessorImpl.java:43)
	at java.lang.reflect.Method.invoke(Method.java:498)
	at org.mybatis.spring.SqlSessionTemplate$SqlSessionInterceptor.invoke(SqlSessionTemplate.java:434)
	... 99 more
Caused by: org.springframework.jdbc.CannotGetJdbcConnectionException: Could not get JDBC Connection; nested exception is java.sql.SQLException: Connections could not be acquired from the underlying database!
	at org.springframework.jdbc.datasource.DataSourceUtils.getConnection(DataSourceUtils.java:80)
	at org.mybatis.spring.transaction.SpringManagedTransaction.openConnection(SpringManagedTransaction.java:84)
	at org.mybatis.spring.transaction.SpringManagedTransaction.getConnection(SpringManagedTransaction.java:70)
	at org.apache.ibatis.executor.BaseExecutor.getConnection(BaseExecutor.java:336)
	at org.apache.ibatis.executor.SimpleExecutor.prepareStatement(SimpleExecutor.java:84)
	at org.apache.ibatis.executor.SimpleExecutor.doQuery(SimpleExecutor.java:62)
	at org.apache.ibatis.executor.BaseExecutor.queryFromDatabase(BaseExecutor.java:324)
	at org.apache.ibatis.executor.BaseExecutor.query(BaseExecutor.java:156)
	at org.apache.ibatis.executor.CachingExecutor.query(CachingExecutor.java:109)
	at org.apache.ibatis.executor.CachingExecutor.query(CachingExecutor.java:83)
	at org.apache.ibatis.session.defaults.DefaultSqlSession.selectList(DefaultSqlSession.java:148)
	... 106 more
Caused by: java.sql.SQLException: Connections could not be acquired from the underlying database!
	at com.mchange.v2.sql.SqlUtils.toSQLException(SqlUtils.java:118)
	at com.mchange.v2.c3p0.impl.C3P0PooledConnectionPool.checkoutPooledConnection(C3P0PooledConnectionPool.java:689)
	at com.mchange.v2.c3p0.impl.AbstractPoolBackedDataSource.getConnection(AbstractPoolBackedDataSource.java:140)
	at org.springframework.jdbc.datasource.DataSourceUtils.doGetConnection(DataSourceUtils.java:111)
	at org.springframework.jdbc.datasource.DataSourceUtils.getConnection(DataSourceUtils.java:77)
	... 116 more
Caused by: com.mchange.v2.resourcepool.CannotAcquireResourceException: A ResourcePool could not acquire a resource from its primary factory or source.
	at com.mchange.v2.resourcepool.BasicResourcePool.awaitAvailable(BasicResourcePool.java:1418)
	at com.mchange.v2.resourcepool.BasicResourcePool.prelimCheckoutResource(BasicResourcePool.java:606)
	at com.mchange.v2.resourcepool.BasicResourcePool.checkoutResource(BasicResourcePool.java:526)
	at com.mchange.v2.c3p0.impl.C3P0PooledConnectionPool.checkoutAndMarkConnectionInUse(C3P0PooledConnectionPool.java:755)
	at com.mchange.v2.c3p0.impl.C3P0PooledConnectionPool.checkoutPooledConnection(C3P0PooledConnectionPool.java:682)
	... 119 more
Nested in org.mybatis.spring.MyBatisSystemException: nested exception is org.apache.ibatis.exceptions.PersistenceException: 
### Error querying database.  Cause: org.springframework.jdbc.CannotGetJdbcConnectionException: Could not get JDBC Connection; nested exception is java.sql.SQLException: Connections could not be acquired from the underlying database!
### The error may exist in org/openlmis/core/repository/mapper/UserMapper.java (best guess)
### The error may involve org.openlmis.core.repository.mapper.UserMapper.selectUserByUserNameAndPassword
### The error occurred while executing a query
### Cause: org.springframework.jdbc.CannotGetJdbcConnectionException: Could not get JDBC Connection; nested exception is java.sql.SQLException: Connections could not be acquired from the underlying database!:
com.mchange.v2.resourcepool.CannotAcquireResourceException: A ResourcePool could not acquire a resource from its primary factory or source.
	at com.mchange.v2.resourcepool.BasicResourcePool.awaitAvailable(BasicResourcePool.java:1418)
	at com.mchange.v2.resourcepool.BasicResourcePool.prelimCheckoutResource(BasicResourcePool.java:606)
	at com.mchange.v2.resourcepool.BasicResourcePool.checkoutResource(BasicResourcePool.java:526)
	at com.mchange.v2.c3p0.impl.C3P0PooledConnectionPool.checkoutAndMarkConnectionInUse(C3P0PooledConnectionPool.java:755)
	at com.mchange.v2.c3p0.impl.C3P0PooledConnectionPool.checkoutPooledConnection(C3P0PooledConnectionPool.java:682)
	at com.mchange.v2.c3p0.impl.AbstractPoolBackedDataSource.getConnection(AbstractPoolBackedDataSource.java:140)
	at org.springframework.jdbc.datasource.DataSourceUtils.doGetConnection(DataSourceUtils.java:111)
	at org.springframework.jdbc.datasource.DataSourceUtils.getConnection(DataSourceUtils.java:77)
	at org.mybatis.spring.transaction.SpringManagedTransaction.openConnection(SpringManagedTransaction.java:84)
	at org.mybatis.spring.transaction.SpringManagedTransaction.getConnection(SpringManagedTransaction.java:70)
	at org.apache.ibatis.executor.BaseExecutor.getConnection(BaseExecutor.java:336)
	at org.apache.ibatis.executor.SimpleExecutor.prepareStatement(SimpleExecutor.java:84)
	at org.apache.ibatis.executor.SimpleExecutor.doQuery(SimpleExecutor.java:62)
	at org.apache.ibatis.executor.BaseExecutor.queryFromDatabase(BaseExecutor.java:324)
	at org.apache.ibatis.executor.BaseExecutor.query(BaseExecutor.java:156)
	at org.apache.ibatis.executor.CachingExecutor.query(CachingExecutor.java:109)
	at org.apache.ibatis.executor.CachingExecutor.query(CachingExecutor.java:83)
	at org.apache.ibatis.session.defaults.DefaultSqlSession.selectList(DefaultSqlSession.java:148)
	at org.apache.ibatis.session.defaults.DefaultSqlSession.selectList(DefaultSqlSession.java:141)
	at org.apache.ibatis.session.defaults.DefaultSqlSession.selectOne(DefaultSqlSession.java:77)
	at sun.reflect.NativeMethodAccessorImpl.invoke0(Native Method)
	at sun.reflect.NativeMethodAccessorImpl.invoke(NativeMethodAccessorImpl.java:62)
	at sun.reflect.DelegatingMethodAccessorImpl.invoke(DelegatingMethodAccessorImpl.java:43)
	at java.lang.reflect.Method.invoke(Method.java:498)
	at org.mybatis.spring.SqlSessionTemplate$SqlSessionInterceptor.invoke(SqlSessionTemplate.java:434)
	at com.sun.proxy.$Proxy126.selectOne(Unknown Source)
	at org.mybatis.spring.SqlSessionTemplate.selectOne(SqlSessionTemplate.java:167)
	at org.apache.ibatis.binding.MapperMethod.execute(MapperMethod.java:82)
	at org.apache.ibatis.binding.MapperProxy.invoke(MapperProxy.java:59)
	at com.sun.proxy.$Proxy147.selectUserByUserNameAndPassword(Unknown Source)
	at sun.reflect.NativeMethodAccessorImpl.invoke0(Native Method)
	at sun.reflect.NativeMethodAccessorImpl.invoke(NativeMethodAccessorImpl.java:62)
	at sun.reflect.DelegatingMethodAccessorImpl.invoke(DelegatingMethodAccessorImpl.java:43)
	at java.lang.reflect.Method.invoke(Method.java:498)
	at org.springframework.aop.support.AopUtils.invokeJoinpointUsingReflection(AopUtils.java:317)
	at org.springframework.aop.framework.ReflectiveMethodInvocation.invokeJoinpoint(ReflectiveMethodInvocation.java:190)
	at org.springframework.aop.framework.ReflectiveMethodInvocation.proceed(ReflectiveMethodInvocation.java:157)
	at org.springframework.aop.aspectj.AspectJAfterThrowingAdvice.invoke(AspectJAfterThrowingAdvice.java:58)
	at org.springframework.aop.framework.ReflectiveMethodInvocation.proceed(ReflectiveMethodInvocation.java:179)
	at org.springframework.aop.interceptor.ExposeInvocationInterceptor.invoke(ExposeInvocationInterceptor.java:92)
	at org.springframework.aop.framework.ReflectiveMethodInvocation.proceed(ReflectiveMethodInvocation.java:179)
	at org.springframework.aop.framework.JdkDynamicAopProxy.invoke(JdkDynamicAopProxy.java:207)
	at com.sun.proxy.$Proxy148.selectUserByUserNameAndPassword(Unknown Source)
	at org.openlmis.core.repository.UserRepository.selectUserByUserNameAndPassword(UserRepository.java:131)
	at org.openlmis.core.repository.UserRepository$$FastClassBySpringCGLIB$$ef958b79.invoke(<generated>)
	at org.springframework.cglib.proxy.MethodProxy.invoke(MethodProxy.java:204)
	at org.springframework.aop.framework.CglibAopProxy$CglibMethodInvocation.invokeJoinpoint(CglibAopProxy.java:717)
	at org.springframework.aop.framework.ReflectiveMethodInvocation.proceed(ReflectiveMethodInvocation.java:157)
	at org.springframework.aop.aspectj.AspectJAfterThrowingAdvice.invoke(AspectJAfterThrowingAdvice.java:58)
	at org.springframework.aop.framework.ReflectiveMethodInvocation.proceed(ReflectiveMethodInvocation.java:179)
	at org.springframework.aop.interceptor.ExposeInvocationInterceptor.invoke(ExposeInvocationInterceptor.java:92)
	at org.springframework.aop.framework.ReflectiveMethodInvocation.proceed(ReflectiveMethodInvocation.java:179)
	at org.springframework.aop.framework.CglibAopProxy$DynamicAdvisedInterceptor.intercept(CglibAopProxy.java:653)
	at org.openlmis.core.repository.UserRepository$$EnhancerBySpringCGLIB$$794cc2e3.selectUserByUserNameAndPassword(<generated>)
	at org.openlmis.core.service.UserService.selectUserByUserNameAndPassword(UserService.java:140)
	at org.openlmis.core.service.UserService$$FastClassBySpringCGLIB$$d0e79551.invoke(<generated>)
	at org.springframework.cglib.proxy.MethodProxy.invoke(MethodProxy.java:204)
	at org.springframework.aop.framework.CglibAopProxy$CglibMethodInvocation.invokeJoinpoint(CglibAopProxy.java:717)
	at org.springframework.aop.framework.ReflectiveMethodInvocation.proceed(ReflectiveMethodInvocation.java:157)
	at org.springframework.aop.aspectj.AspectJAfterThrowingAdvice.invoke(AspectJAfterThrowingAdvice.java:58)
	at org.springframework.aop.framework.ReflectiveMethodInvocation.proceed(ReflectiveMethodInvocation.java:179)
	at org.springframework.aop.interceptor.ExposeInvocationInterceptor.invoke(ExposeInvocationInterceptor.java:92)
	at org.springframework.aop.framework.ReflectiveMethodInvocation.proceed(ReflectiveMethodInvocation.java:179)
	at org.springframework.aop.framework.CglibAopProxy$DynamicAdvisedInterceptor.intercept(CglibAopProxy.java:653)
	at org.openlmis.core.service.UserService$$EnhancerBySpringCGLIB$$64593fa.selectUserByUserNameAndPassword(<generated>)
	at org.openlmis.authentication.service.UserAuthenticationService.authenticateUser(UserAuthenticationService.java:39)
	at org.openlmis.authentication.service.UserAuthenticationService$$FastClassBySpringCGLIB$$a8a67892.invoke(<generated>)
	at org.springframework.cglib.proxy.MethodProxy.invoke(MethodProxy.java:204)
	at org.springframework.aop.framework.CglibAopProxy$CglibMethodInvocation.invokeJoinpoint(CglibAopProxy.java:717)
	at org.springframework.aop.framework.ReflectiveMethodInvocation.proceed(ReflectiveMethodInvocation.java:157)
	at org.springframework.aop.aspectj.AspectJAfterThrowingAdvice.invoke(AspectJAfterThrowingAdvice.java:58)
	at org.springframework.aop.framework.ReflectiveMethodInvocation.proceed(ReflectiveMethodInvocation.java:179)
	at org.springframework.aop.interceptor.ExposeInvocationInterceptor.invoke(ExposeInvocationInterceptor.java:92)
	at org.springframework.aop.framework.ReflectiveMethodInvocation.proceed(ReflectiveMethodInvocation.java:179)
	at org.springframework.aop.framework.CglibAopProxy$DynamicAdvisedInterceptor.intercept(CglibAopProxy.java:653)
	at org.openlmis.authentication.service.UserAuthenticationService$$EnhancerBySpringCGLIB$$89fbcddc.authenticateUser(<generated>)
	at org.openlmis.authentication.web.UserAuthenticationProvider.authenticate(UserAuthenticationProvider.java:46)
	at sun.reflect.NativeMethodAccessorImpl.invoke0(Native Method)
	at sun.reflect.NativeMethodAccessorImpl.invoke(NativeMethodAccessorImpl.java:62)
	at sun.reflect.DelegatingMethodAccessorImpl.invoke(DelegatingMethodAccessorImpl.java:43)
	at java.lang.reflect.Method.invoke(Method.java:498)
	at org.springframework.aop.support.AopUtils.invokeJoinpointUsingReflection(AopUtils.java:317)
	at org.springframework.aop.framework.ReflectiveMethodInvocation.invokeJoinpoint(ReflectiveMethodInvocation.java:190)
	at org.springframework.aop.framework.ReflectiveMethodInvocation.proceed(ReflectiveMethodInvocation.java:157)
	at org.springframework.aop.aspectj.AspectJAfterThrowingAdvice.invoke(AspectJAfterThrowingAdvice.java:58)
	at org.springframework.aop.framework.ReflectiveMethodInvocation.proceed(ReflectiveMethodInvocation.java:179)
	at org.springframework.aop.interceptor.ExposeInvocationInterceptor.invoke(ExposeInvocationInterceptor.java:92)
	at org.springframework.aop.framework.ReflectiveMethodInvocation.proceed(ReflectiveMethodInvocation.java:179)
	at org.springframework.aop.framework.JdkDynamicAopProxy.invoke(JdkDynamicAopProxy.java:207)
	at com.sun.proxy.$Proxy513.authenticate(Unknown Source)
	at org.springframework.security.authentication.ProviderManager.authenticate(ProviderManager.java:156)
	at org.springframework.security.authentication.ProviderManager.authenticate(ProviderManager.java:177)
	at org.springframework.security.web.authentication.UsernamePasswordAuthenticationFilter.attemptAuthentication(UsernamePasswordAuthenticationFilter.java:92)
	at org.springframework.security.web.authentication.AbstractAuthenticationProcessingFilter.doFilter(AbstractAuthenticationProcessingFilter.java:211)
	at org.springframework.security.web.FilterChainProxy$VirtualFilterChain.doFilter(FilterChainProxy.java:342)
	at org.springframework.security.web.authentication.logout.LogoutFilter.doFilter(LogoutFilter.java:110)
	at org.springframework.security.web.FilterChainProxy$VirtualFilterChain.doFilter(FilterChainProxy.java:342)
	at org.springframework.security.web.session.ConcurrentSessionFilter.doFilter(ConcurrentSessionFilter.java:125)
	at org.springframework.security.web.FilterChainProxy$VirtualFilterChain.doFilter(FilterChainProxy.java:342)
	at org.springframework.security.web.context.SecurityContextPersistenceFilter.doFilter(SecurityContextPersistenceFilter.java:87)
	at org.springframework.security.web.FilterChainProxy$VirtualFilterChain.doFilter(FilterChainProxy.java:342)
	at org.springframework.security.web.access.channel.ChannelProcessingFilter.doFilter(ChannelProcessingFilter.java:144)
	at org.springframework.security.web.FilterChainProxy$VirtualFilterChain.doFilter(FilterChainProxy.java:342)
	at org.springframework.security.web.FilterChainProxy.doFilterInternal(FilterChainProxy.java:192)
	at org.springframework.security.web.FilterChainProxy.doFilter(FilterChainProxy.java:160)
	at org.springframework.web.filter.DelegatingFilterProxy.invokeDelegate(DelegatingFilterProxy.java:344)
	at org.springframework.web.filter.DelegatingFilterProxy.doFilter(DelegatingFilterProxy.java:261)
	at org.mortbay.jetty.servlet.ServletHandler$CachedChain.doFilter(ServletHandler.java:1212)
	at org.mortbay.jetty.servlet.ServletHandler.handle(ServletHandler.java:399)
	at org.mortbay.jetty.security.SecurityHandler.handle(SecurityHandler.java:216)
	at org.mortbay.jetty.servlet.SessionHandler.handle(SessionHandler.java:182)
	at org.mortbay.jetty.handler.ContextHandler.handle(ContextHandler.java:766)
	at org.mortbay.jetty.webapp.WebAppContext.handle(WebAppContext.java:450)
	at org.mortbay.jetty.handler.ContextHandlerCollection.handle(ContextHandlerCollection.java:230)
	at org.mortbay.jetty.handler.HandlerCollection.handle(HandlerCollection.java:114)
	at org.mortbay.jetty.handler.HandlerWrapper.handle(HandlerWrapper.java:152)
	at org.mortbay.jetty.Server.handle(Server.java:326)
	at org.mortbay.jetty.HttpConnection.handleRequest(HttpConnection.java:542)
	at org.mortbay.jetty.HttpConnection$RequestHandler.content(HttpConnection.java:945)
	at org.mortbay.jetty.HttpParser.parseNext(HttpParser.java:756)
	at org.mortbay.jetty.HttpParser.parseAvailable(HttpParser.java:218)
	at org.mortbay.jetty.HttpConnection.handle(HttpConnection.java:404)
	at org.mortbay.io.nio.SelectChannelEndPoint.run(SelectChannelEndPoint.java:410)
	at org.mortbay.thread.QueuedThreadPool$PoolThread.run(QueuedThreadPool.java:582)
/j_spring_security_check
org.mybatis.spring.MyBatisSystemException: nested exception is org.apache.ibatis.exceptions.PersistenceException: 
### Error querying database.  Cause: org.springframework.jdbc.CannotGetJdbcConnectionException: Could not get JDBC Connection; nested exception is java.sql.SQLException: Connections could not be acquired from the underlying database!
### The error may exist in org/openlmis/core/repository/mapper/UserMapper.java (best guess)
### The error may involve org.openlmis.core.repository.mapper.UserMapper.selectUserByUserNameAndPassword
### The error occurred while executing a query
### Cause: org.springframework.jdbc.CannotGetJdbcConnectionException: Could not get JDBC Connection; nested exception is java.sql.SQLException: Connections could not be acquired from the underlying database!
	at org.mybatis.spring.MyBatisExceptionTranslator.translateExceptionIfPossible(MyBatisExceptionTranslator.java:79)
	at org.mybatis.spring.SqlSessionTemplate$SqlSessionInterceptor.invoke(SqlSessionTemplate.java:447)
	at com.sun.proxy.$Proxy126.selectOne(Unknown Source)
	at org.mybatis.spring.SqlSessionTemplate.selectOne(SqlSessionTemplate.java:167)
	at org.apache.ibatis.binding.MapperMethod.execute(MapperMethod.java:82)
	at org.apache.ibatis.binding.MapperProxy.invoke(MapperProxy.java:59)
	at com.sun.proxy.$Proxy147.selectUserByUserNameAndPassword(Unknown Source)
	at sun.reflect.NativeMethodAccessorImpl.invoke0(Native Method)
	at sun.reflect.NativeMethodAccessorImpl.invoke(NativeMethodAccessorImpl.java:62)
	at sun.reflect.DelegatingMethodAccessorImpl.invoke(DelegatingMethodAccessorImpl.java:43)
	at java.lang.reflect.Method.invoke(Method.java:498)
	at org.springframework.aop.support.AopUtils.invokeJoinpointUsingReflection(AopUtils.java:317)
	at org.springframework.aop.framework.ReflectiveMethodInvocation.invokeJoinpoint(ReflectiveMethodInvocation.java:190)
	at org.springframework.aop.framework.ReflectiveMethodInvocation.proceed(ReflectiveMethodInvocation.java:157)
	at org.springframework.aop.aspectj.AspectJAfterThrowingAdvice.invoke(AspectJAfterThrowingAdvice.java:58)
	at org.springframework.aop.framework.ReflectiveMethodInvocation.proceed(ReflectiveMethodInvocation.java:179)
	at org.springframework.aop.interceptor.ExposeInvocationInterceptor.invoke(ExposeInvocationInterceptor.java:92)
	at org.springframework.aop.framework.ReflectiveMethodInvocation.proceed(ReflectiveMethodInvocation.java:179)
	at org.springframework.aop.framework.JdkDynamicAopProxy.invoke(JdkDynamicAopProxy.java:207)
	at com.sun.proxy.$Proxy148.selectUserByUserNameAndPassword(Unknown Source)
	at org.openlmis.core.repository.UserRepository.selectUserByUserNameAndPassword(UserRepository.java:131)
	at org.openlmis.core.repository.UserRepository$$FastClassBySpringCGLIB$$ef958b79.invoke(<generated>)
	at org.springframework.cglib.proxy.MethodProxy.invoke(MethodProxy.java:204)
	at org.springframework.aop.framework.CglibAopProxy$CglibMethodInvocation.invokeJoinpoint(CglibAopProxy.java:717)
	at org.springframework.aop.framework.ReflectiveMethodInvocation.proceed(ReflectiveMethodInvocation.java:157)
	at org.springframework.aop.aspectj.AspectJAfterThrowingAdvice.invoke(AspectJAfterThrowingAdvice.java:58)
	at org.springframework.aop.framework.ReflectiveMethodInvocation.proceed(ReflectiveMethodInvocation.java:179)
	at org.springframework.aop.interceptor.ExposeInvocationInterceptor.invoke(ExposeInvocationInterceptor.java:92)
	at org.springframework.aop.framework.ReflectiveMethodInvocation.proceed(ReflectiveMethodInvocation.java:179)
	at org.springframework.aop.framework.CglibAopProxy$DynamicAdvisedInterceptor.intercept(CglibAopProxy.java:653)
	at org.openlmis.core.repository.UserRepository$$EnhancerBySpringCGLIB$$794cc2e3.selectUserByUserNameAndPassword(<generated>)
	at org.openlmis.core.service.UserService.selectUserByUserNameAndPassword(UserService.java:140)
	at org.openlmis.core.service.UserService$$FastClassBySpringCGLIB$$d0e79551.invoke(<generated>)
	at org.springframework.cglib.proxy.MethodProxy.invoke(MethodProxy.java:204)
	at org.springframework.aop.framework.CglibAopProxy$CglibMethodInvocation.invokeJoinpoint(CglibAopProxy.java:717)
	at org.springframework.aop.framework.ReflectiveMethodInvocation.proceed(ReflectiveMethodInvocation.java:157)
	at org.springframework.aop.aspectj.AspectJAfterThrowingAdvice.invoke(AspectJAfterThrowingAdvice.java:58)
	at org.springframework.aop.framework.ReflectiveMethodInvocation.proceed(ReflectiveMethodInvocation.java:179)
	at org.springframework.aop.interceptor.ExposeInvocationInterceptor.invoke(ExposeInvocationInterceptor.java:92)
	at org.springframework.aop.framework.ReflectiveMethodInvocation.proceed(ReflectiveMethodInvocation.java:179)
	at org.springframework.aop.framework.CglibAopProxy$DynamicAdvisedInterceptor.intercept(CglibAopProxy.java:653)
	at org.openlmis.core.service.UserService$$EnhancerBySpringCGLIB$$64593fa.selectUserByUserNameAndPassword(<generated>)
	at org.openlmis.authentication.service.UserAuthenticationService.authenticateUser(UserAuthenticationService.java:39)
	at org.openlmis.authentication.service.UserAuthenticationService$$FastClassBySpringCGLIB$$a8a67892.invoke(<generated>)
	at org.springframework.cglib.proxy.MethodProxy.invoke(MethodProxy.java:204)
	at org.springframework.aop.framework.CglibAopProxy$CglibMethodInvocation.invokeJoinpoint(CglibAopProxy.java:717)
	at org.springframework.aop.framework.ReflectiveMethodInvocation.proceed(ReflectiveMethodInvocation.java:157)
	at org.springframework.aop.aspectj.AspectJAfterThrowingAdvice.invoke(AspectJAfterThrowingAdvice.java:58)
	at org.springframework.aop.framework.ReflectiveMethodInvocation.proceed(ReflectiveMethodInvocation.java:179)
	at org.springframework.aop.interceptor.ExposeInvocationInterceptor.invoke(ExposeInvocationInterceptor.java:92)
	at org.springframework.aop.framework.ReflectiveMethodInvocation.proceed(ReflectiveMethodInvocation.java:179)
	at org.springframework.aop.framework.CglibAopProxy$DynamicAdvisedInterceptor.intercept(CglibAopProxy.java:653)
	at org.openlmis.authentication.service.UserAuthenticationService$$EnhancerBySpringCGLIB$$89fbcddc.authenticateUser(<generated>)
	at org.openlmis.authentication.web.UserAuthenticationProvider.authenticate(UserAuthenticationProvider.java:46)
	at sun.reflect.NativeMethodAccessorImpl.invoke0(Native Method)
	at sun.reflect.NativeMethodAccessorImpl.invoke(NativeMethodAccessorImpl.java:62)
	at sun.reflect.DelegatingMethodAccessorImpl.invoke(DelegatingMethodAccessorImpl.java:43)
	at java.lang.reflect.Method.invoke(Method.java:498)
	at org.springframework.aop.support.AopUtils.invokeJoinpointUsingReflection(AopUtils.java:317)
	at org.springframework.aop.framework.ReflectiveMethodInvocation.invokeJoinpoint(ReflectiveMethodInvocation.java:190)
	at org.springframework.aop.framework.ReflectiveMethodInvocation.proceed(ReflectiveMethodInvocation.java:157)
	at org.springframework.aop.aspectj.AspectJAfterThrowingAdvice.invoke(AspectJAfterThrowingAdvice.java:58)
	at org.springframework.aop.framework.ReflectiveMethodInvocation.proceed(ReflectiveMethodInvocation.java:179)
	at org.springframework.aop.interceptor.ExposeInvocationInterceptor.invoke(ExposeInvocationInterceptor.java:92)
	at org.springframework.aop.framework.ReflectiveMethodInvocation.proceed(ReflectiveMethodInvocation.java:179)
	at org.springframework.aop.framework.JdkDynamicAopProxy.invoke(JdkDynamicAopProxy.java:207)
	at com.sun.proxy.$Proxy513.authenticate(Unknown Source)
	at org.springframework.security.authentication.ProviderManager.authenticate(ProviderManager.java:156)
	at org.springframework.security.authentication.ProviderManager.authenticate(ProviderManager.java:177)
	at org.springframework.security.web.authentication.UsernamePasswordAuthenticationFilter.attemptAuthentication(UsernamePasswordAuthenticationFilter.java:92)
	at org.springframework.security.web.authentication.AbstractAuthenticationProcessingFilter.doFilter(AbstractAuthenticationProcessingFilter.java:211)
	at org.springframework.security.web.FilterChainProxy$VirtualFilterChain.doFilter(FilterChainProxy.java:342)
	at org.springframework.security.web.authentication.logout.LogoutFilter.doFilter(LogoutFilter.java:110)
	at org.springframework.security.web.FilterChainProxy$VirtualFilterChain.doFilter(FilterChainProxy.java:342)
	at org.springframework.security.web.session.ConcurrentSessionFilter.doFilter(ConcurrentSessionFilter.java:125)
	at org.springframework.security.web.FilterChainProxy$VirtualFilterChain.doFilter(FilterChainProxy.java:342)
	at org.springframework.security.web.context.SecurityContextPersistenceFilter.doFilter(SecurityContextPersistenceFilter.java:87)
	at org.springframework.security.web.FilterChainProxy$VirtualFilterChain.doFilter(FilterChainProxy.java:342)
	at org.springframework.security.web.access.channel.ChannelProcessingFilter.doFilter(ChannelProcessingFilter.java:144)
	at org.springframework.security.web.FilterChainProxy$VirtualFilterChain.doFilter(FilterChainProxy.java:342)
	at org.springframework.security.web.FilterChainProxy.doFilterInternal(FilterChainProxy.java:192)
	at org.springframework.security.web.FilterChainProxy.doFilter(FilterChainProxy.java:160)
	at org.springframework.web.filter.DelegatingFilterProxy.invokeDelegate(DelegatingFilterProxy.java:344)
	at org.springframework.web.filter.DelegatingFilterProxy.doFilter(DelegatingFilterProxy.java:261)
	at org.mortbay.jetty.servlet.ServletHandler$CachedChain.doFilter(ServletHandler.java:1212)
	at org.mortbay.jetty.servlet.ServletHandler.handle(ServletHandler.java:399)
	at org.mortbay.jetty.security.SecurityHandler.handle(SecurityHandler.java:216)
	at org.mortbay.jetty.servlet.SessionHandler.handle(SessionHandler.java:182)
	at org.mortbay.jetty.handler.ContextHandler.handle(ContextHandler.java:766)
	at org.mortbay.jetty.webapp.WebAppContext.handle(WebAppContext.java:450)
	at org.mortbay.jetty.handler.ContextHandlerCollection.handle(ContextHandlerCollection.java:230)
	at org.mortbay.jetty.handler.HandlerCollection.handle(HandlerCollection.java:114)
	at org.mortbay.jetty.handler.HandlerWrapper.handle(HandlerWrapper.java:152)
	at org.mortbay.jetty.Server.handle(Server.java:326)
	at org.mortbay.jetty.HttpConnection.handleRequest(HttpConnection.java:542)
	at org.mortbay.jetty.HttpConnection$RequestHandler.content(HttpConnection.java:945)
	at org.mortbay.jetty.HttpParser.parseNext(HttpParser.java:756)
	at org.mortbay.jetty.HttpParser.parseAvailable(HttpParser.java:218)
	at org.mortbay.jetty.HttpConnection.handle(HttpConnection.java:404)
	at org.mortbay.io.nio.SelectChannelEndPoint.run(SelectChannelEndPoint.java:410)
	at org.mortbay.thread.QueuedThreadPool$PoolThread.run(QueuedThreadPool.java:582)
Caused by: org.apache.ibatis.exceptions.PersistenceException: 
### Error querying database.  Cause: org.springframework.jdbc.CannotGetJdbcConnectionException: Could not get JDBC Connection; nested exception is java.sql.SQLException: Connections could not be acquired from the underlying database!
### The error may exist in org/openlmis/core/repository/mapper/UserMapper.java (best guess)
### The error may involve org.openlmis.core.repository.mapper.UserMapper.selectUserByUserNameAndPassword
### The error occurred while executing a query
### Cause: org.springframework.jdbc.CannotGetJdbcConnectionException: Could not get JDBC Connection; nested exception is java.sql.SQLException: Connections could not be acquired from the underlying database!
	at org.apache.ibatis.exceptions.ExceptionFactory.wrapException(ExceptionFactory.java:30)
	at org.apache.ibatis.session.defaults.DefaultSqlSession.selectList(DefaultSqlSession.java:150)
	at org.apache.ibatis.session.defaults.DefaultSqlSession.selectList(DefaultSqlSession.java:141)
	at org.apache.ibatis.session.defaults.DefaultSqlSession.selectOne(DefaultSqlSession.java:77)
	at sun.reflect.NativeMethodAccessorImpl.invoke0(Native Method)
	at sun.reflect.NativeMethodAccessorImpl.invoke(NativeMethodAccessorImpl.java:62)
	at sun.reflect.DelegatingMethodAccessorImpl.invoke(DelegatingMethodAccessorImpl.java:43)
	at java.lang.reflect.Method.invoke(Method.java:498)
	at org.mybatis.spring.SqlSessionTemplate$SqlSessionInterceptor.invoke(SqlSessionTemplate.java:434)
	... 99 more
Caused by: org.springframework.jdbc.CannotGetJdbcConnectionException: Could not get JDBC Connection; nested exception is java.sql.SQLException: Connections could not be acquired from the underlying database!
	at org.springframework.jdbc.datasource.DataSourceUtils.getConnection(DataSourceUtils.java:80)
	at org.mybatis.spring.transaction.SpringManagedTransaction.openConnection(SpringManagedTransaction.java:84)
	at org.mybatis.spring.transaction.SpringManagedTransaction.getConnection(SpringManagedTransaction.java:70)
	at org.apache.ibatis.executor.BaseExecutor.getConnection(BaseExecutor.java:336)
	at org.apache.ibatis.executor.SimpleExecutor.prepareStatement(SimpleExecutor.java:84)
	at org.apache.ibatis.executor.SimpleExecutor.doQuery(SimpleExecutor.java:62)
	at org.apache.ibatis.executor.BaseExecutor.queryFromDatabase(BaseExecutor.java:324)
	at org.apache.ibatis.executor.BaseExecutor.query(BaseExecutor.java:156)
	at org.apache.ibatis.executor.CachingExecutor.query(CachingExecutor.java:109)
	at org.apache.ibatis.executor.CachingExecutor.query(CachingExecutor.java:83)
	at org.apache.ibatis.session.defaults.DefaultSqlSession.selectList(DefaultSqlSession.java:148)
	... 106 more
Caused by: java.sql.SQLException: Connections could not be acquired from the underlying database!
	at com.mchange.v2.sql.SqlUtils.toSQLException(SqlUtils.java:118)
	at com.mchange.v2.c3p0.impl.C3P0PooledConnectionPool.checkoutPooledConnection(C3P0PooledConnectionPool.java:689)
	at com.mchange.v2.c3p0.impl.AbstractPoolBackedDataSource.getConnection(AbstractPoolBackedDataSource.java:140)
	at org.springframework.jdbc.datasource.DataSourceUtils.doGetConnection(DataSourceUtils.java:111)
	at org.springframework.jdbc.datasource.DataSourceUtils.getConnection(DataSourceUtils.java:77)
	... 116 more
Caused by: com.mchange.v2.resourcepool.CannotAcquireResourceException: A ResourcePool could not acquire a resource from its primary factory or source.
	at com.mchange.v2.resourcepool.BasicResourcePool.awaitAvailable(BasicResourcePool.java:1418)
	at com.mchange.v2.resourcepool.BasicResourcePool.prelimCheckoutResource(BasicResourcePool.java:606)
	at com.mchange.v2.resourcepool.BasicResourcePool.checkoutResource(BasicResourcePool.java:526)
	at com.mchange.v2.c3p0.impl.C3P0PooledConnectionPool.checkoutAndMarkConnectionInUse(C3P0PooledConnectionPool.java:755)
	at com.mchange.v2.c3p0.impl.C3P0PooledConnectionPool.checkoutPooledConnection(C3P0PooledConnectionPool.java:682)
	... 119 more
Nested in org.mybatis.spring.MyBatisSystemException: nested exception is org.apache.ibatis.exceptions.PersistenceException: 
### Error querying database.  Cause: org.springframework.jdbc.CannotGetJdbcConnectionException: Could not get JDBC Connection; nested exception is java.sql.SQLException: Connections could not be acquired from the underlying database!
### The error may exist in org/openlmis/core/repository/mapper/UserMapper.java (best guess)
### The error may involve org.openlmis.core.repository.mapper.UserMapper.selectUserByUserNameAndPassword
### The error occurred while executing a query
### Cause: org.springframework.jdbc.CannotGetJdbcConnectionException: Could not get JDBC Connection; nested exception is java.sql.SQLException: Connections could not be acquired from the underlying database!:
com.mchange.v2.resourcepool.CannotAcquireResourceException: A ResourcePool could not acquire a resource from its primary factory or source.
	at com.mchange.v2.resourcepool.BasicResourcePool.awaitAvailable(BasicResourcePool.java:1418)
	at com.mchange.v2.resourcepool.BasicResourcePool.prelimCheckoutResource(BasicResourcePool.java:606)
	at com.mchange.v2.resourcepool.BasicResourcePool.checkoutResource(BasicResourcePool.java:526)
	at com.mchange.v2.c3p0.impl.C3P0PooledConnectionPool.checkoutAndMarkConnectionInUse(C3P0PooledConnectionPool.java:755)
	at com.mchange.v2.c3p0.impl.C3P0PooledConnectionPool.checkoutPooledConnection(C3P0PooledConnectionPool.java:682)
	at com.mchange.v2.c3p0.impl.AbstractPoolBackedDataSource.getConnection(AbstractPoolBackedDataSource.java:140)
	at org.springframework.jdbc.datasource.DataSourceUtils.doGetConnection(DataSourceUtils.java:111)
	at org.springframework.jdbc.datasource.DataSourceUtils.getConnection(DataSourceUtils.java:77)
	at org.mybatis.spring.transaction.SpringManagedTransaction.openConnection(SpringManagedTransaction.java:84)
	at org.mybatis.spring.transaction.SpringManagedTransaction.getConnection(SpringManagedTransaction.java:70)
	at org.apache.ibatis.executor.BaseExecutor.getConnection(BaseExecutor.java:336)
	at org.apache.ibatis.executor.SimpleExecutor.prepareStatement(SimpleExecutor.java:84)
	at org.apache.ibatis.executor.SimpleExecutor.doQuery(SimpleExecutor.java:62)
	at org.apache.ibatis.executor.BaseExecutor.queryFromDatabase(BaseExecutor.java:324)
	at org.apache.ibatis.executor.BaseExecutor.query(BaseExecutor.java:156)
	at org.apache.ibatis.executor.CachingExecutor.query(CachingExecutor.java:109)
	at org.apache.ibatis.executor.CachingExecutor.query(CachingExecutor.java:83)
	at org.apache.ibatis.session.defaults.DefaultSqlSession.selectList(DefaultSqlSession.java:148)
	at org.apache.ibatis.session.defaults.DefaultSqlSession.selectList(DefaultSqlSession.java:141)
	at org.apache.ibatis.session.defaults.DefaultSqlSession.selectOne(DefaultSqlSession.java:77)
	at sun.reflect.NativeMethodAccessorImpl.invoke0(Native Method)
	at sun.reflect.NativeMethodAccessorImpl.invoke(NativeMethodAccessorImpl.java:62)
	at sun.reflect.DelegatingMethodAccessorImpl.invoke(DelegatingMethodAccessorImpl.java:43)
	at java.lang.reflect.Method.invoke(Method.java:498)
	at org.mybatis.spring.SqlSessionTemplate$SqlSessionInterceptor.invoke(SqlSessionTemplate.java:434)
	at com.sun.proxy.$Proxy126.selectOne(Unknown Source)
	at org.mybatis.spring.SqlSessionTemplate.selectOne(SqlSessionTemplate.java:167)
	at org.apache.ibatis.binding.MapperMethod.execute(MapperMethod.java:82)
	at org.apache.ibatis.binding.MapperProxy.invoke(MapperProxy.java:59)
	at com.sun.proxy.$Proxy147.selectUserByUserNameAndPassword(Unknown Source)
	at sun.reflect.NativeMethodAccessorImpl.invoke0(Native Method)
	at sun.reflect.NativeMethodAccessorImpl.invoke(NativeMethodAccessorImpl.java:62)
	at sun.reflect.DelegatingMethodAccessorImpl.invoke(DelegatingMethodAccessorImpl.java:43)
	at java.lang.reflect.Method.invoke(Method.java:498)
	at org.springframework.aop.support.AopUtils.invokeJoinpointUsingReflection(AopUtils.java:317)
	at org.springframework.aop.framework.ReflectiveMethodInvocation.invokeJoinpoint(ReflectiveMethodInvocation.java:190)
	at org.springframework.aop.framework.ReflectiveMethodInvocation.proceed(ReflectiveMethodInvocation.java:157)
	at org.springframework.aop.aspectj.AspectJAfterThrowingAdvice.invoke(AspectJAfterThrowingAdvice.java:58)
	at org.springframework.aop.framework.ReflectiveMethodInvocation.proceed(ReflectiveMethodInvocation.java:179)
	at org.springframework.aop.interceptor.ExposeInvocationInterceptor.invoke(ExposeInvocationInterceptor.java:92)
	at org.springframework.aop.framework.ReflectiveMethodInvocation.proceed(ReflectiveMethodInvocation.java:179)
	at org.springframework.aop.framework.JdkDynamicAopProxy.invoke(JdkDynamicAopProxy.java:207)
	at com.sun.proxy.$Proxy148.selectUserByUserNameAndPassword(Unknown Source)
	at org.openlmis.core.repository.UserRepository.selectUserByUserNameAndPassword(UserRepository.java:131)
	at org.openlmis.core.repository.UserRepository$$FastClassBySpringCGLIB$$ef958b79.invoke(<generated>)
	at org.springframework.cglib.proxy.MethodProxy.invoke(MethodProxy.java:204)
	at org.springframework.aop.framework.CglibAopProxy$CglibMethodInvocation.invokeJoinpoint(CglibAopProxy.java:717)
	at org.springframework.aop.framework.ReflectiveMethodInvocation.proceed(ReflectiveMethodInvocation.java:157)
	at org.springframework.aop.aspectj.AspectJAfterThrowingAdvice.invoke(AspectJAfterThrowingAdvice.java:58)
	at org.springframework.aop.framework.ReflectiveMethodInvocation.proceed(ReflectiveMethodInvocation.java:179)
	at org.springframework.aop.interceptor.ExposeInvocationInterceptor.invoke(ExposeInvocationInterceptor.java:92)
	at org.springframework.aop.framework.ReflectiveMethodInvocation.proceed(ReflectiveMethodInvocation.java:179)
	at org.springframework.aop.framework.CglibAopProxy$DynamicAdvisedInterceptor.intercept(CglibAopProxy.java:653)
	at org.openlmis.core.repository.UserRepository$$EnhancerBySpringCGLIB$$794cc2e3.selectUserByUserNameAndPassword(<generated>)
	at org.openlmis.core.service.UserService.selectUserByUserNameAndPassword(UserService.java:140)
	at org.openlmis.core.service.UserService$$FastClassBySpringCGLIB$$d0e79551.invoke(<generated>)
	at org.springframework.cglib.proxy.MethodProxy.invoke(MethodProxy.java:204)
	at org.springframework.aop.framework.CglibAopProxy$CglibMethodInvocation.invokeJoinpoint(CglibAopProxy.java:717)
	at org.springframework.aop.framework.ReflectiveMethodInvocation.proceed(ReflectiveMethodInvocation.java:157)
	at org.springframework.aop.aspectj.AspectJAfterThrowingAdvice.invoke(AspectJAfterThrowingAdvice.java:58)
	at org.springframework.aop.framework.ReflectiveMethodInvocation.proceed(ReflectiveMethodInvocation.java:179)
	at org.springframework.aop.interceptor.ExposeInvocationInterceptor.invoke(ExposeInvocationInterceptor.java:92)
	at org.springframework.aop.framework.ReflectiveMethodInvocation.proceed(ReflectiveMethodInvocation.java:179)
	at org.springframework.aop.framework.CglibAopProxy$DynamicAdvisedInterceptor.intercept(CglibAopProxy.java:653)
	at org.openlmis.core.service.UserService$$EnhancerBySpringCGLIB$$64593fa.selectUserByUserNameAndPassword(<generated>)
	at org.openlmis.authentication.service.UserAuthenticationService.authenticateUser(UserAuthenticationService.java:39)
	at org.openlmis.authentication.service.UserAuthenticationService$$FastClassBySpringCGLIB$$a8a67892.invoke(<generated>)
	at org.springframework.cglib.proxy.MethodProxy.invoke(MethodProxy.java:204)
	at org.springframework.aop.framework.CglibAopProxy$CglibMethodInvocation.invokeJoinpoint(CglibAopProxy.java:717)
	at org.springframework.aop.framework.ReflectiveMethodInvocation.proceed(ReflectiveMethodInvocation.java:157)
	at org.springframework.aop.aspectj.AspectJAfterThrowingAdvice.invoke(AspectJAfterThrowingAdvice.java:58)
	at org.springframework.aop.framework.ReflectiveMethodInvocation.proceed(ReflectiveMethodInvocation.java:179)
	at org.springframework.aop.interceptor.ExposeInvocationInterceptor.invoke(ExposeInvocationInterceptor.java:92)
	at org.springframework.aop.framework.ReflectiveMethodInvocation.proceed(ReflectiveMethodInvocation.java:179)
	at org.springframework.aop.framework.CglibAopProxy$DynamicAdvisedInterceptor.intercept(CglibAopProxy.java:653)
	at org.openlmis.authentication.service.UserAuthenticationService$$EnhancerBySpringCGLIB$$89fbcddc.authenticateUser(<generated>)
	at org.openlmis.authentication.web.UserAuthenticationProvider.authenticate(UserAuthenticationProvider.java:46)
	at sun.reflect.NativeMethodAccessorImpl.invoke0(Native Method)
	at sun.reflect.NativeMethodAccessorImpl.invoke(NativeMethodAccessorImpl.java:62)
	at sun.reflect.DelegatingMethodAccessorImpl.invoke(DelegatingMethodAccessorImpl.java:43)
	at java.lang.reflect.Method.invoke(Method.java:498)
	at org.springframework.aop.support.AopUtils.invokeJoinpointUsingReflection(AopUtils.java:317)
	at org.springframework.aop.framework.ReflectiveMethodInvocation.invokeJoinpoint(ReflectiveMethodInvocation.java:190)
	at org.springframework.aop.framework.ReflectiveMethodInvocation.proceed(ReflectiveMethodInvocation.java:157)
	at org.springframework.aop.aspectj.AspectJAfterThrowingAdvice.invoke(AspectJAfterThrowingAdvice.java:58)
	at org.springframework.aop.framework.ReflectiveMethodInvocation.proceed(ReflectiveMethodInvocation.java:179)
	at org.springframework.aop.interceptor.ExposeInvocationInterceptor.invoke(ExposeInvocationInterceptor.java:92)
	at org.springframework.aop.framework.ReflectiveMethodInvocation.proceed(ReflectiveMethodInvocation.java:179)
	at org.springframework.aop.framework.JdkDynamicAopProxy.invoke(JdkDynamicAopProxy.java:207)
	at com.sun.proxy.$Proxy513.authenticate(Unknown Source)
	at org.springframework.security.authentication.ProviderManager.authenticate(ProviderManager.java:156)
	at org.springframework.security.authentication.ProviderManager.authenticate(ProviderManager.java:177)
	at org.springframework.security.web.authentication.UsernamePasswordAuthenticationFilter.attemptAuthentication(UsernamePasswordAuthenticationFilter.java:92)
	at org.springframework.security.web.authentication.AbstractAuthenticationProcessingFilter.doFilter(AbstractAuthenticationProcessingFilter.java:211)
	at org.springframework.security.web.FilterChainProxy$VirtualFilterChain.doFilter(FilterChainProxy.java:342)
	at org.springframework.security.web.authentication.logout.LogoutFilter.doFilter(LogoutFilter.java:110)
	at org.springframework.security.web.FilterChainProxy$VirtualFilterChain.doFilter(FilterChainProxy.java:342)
	at org.springframework.security.web.session.ConcurrentSessionFilter.doFilter(ConcurrentSessionFilter.java:125)
	at org.springframework.security.web.FilterChainProxy$VirtualFilterChain.doFilter(FilterChainProxy.java:342)
	at org.springframework.security.web.context.SecurityContextPersistenceFilter.doFilter(SecurityContextPersistenceFilter.java:87)
	at org.springframework.security.web.FilterChainProxy$VirtualFilterChain.doFilter(FilterChainProxy.java:342)
	at org.springframework.security.web.access.channel.ChannelProcessingFilter.doFilter(ChannelProcessingFilter.java:144)
	at org.springframework.security.web.FilterChainProxy$VirtualFilterChain.doFilter(FilterChainProxy.java:342)
	at org.springframework.security.web.FilterChainProxy.doFilterInternal(FilterChainProxy.java:192)
	at org.springframework.security.web.FilterChainProxy.doFilter(FilterChainProxy.java:160)
	at org.springframework.web.filter.DelegatingFilterProxy.invokeDelegate(DelegatingFilterProxy.java:344)
	at org.springframework.web.filter.DelegatingFilterProxy.doFilter(DelegatingFilterProxy.java:261)
	at org.mortbay.jetty.servlet.ServletHandler$CachedChain.doFilter(ServletHandler.java:1212)
	at org.mortbay.jetty.servlet.ServletHandler.handle(ServletHandler.java:399)
	at org.mortbay.jetty.security.SecurityHandler.handle(SecurityHandler.java:216)
	at org.mortbay.jetty.servlet.SessionHandler.handle(SessionHandler.java:182)
	at org.mortbay.jetty.handler.ContextHandler.handle(ContextHandler.java:766)
	at org.mortbay.jetty.webapp.WebAppContext.handle(WebAppContext.java:450)
	at org.mortbay.jetty.handler.ContextHandlerCollection.handle(ContextHandlerCollection.java:230)
	at org.mortbay.jetty.handler.HandlerCollection.handle(HandlerCollection.java:114)
	at org.mortbay.jetty.handler.HandlerWrapper.handle(HandlerWrapper.java:152)
	at org.mortbay.jetty.Server.handle(Server.java:326)
	at org.mortbay.jetty.HttpConnection.handleRequest(HttpConnection.java:542)
	at org.mortbay.jetty.HttpConnection$RequestHandler.content(HttpConnection.java:945)
	at org.mortbay.jetty.HttpParser.parseNext(HttpParser.java:756)
	at org.mortbay.jetty.HttpParser.parseAvailable(HttpParser.java:218)
	at org.mortbay.jetty.HttpConnection.handle(HttpConnection.java:404)
	at org.mortbay.io.nio.SelectChannelEndPoint.run(SelectChannelEndPoint.java:410)
	at org.mortbay.thread.QueuedThreadPool$PoolThread.run(QueuedThreadPool.java:582)
/j_spring_security_check
org.mybatis.spring.MyBatisSystemException: nested exception is org.apache.ibatis.exceptions.PersistenceException: 
### Error querying database.  Cause: org.springframework.jdbc.CannotGetJdbcConnectionException: Could not get JDBC Connection; nested exception is java.sql.SQLException: Connections could not be acquired from the underlying database!
### The error may exist in org/openlmis/core/repository/mapper/UserMapper.java (best guess)
### The error may involve org.openlmis.core.repository.mapper.UserMapper.selectUserByUserNameAndPassword
### The error occurred while executing a query
### Cause: org.springframework.jdbc.CannotGetJdbcConnectionException: Could not get JDBC Connection; nested exception is java.sql.SQLException: Connections could not be acquired from the underlying database!
	at org.mybatis.spring.MyBatisExceptionTranslator.translateExceptionIfPossible(MyBatisExceptionTranslator.java:79)
	at org.mybatis.spring.SqlSessionTemplate$SqlSessionInterceptor.invoke(SqlSessionTemplate.java:447)
	at com.sun.proxy.$Proxy126.selectOne(Unknown Source)
	at org.mybatis.spring.SqlSessionTemplate.selectOne(SqlSessionTemplate.java:167)
	at org.apache.ibatis.binding.MapperMethod.execute(MapperMethod.java:82)
	at org.apache.ibatis.binding.MapperProxy.invoke(MapperProxy.java:59)
	at com.sun.proxy.$Proxy147.selectUserByUserNameAndPassword(Unknown Source)
	at sun.reflect.NativeMethodAccessorImpl.invoke0(Native Method)
	at sun.reflect.NativeMethodAccessorImpl.invoke(NativeMethodAccessorImpl.java:62)
	at sun.reflect.DelegatingMethodAccessorImpl.invoke(DelegatingMethodAccessorImpl.java:43)
	at java.lang.reflect.Method.invoke(Method.java:498)
	at org.springframework.aop.support.AopUtils.invokeJoinpointUsingReflection(AopUtils.java:317)
	at org.springframework.aop.framework.ReflectiveMethodInvocation.invokeJoinpoint(ReflectiveMethodInvocation.java:190)
	at org.springframework.aop.framework.ReflectiveMethodInvocation.proceed(ReflectiveMethodInvocation.java:157)
	at org.springframework.aop.aspectj.AspectJAfterThrowingAdvice.invoke(AspectJAfterThrowingAdvice.java:58)
	at org.springframework.aop.framework.ReflectiveMethodInvocation.proceed(ReflectiveMethodInvocation.java:179)
	at org.springframework.aop.interceptor.ExposeInvocationInterceptor.invoke(ExposeInvocationInterceptor.java:92)
	at org.springframework.aop.framework.ReflectiveMethodInvocation.proceed(ReflectiveMethodInvocation.java:179)
	at org.springframework.aop.framework.JdkDynamicAopProxy.invoke(JdkDynamicAopProxy.java:207)
	at com.sun.proxy.$Proxy148.selectUserByUserNameAndPassword(Unknown Source)
	at org.openlmis.core.repository.UserRepository.selectUserByUserNameAndPassword(UserRepository.java:131)
	at org.openlmis.core.repository.UserRepository$$FastClassBySpringCGLIB$$ef958b79.invoke(<generated>)
	at org.springframework.cglib.proxy.MethodProxy.invoke(MethodProxy.java:204)
	at org.springframework.aop.framework.CglibAopProxy$CglibMethodInvocation.invokeJoinpoint(CglibAopProxy.java:717)
	at org.springframework.aop.framework.ReflectiveMethodInvocation.proceed(ReflectiveMethodInvocation.java:157)
	at org.springframework.aop.aspectj.AspectJAfterThrowingAdvice.invoke(AspectJAfterThrowingAdvice.java:58)
	at org.springframework.aop.framework.ReflectiveMethodInvocation.proceed(ReflectiveMethodInvocation.java:179)
	at org.springframework.aop.interceptor.ExposeInvocationInterceptor.invoke(ExposeInvocationInterceptor.java:92)
	at org.springframework.aop.framework.ReflectiveMethodInvocation.proceed(ReflectiveMethodInvocation.java:179)
	at org.springframework.aop.framework.CglibAopProxy$DynamicAdvisedInterceptor.intercept(CglibAopProxy.java:653)
	at org.openlmis.core.repository.UserRepository$$EnhancerBySpringCGLIB$$794cc2e3.selectUserByUserNameAndPassword(<generated>)
	at org.openlmis.core.service.UserService.selectUserByUserNameAndPassword(UserService.java:140)
	at org.openlmis.core.service.UserService$$FastClassBySpringCGLIB$$d0e79551.invoke(<generated>)
	at org.springframework.cglib.proxy.MethodProxy.invoke(MethodProxy.java:204)
	at org.springframework.aop.framework.CglibAopProxy$CglibMethodInvocation.invokeJoinpoint(CglibAopProxy.java:717)
	at org.springframework.aop.framework.ReflectiveMethodInvocation.proceed(ReflectiveMethodInvocation.java:157)
	at org.springframework.aop.aspectj.AspectJAfterThrowingAdvice.invoke(AspectJAfterThrowingAdvice.java:58)
	at org.springframework.aop.framework.ReflectiveMethodInvocation.proceed(ReflectiveMethodInvocation.java:179)
	at org.springframework.aop.interceptor.ExposeInvocationInterceptor.invoke(ExposeInvocationInterceptor.java:92)
	at org.springframework.aop.framework.ReflectiveMethodInvocation.proceed(ReflectiveMethodInvocation.java:179)
	at org.springframework.aop.framework.CglibAopProxy$DynamicAdvisedInterceptor.intercept(CglibAopProxy.java:653)
	at org.openlmis.core.service.UserService$$EnhancerBySpringCGLIB$$64593fa.selectUserByUserNameAndPassword(<generated>)
	at org.openlmis.authentication.service.UserAuthenticationService.authenticateUser(UserAuthenticationService.java:39)
	at org.openlmis.authentication.service.UserAuthenticationService$$FastClassBySpringCGLIB$$a8a67892.invoke(<generated>)
	at org.springframework.cglib.proxy.MethodProxy.invoke(MethodProxy.java:204)
	at org.springframework.aop.framework.CglibAopProxy$CglibMethodInvocation.invokeJoinpoint(CglibAopProxy.java:717)
	at org.springframework.aop.framework.ReflectiveMethodInvocation.proceed(ReflectiveMethodInvocation.java:157)
	at org.springframework.aop.aspectj.AspectJAfterThrowingAdvice.invoke(AspectJAfterThrowingAdvice.java:58)
	at org.springframework.aop.framework.ReflectiveMethodInvocation.proceed(ReflectiveMethodInvocation.java:179)
	at org.springframework.aop.interceptor.ExposeInvocationInterceptor.invoke(ExposeInvocationInterceptor.java:92)
	at org.springframework.aop.framework.ReflectiveMethodInvocation.proceed(ReflectiveMethodInvocation.java:179)
	at org.springframework.aop.framework.CglibAopProxy$DynamicAdvisedInterceptor.intercept(CglibAopProxy.java:653)
	at org.openlmis.authentication.service.UserAuthenticationService$$EnhancerBySpringCGLIB$$89fbcddc.authenticateUser(<generated>)
	at org.openlmis.authentication.web.UserAuthenticationProvider.authenticate(UserAuthenticationProvider.java:46)
	at sun.reflect.NativeMethodAccessorImpl.invoke0(Native Method)
	at sun.reflect.NativeMethodAccessorImpl.invoke(NativeMethodAccessorImpl.java:62)
	at sun.reflect.DelegatingMethodAccessorImpl.invoke(DelegatingMethodAccessorImpl.java:43)
	at java.lang.reflect.Method.invoke(Method.java:498)
	at org.springframework.aop.support.AopUtils.invokeJoinpointUsingReflection(AopUtils.java:317)
	at org.springframework.aop.framework.ReflectiveMethodInvocation.invokeJoinpoint(ReflectiveMethodInvocation.java:190)
	at org.springframework.aop.framework.ReflectiveMethodInvocation.proceed(ReflectiveMethodInvocation.java:157)
	at org.springframework.aop.aspectj.AspectJAfterThrowingAdvice.invoke(AspectJAfterThrowingAdvice.java:58)
	at org.springframework.aop.framework.ReflectiveMethodInvocation.proceed(ReflectiveMethodInvocation.java:179)
	at org.springframework.aop.interceptor.ExposeInvocationInterceptor.invoke(ExposeInvocationInterceptor.java:92)
	at org.springframework.aop.framework.ReflectiveMethodInvocation.proceed(ReflectiveMethodInvocation.java:179)
	at org.springframework.aop.framework.JdkDynamicAopProxy.invoke(JdkDynamicAopProxy.java:207)
	at com.sun.proxy.$Proxy513.authenticate(Unknown Source)
	at org.springframework.security.authentication.ProviderManager.authenticate(ProviderManager.java:156)
	at org.springframework.security.authentication.ProviderManager.authenticate(ProviderManager.java:177)
	at org.springframework.security.web.authentication.UsernamePasswordAuthenticationFilter.attemptAuthentication(UsernamePasswordAuthenticationFilter.java:92)
	at org.springframework.security.web.authentication.AbstractAuthenticationProcessingFilter.doFilter(AbstractAuthenticationProcessingFilter.java:211)
	at org.springframework.security.web.FilterChainProxy$VirtualFilterChain.doFilter(FilterChainProxy.java:342)
	at org.springframework.security.web.authentication.logout.LogoutFilter.doFilter(LogoutFilter.java:110)
	at org.springframework.security.web.FilterChainProxy$VirtualFilterChain.doFilter(FilterChainProxy.java:342)
	at org.springframework.security.web.session.ConcurrentSessionFilter.doFilter(ConcurrentSessionFilter.java:125)
	at org.springframework.security.web.FilterChainProxy$VirtualFilterChain.doFilter(FilterChainProxy.java:342)
	at org.springframework.security.web.context.SecurityContextPersistenceFilter.doFilter(SecurityContextPersistenceFilter.java:87)
	at org.springframework.security.web.FilterChainProxy$VirtualFilterChain.doFilter(FilterChainProxy.java:342)
	at org.springframework.security.web.access.channel.ChannelProcessingFilter.doFilter(ChannelProcessingFilter.java:144)
	at org.springframework.security.web.FilterChainProxy$VirtualFilterChain.doFilter(FilterChainProxy.java:342)
	at org.springframework.security.web.FilterChainProxy.doFilterInternal(FilterChainProxy.java:192)
	at org.springframework.security.web.FilterChainProxy.doFilter(FilterChainProxy.java:160)
	at org.springframework.web.filter.DelegatingFilterProxy.invokeDelegate(DelegatingFilterProxy.java:344)
	at org.springframework.web.filter.DelegatingFilterProxy.doFilter(DelegatingFilterProxy.java:261)
	at org.mortbay.jetty.servlet.ServletHandler$CachedChain.doFilter(ServletHandler.java:1212)
	at org.mortbay.jetty.servlet.ServletHandler.handle(ServletHandler.java:399)
	at org.mortbay.jetty.security.SecurityHandler.handle(SecurityHandler.java:216)
	at org.mortbay.jetty.servlet.SessionHandler.handle(SessionHandler.java:182)
	at org.mortbay.jetty.handler.ContextHandler.handle(ContextHandler.java:766)
	at org.mortbay.jetty.webapp.WebAppContext.handle(WebAppContext.java:450)
	at org.mortbay.jetty.handler.ContextHandlerCollection.handle(ContextHandlerCollection.java:230)
	at org.mortbay.jetty.handler.HandlerCollection.handle(HandlerCollection.java:114)
	at org.mortbay.jetty.handler.HandlerWrapper.handle(HandlerWrapper.java:152)
	at org.mortbay.jetty.Server.handle(Server.java:326)
	at org.mortbay.jetty.HttpConnection.handleRequest(HttpConnection.java:542)
	at org.mortbay.jetty.HttpConnection$RequestHandler.content(HttpConnection.java:945)
	at org.mortbay.jetty.HttpParser.parseNext(HttpParser.java:756)
	at org.mortbay.jetty.HttpParser.parseAvailable(HttpParser.java:218)
	at org.mortbay.jetty.HttpConnection.handle(HttpConnection.java:404)
	at org.mortbay.io.nio.SelectChannelEndPoint.run(SelectChannelEndPoint.java:410)
	at org.mortbay.thread.QueuedThreadPool$PoolThread.run(QueuedThreadPool.java:582)
Caused by: org.apache.ibatis.exceptions.PersistenceException: 
### Error querying database.  Cause: org.springframework.jdbc.CannotGetJdbcConnectionException: Could not get JDBC Connection; nested exception is java.sql.SQLException: Connections could not be acquired from the underlying database!
### The error may exist in org/openlmis/core/repository/mapper/UserMapper.java (best guess)
### The error may involve org.openlmis.core.repository.mapper.UserMapper.selectUserByUserNameAndPassword
### The error occurred while executing a query
### Cause: org.springframework.jdbc.CannotGetJdbcConnectionException: Could not get JDBC Connection; nested exception is java.sql.SQLException: Connections could not be acquired from the underlying database!
	at org.apache.ibatis.exceptions.ExceptionFactory.wrapException(ExceptionFactory.java:30)
	at org.apache.ibatis.session.defaults.DefaultSqlSession.selectList(DefaultSqlSession.java:150)
	at org.apache.ibatis.session.defaults.DefaultSqlSession.selectList(DefaultSqlSession.java:141)
	at org.apache.ibatis.session.defaults.DefaultSqlSession.selectOne(DefaultSqlSession.java:77)
	at sun.reflect.NativeMethodAccessorImpl.invoke0(Native Method)
	at sun.reflect.NativeMethodAccessorImpl.invoke(NativeMethodAccessorImpl.java:62)
	at sun.reflect.DelegatingMethodAccessorImpl.invoke(DelegatingMethodAccessorImpl.java:43)
	at java.lang.reflect.Method.invoke(Method.java:498)
	at org.mybatis.spring.SqlSessionTemplate$SqlSessionInterceptor.invoke(SqlSessionTemplate.java:434)
	... 99 more
Caused by: org.springframework.jdbc.CannotGetJdbcConnectionException: Could not get JDBC Connection; nested exception is java.sql.SQLException: Connections could not be acquired from the underlying database!
	at org.springframework.jdbc.datasource.DataSourceUtils.getConnection(DataSourceUtils.java:80)
	at org.mybatis.spring.transaction.SpringManagedTransaction.openConnection(SpringManagedTransaction.java:84)
	at org.mybatis.spring.transaction.SpringManagedTransaction.getConnection(SpringManagedTransaction.java:70)
	at org.apache.ibatis.executor.BaseExecutor.getConnection(BaseExecutor.java:336)
	at org.apache.ibatis.executor.SimpleExecutor.prepareStatement(SimpleExecutor.java:84)
	at org.apache.ibatis.executor.SimpleExecutor.doQuery(SimpleExecutor.java:62)
	at org.apache.ibatis.executor.BaseExecutor.queryFromDatabase(BaseExecutor.java:324)
	at org.apache.ibatis.executor.BaseExecutor.query(BaseExecutor.java:156)
	at org.apache.ibatis.executor.CachingExecutor.query(CachingExecutor.java:109)
	at org.apache.ibatis.executor.CachingExecutor.query(CachingExecutor.java:83)
	at org.apache.ibatis.session.defaults.DefaultSqlSession.selectList(DefaultSqlSession.java:148)
	... 106 more
Caused by: java.sql.SQLException: Connections could not be acquired from the underlying database!
	at com.mchange.v2.sql.SqlUtils.toSQLException(SqlUtils.java:118)
	at com.mchange.v2.c3p0.impl.C3P0PooledConnectionPool.checkoutPooledConnection(C3P0PooledConnectionPool.java:689)
	at com.mchange.v2.c3p0.impl.AbstractPoolBackedDataSource.getConnection(AbstractPoolBackedDataSource.java:140)
	at org.springframework.jdbc.datasource.DataSourceUtils.doGetConnection(DataSourceUtils.java:111)
	at org.springframework.jdbc.datasource.DataSourceUtils.getConnection(DataSourceUtils.java:77)
	... 116 more
Caused by: com.mchange.v2.resourcepool.CannotAcquireResourceException: A ResourcePool could not acquire a resource from its primary factory or source.
	at com.mchange.v2.resourcepool.BasicResourcePool.awaitAvailable(BasicResourcePool.java:1418)
	at com.mchange.v2.resourcepool.BasicResourcePool.prelimCheckoutResource(BasicResourcePool.java:606)
	at com.mchange.v2.resourcepool.BasicResourcePool.checkoutResource(BasicResourcePool.java:526)
	at com.mchange.v2.c3p0.impl.C3P0PooledConnectionPool.checkoutAndMarkConnectionInUse(C3P0PooledConnectionPool.java:755)
	at com.mchange.v2.c3p0.impl.C3P0PooledConnectionPool.checkoutPooledConnection(C3P0PooledConnectionPool.java:682)
	... 119 more
Nested in org.mybatis.spring.MyBatisSystemException: nested exception is org.apache.ibatis.exceptions.PersistenceException: 
### Error querying database.  Cause: org.springframework.jdbc.CannotGetJdbcConnectionException: Could not get JDBC Connection; nested exception is java.sql.SQLException: Connections could not be acquired from the underlying database!
### The error may exist in org/openlmis/core/repository/mapper/UserMapper.java (best guess)
### The error may involve org.openlmis.core.repository.mapper.UserMapper.selectUserByUserNameAndPassword
### The error occurred while executing a query
### Cause: org.springframework.jdbc.CannotGetJdbcConnectionException: Could not get JDBC Connection; nested exception is java.sql.SQLException: Connections could not be acquired from the underlying database!:
com.mchange.v2.resourcepool.CannotAcquireResourceException: A ResourcePool could not acquire a resource from its primary factory or source.
	at com.mchange.v2.resourcepool.BasicResourcePool.awaitAvailable(BasicResourcePool.java:1418)
	at com.mchange.v2.resourcepool.BasicResourcePool.prelimCheckoutResource(BasicResourcePool.java:606)
	at com.mchange.v2.resourcepool.BasicResourcePool.checkoutResource(BasicResourcePool.java:526)
	at com.mchange.v2.c3p0.impl.C3P0PooledConnectionPool.checkoutAndMarkConnectionInUse(C3P0PooledConnectionPool.java:755)
	at com.mchange.v2.c3p0.impl.C3P0PooledConnectionPool.checkoutPooledConnection(C3P0PooledConnectionPool.java:682)
	at com.mchange.v2.c3p0.impl.AbstractPoolBackedDataSource.getConnection(AbstractPoolBackedDataSource.java:140)
	at org.springframework.jdbc.datasource.DataSourceUtils.doGetConnection(DataSourceUtils.java:111)
	at org.springframework.jdbc.datasource.DataSourceUtils.getConnection(DataSourceUtils.java:77)
	at org.mybatis.spring.transaction.SpringManagedTransaction.openConnection(SpringManagedTransaction.java:84)
	at org.mybatis.spring.transaction.SpringManagedTransaction.getConnection(SpringManagedTransaction.java:70)
	at org.apache.ibatis.executor.BaseExecutor.getConnection(BaseExecutor.java:336)
	at org.apache.ibatis.executor.SimpleExecutor.prepareStatement(SimpleExecutor.java:84)
	at org.apache.ibatis.executor.SimpleExecutor.doQuery(SimpleExecutor.java:62)
	at org.apache.ibatis.executor.BaseExecutor.queryFromDatabase(BaseExecutor.java:324)
	at org.apache.ibatis.executor.BaseExecutor.query(BaseExecutor.java:156)
	at org.apache.ibatis.executor.CachingExecutor.query(CachingExecutor.java:109)
	at org.apache.ibatis.executor.CachingExecutor.query(CachingExecutor.java:83)
	at org.apache.ibatis.session.defaults.DefaultSqlSession.selectList(DefaultSqlSession.java:148)
	at org.apache.ibatis.session.defaults.DefaultSqlSession.selectList(DefaultSqlSession.java:141)
	at org.apache.ibatis.session.defaults.DefaultSqlSession.selectOne(DefaultSqlSession.java:77)
	at sun.reflect.NativeMethodAccessorImpl.invoke0(Native Method)
	at sun.reflect.NativeMethodAccessorImpl.invoke(NativeMethodAccessorImpl.java:62)
	at sun.reflect.DelegatingMethodAccessorImpl.invoke(DelegatingMethodAccessorImpl.java:43)
	at java.lang.reflect.Method.invoke(Method.java:498)
	at org.mybatis.spring.SqlSessionTemplate$SqlSessionInterceptor.invoke(SqlSessionTemplate.java:434)
	at com.sun.proxy.$Proxy126.selectOne(Unknown Source)
	at org.mybatis.spring.SqlSessionTemplate.selectOne(SqlSessionTemplate.java:167)
	at org.apache.ibatis.binding.MapperMethod.execute(MapperMethod.java:82)
	at org.apache.ibatis.binding.MapperProxy.invoke(MapperProxy.java:59)
	at com.sun.proxy.$Proxy147.selectUserByUserNameAndPassword(Unknown Source)
	at sun.reflect.NativeMethodAccessorImpl.invoke0(Native Method)
	at sun.reflect.NativeMethodAccessorImpl.invoke(NativeMethodAccessorImpl.java:62)
	at sun.reflect.DelegatingMethodAccessorImpl.invoke(DelegatingMethodAccessorImpl.java:43)
	at java.lang.reflect.Method.invoke(Method.java:498)
	at org.springframework.aop.support.AopUtils.invokeJoinpointUsingReflection(AopUtils.java:317)
	at org.springframework.aop.framework.ReflectiveMethodInvocation.invokeJoinpoint(ReflectiveMethodInvocation.java:190)
	at org.springframework.aop.framework.ReflectiveMethodInvocation.proceed(ReflectiveMethodInvocation.java:157)
	at org.springframework.aop.aspectj.AspectJAfterThrowingAdvice.invoke(AspectJAfterThrowingAdvice.java:58)
	at org.springframework.aop.framework.ReflectiveMethodInvocation.proceed(ReflectiveMethodInvocation.java:179)
	at org.springframework.aop.interceptor.ExposeInvocationInterceptor.invoke(ExposeInvocationInterceptor.java:92)
	at org.springframework.aop.framework.ReflectiveMethodInvocation.proceed(ReflectiveMethodInvocation.java:179)
	at org.springframework.aop.framework.JdkDynamicAopProxy.invoke(JdkDynamicAopProxy.java:207)
	at com.sun.proxy.$Proxy148.selectUserByUserNameAndPassword(Unknown Source)
	at org.openlmis.core.repository.UserRepository.selectUserByUserNameAndPassword(UserRepository.java:131)
	at org.openlmis.core.repository.UserRepository$$FastClassBySpringCGLIB$$ef958b79.invoke(<generated>)
	at org.springframework.cglib.proxy.MethodProxy.invoke(MethodProxy.java:204)
	at org.springframework.aop.framework.CglibAopProxy$CglibMethodInvocation.invokeJoinpoint(CglibAopProxy.java:717)
	at org.springframework.aop.framework.ReflectiveMethodInvocation.proceed(ReflectiveMethodInvocation.java:157)
	at org.springframework.aop.aspectj.AspectJAfterThrowingAdvice.invoke(AspectJAfterThrowingAdvice.java:58)
	at org.springframework.aop.framework.ReflectiveMethodInvocation.proceed(ReflectiveMethodInvocation.java:179)
	at org.springframework.aop.interceptor.ExposeInvocationInterceptor.invoke(ExposeInvocationInterceptor.java:92)
	at org.springframework.aop.framework.ReflectiveMethodInvocation.proceed(ReflectiveMethodInvocation.java:179)
	at org.springframework.aop.framework.CglibAopProxy$DynamicAdvisedInterceptor.intercept(CglibAopProxy.java:653)
	at org.openlmis.core.repository.UserRepository$$EnhancerBySpringCGLIB$$794cc2e3.selectUserByUserNameAndPassword(<generated>)
	at org.openlmis.core.service.UserService.selectUserByUserNameAndPassword(UserService.java:140)
	at org.openlmis.core.service.UserService$$FastClassBySpringCGLIB$$d0e79551.invoke(<generated>)
	at org.springframework.cglib.proxy.MethodProxy.invoke(MethodProxy.java:204)
	at org.springframework.aop.framework.CglibAopProxy$CglibMethodInvocation.invokeJoinpoint(CglibAopProxy.java:717)
	at org.springframework.aop.framework.ReflectiveMethodInvocation.proceed(ReflectiveMethodInvocation.java:157)
	at org.springframework.aop.aspectj.AspectJAfterThrowingAdvice.invoke(AspectJAfterThrowingAdvice.java:58)
	at org.springframework.aop.framework.ReflectiveMethodInvocation.proceed(ReflectiveMethodInvocation.java:179)
	at org.springframework.aop.interceptor.ExposeInvocationInterceptor.invoke(ExposeInvocationInterceptor.java:92)
	at org.springframework.aop.framework.ReflectiveMethodInvocation.proceed(ReflectiveMethodInvocation.java:179)
	at org.springframework.aop.framework.CglibAopProxy$DynamicAdvisedInterceptor.intercept(CglibAopProxy.java:653)
	at org.openlmis.core.service.UserService$$EnhancerBySpringCGLIB$$64593fa.selectUserByUserNameAndPassword(<generated>)
	at org.openlmis.authentication.service.UserAuthenticationService.authenticateUser(UserAuthenticationService.java:39)
	at org.openlmis.authentication.service.UserAuthenticationService$$FastClassBySpringCGLIB$$a8a67892.invoke(<generated>)
	at org.springframework.cglib.proxy.MethodProxy.invoke(MethodProxy.java:204)
	at org.springframework.aop.framework.CglibAopProxy$CglibMethodInvocation.invokeJoinpoint(CglibAopProxy.java:717)
	at org.springframework.aop.framework.ReflectiveMethodInvocation.proceed(ReflectiveMethodInvocation.java:157)
	at org.springframework.aop.aspectj.AspectJAfterThrowingAdvice.invoke(AspectJAfterThrowingAdvice.java:58)
	at org.springframework.aop.framework.ReflectiveMethodInvocation.proceed(ReflectiveMethodInvocation.java:179)
	at org.springframework.aop.interceptor.ExposeInvocationInterceptor.invoke(ExposeInvocationInterceptor.java:92)
	at org.springframework.aop.framework.ReflectiveMethodInvocation.proceed(ReflectiveMethodInvocation.java:179)
	at org.springframework.aop.framework.CglibAopProxy$DynamicAdvisedInterceptor.intercept(CglibAopProxy.java:653)
	at org.openlmis.authentication.service.UserAuthenticationService$$EnhancerBySpringCGLIB$$89fbcddc.authenticateUser(<generated>)
	at org.openlmis.authentication.web.UserAuthenticationProvider.authenticate(UserAuthenticationProvider.java:46)
	at sun.reflect.NativeMethodAccessorImpl.invoke0(Native Method)
	at sun.reflect.NativeMethodAccessorImpl.invoke(NativeMethodAccessorImpl.java:62)
	at sun.reflect.DelegatingMethodAccessorImpl.invoke(DelegatingMethodAccessorImpl.java:43)
	at java.lang.reflect.Method.invoke(Method.java:498)
	at org.springframework.aop.support.AopUtils.invokeJoinpointUsingReflection(AopUtils.java:317)
	at org.springframework.aop.framework.ReflectiveMethodInvocation.invokeJoinpoint(ReflectiveMethodInvocation.java:190)
	at org.springframework.aop.framework.ReflectiveMethodInvocation.proceed(ReflectiveMethodInvocation.java:157)
	at org.springframework.aop.aspectj.AspectJAfterThrowingAdvice.invoke(AspectJAfterThrowingAdvice.java:58)
	at org.springframework.aop.framework.ReflectiveMethodInvocation.proceed(ReflectiveMethodInvocation.java:179)
	at org.springframework.aop.interceptor.ExposeInvocationInterceptor.invoke(ExposeInvocationInterceptor.java:92)
	at org.springframework.aop.framework.ReflectiveMethodInvocation.proceed(ReflectiveMethodInvocation.java:179)
	at org.springframework.aop.framework.JdkDynamicAopProxy.invoke(JdkDynamicAopProxy.java:207)
	at com.sun.proxy.$Proxy513.authenticate(Unknown Source)
	at org.springframework.security.authentication.ProviderManager.authenticate(ProviderManager.java:156)
	at org.springframework.security.authentication.ProviderManager.authenticate(ProviderManager.java:177)
	at org.springframework.security.web.authentication.UsernamePasswordAuthenticationFilter.attemptAuthentication(UsernamePasswordAuthenticationFilter.java:92)
	at org.springframework.security.web.authentication.AbstractAuthenticationProcessingFilter.doFilter(AbstractAuthenticationProcessingFilter.java:211)
	at org.springframework.security.web.FilterChainProxy$VirtualFilterChain.doFilter(FilterChainProxy.java:342)
	at org.springframework.security.web.authentication.logout.LogoutFilter.doFilter(LogoutFilter.java:110)
	at org.springframework.security.web.FilterChainProxy$VirtualFilterChain.doFilter(FilterChainProxy.java:342)
	at org.springframework.security.web.session.ConcurrentSessionFilter.doFilter(ConcurrentSessionFilter.java:125)
	at org.springframework.security.web.FilterChainProxy$VirtualFilterChain.doFilter(FilterChainProxy.java:342)
	at org.springframework.security.web.context.SecurityContextPersistenceFilter.doFilter(SecurityContextPersistenceFilter.java:87)
	at org.springframework.security.web.FilterChainProxy$VirtualFilterChain.doFilter(FilterChainProxy.java:342)
	at org.springframework.security.web.access.channel.ChannelProcessingFilter.doFilter(ChannelProcessingFilter.java:144)
	at org.springframework.security.web.FilterChainProxy$VirtualFilterChain.doFilter(FilterChainProxy.java:342)
	at org.springframework.security.web.FilterChainProxy.doFilterInternal(FilterChainProxy.java:192)
	at org.springframework.security.web.FilterChainProxy.doFilter(FilterChainProxy.java:160)
	at org.springframework.web.filter.DelegatingFilterProxy.invokeDelegate(DelegatingFilterProxy.java:344)
	at org.springframework.web.filter.DelegatingFilterProxy.doFilter(DelegatingFilterProxy.java:261)
	at org.mortbay.jetty.servlet.ServletHandler$CachedChain.doFilter(ServletHandler.java:1212)
	at org.mortbay.jetty.servlet.ServletHandler.handle(ServletHandler.java:399)
	at org.mortbay.jetty.security.SecurityHandler.handle(SecurityHandler.java:216)
	at org.mortbay.jetty.servlet.SessionHandler.handle(SessionHandler.java:182)
	at org.mortbay.jetty.handler.ContextHandler.handle(ContextHandler.java:766)
	at org.mortbay.jetty.webapp.WebAppContext.handle(WebAppContext.java:450)
	at org.mortbay.jetty.handler.ContextHandlerCollection.handle(ContextHandlerCollection.java:230)
	at org.mortbay.jetty.handler.HandlerCollection.handle(HandlerCollection.java:114)
	at org.mortbay.jetty.handler.HandlerWrapper.handle(HandlerWrapper.java:152)
	at org.mortbay.jetty.Server.handle(Server.java:326)
	at org.mortbay.jetty.HttpConnection.handleRequest(HttpConnection.java:542)
	at org.mortbay.jetty.HttpConnection$RequestHandler.content(HttpConnection.java:945)
	at org.mortbay.jetty.HttpParser.parseNext(HttpParser.java:756)
	at org.mortbay.jetty.HttpParser.parseAvailable(HttpParser.java:218)
	at org.mortbay.jetty.HttpConnection.handle(HttpConnection.java:404)
	at org.mortbay.io.nio.SelectChannelEndPoint.run(SelectChannelEndPoint.java:410)
	at org.mortbay.thread.QueuedThreadPool$PoolThread.run(QueuedThreadPool.java:582)
/j_spring_security_check
org.mybatis.spring.MyBatisSystemException: nested exception is org.apache.ibatis.exceptions.PersistenceException: 
### Error querying database.  Cause: org.springframework.jdbc.CannotGetJdbcConnectionException: Could not get JDBC Connection; nested exception is java.sql.SQLException: Connections could not be acquired from the underlying database!
### The error may exist in org/openlmis/core/repository/mapper/UserMapper.java (best guess)
### The error may involve org.openlmis.core.repository.mapper.UserMapper.selectUserByUserNameAndPassword
### The error occurred while executing a query
### Cause: org.springframework.jdbc.CannotGetJdbcConnectionException: Could not get JDBC Connection; nested exception is java.sql.SQLException: Connections could not be acquired from the underlying database!
	at org.mybatis.spring.MyBatisExceptionTranslator.translateExceptionIfPossible(MyBatisExceptionTranslator.java:79)
	at org.mybatis.spring.SqlSessionTemplate$SqlSessionInterceptor.invoke(SqlSessionTemplate.java:447)
	at com.sun.proxy.$Proxy126.selectOne(Unknown Source)
	at org.mybatis.spring.SqlSessionTemplate.selectOne(SqlSessionTemplate.java:167)
	at org.apache.ibatis.binding.MapperMethod.execute(MapperMethod.java:82)
	at org.apache.ibatis.binding.MapperProxy.invoke(MapperProxy.java:59)
	at com.sun.proxy.$Proxy147.selectUserByUserNameAndPassword(Unknown Source)
	at sun.reflect.NativeMethodAccessorImpl.invoke0(Native Method)
	at sun.reflect.NativeMethodAccessorImpl.invoke(NativeMethodAccessorImpl.java:62)
	at sun.reflect.DelegatingMethodAccessorImpl.invoke(DelegatingMethodAccessorImpl.java:43)
	at java.lang.reflect.Method.invoke(Method.java:498)
	at org.springframework.aop.support.AopUtils.invokeJoinpointUsingReflection(AopUtils.java:317)
	at org.springframework.aop.framework.ReflectiveMethodInvocation.invokeJoinpoint(ReflectiveMethodInvocation.java:190)
	at org.springframework.aop.framework.ReflectiveMethodInvocation.proceed(ReflectiveMethodInvocation.java:157)
	at org.springframework.aop.aspectj.AspectJAfterThrowingAdvice.invoke(AspectJAfterThrowingAdvice.java:58)
	at org.springframework.aop.framework.ReflectiveMethodInvocation.proceed(ReflectiveMethodInvocation.java:179)
	at org.springframework.aop.interceptor.ExposeInvocationInterceptor.invoke(ExposeInvocationInterceptor.java:92)
	at org.springframework.aop.framework.ReflectiveMethodInvocation.proceed(ReflectiveMethodInvocation.java:179)
	at org.springframework.aop.framework.JdkDynamicAopProxy.invoke(JdkDynamicAopProxy.java:207)
	at com.sun.proxy.$Proxy148.selectUserByUserNameAndPassword(Unknown Source)
	at org.openlmis.core.repository.UserRepository.selectUserByUserNameAndPassword(UserRepository.java:131)
	at org.openlmis.core.repository.UserRepository$$FastClassBySpringCGLIB$$ef958b79.invoke(<generated>)
	at org.springframework.cglib.proxy.MethodProxy.invoke(MethodProxy.java:204)
	at org.springframework.aop.framework.CglibAopProxy$CglibMethodInvocation.invokeJoinpoint(CglibAopProxy.java:717)
	at org.springframework.aop.framework.ReflectiveMethodInvocation.proceed(ReflectiveMethodInvocation.java:157)
	at org.springframework.aop.aspectj.AspectJAfterThrowingAdvice.invoke(AspectJAfterThrowingAdvice.java:58)
	at org.springframework.aop.framework.ReflectiveMethodInvocation.proceed(ReflectiveMethodInvocation.java:179)
	at org.springframework.aop.interceptor.ExposeInvocationInterceptor.invoke(ExposeInvocationInterceptor.java:92)
	at org.springframework.aop.framework.ReflectiveMethodInvocation.proceed(ReflectiveMethodInvocation.java:179)
	at org.springframework.aop.framework.CglibAopProxy$DynamicAdvisedInterceptor.intercept(CglibAopProxy.java:653)
	at org.openlmis.core.repository.UserRepository$$EnhancerBySpringCGLIB$$794cc2e3.selectUserByUserNameAndPassword(<generated>)
	at org.openlmis.core.service.UserService.selectUserByUserNameAndPassword(UserService.java:140)
	at org.openlmis.core.service.UserService$$FastClassBySpringCGLIB$$d0e79551.invoke(<generated>)
	at org.springframework.cglib.proxy.MethodProxy.invoke(MethodProxy.java:204)
	at org.springframework.aop.framework.CglibAopProxy$CglibMethodInvocation.invokeJoinpoint(CglibAopProxy.java:717)
	at org.springframework.aop.framework.ReflectiveMethodInvocation.proceed(ReflectiveMethodInvocation.java:157)
	at org.springframework.aop.aspectj.AspectJAfterThrowingAdvice.invoke(AspectJAfterThrowingAdvice.java:58)
	at org.springframework.aop.framework.ReflectiveMethodInvocation.proceed(ReflectiveMethodInvocation.java:179)
	at org.springframework.aop.interceptor.ExposeInvocationInterceptor.invoke(ExposeInvocationInterceptor.java:92)
	at org.springframework.aop.framework.ReflectiveMethodInvocation.proceed(ReflectiveMethodInvocation.java:179)
	at org.springframework.aop.framework.CglibAopProxy$DynamicAdvisedInterceptor.intercept(CglibAopProxy.java:653)
	at org.openlmis.core.service.UserService$$EnhancerBySpringCGLIB$$64593fa.selectUserByUserNameAndPassword(<generated>)
	at org.openlmis.authentication.service.UserAuthenticationService.authenticateUser(UserAuthenticationService.java:39)
	at org.openlmis.authentication.service.UserAuthenticationService$$FastClassBySpringCGLIB$$a8a67892.invoke(<generated>)
	at org.springframework.cglib.proxy.MethodProxy.invoke(MethodProxy.java:204)
	at org.springframework.aop.framework.CglibAopProxy$CglibMethodInvocation.invokeJoinpoint(CglibAopProxy.java:717)
	at org.springframework.aop.framework.ReflectiveMethodInvocation.proceed(ReflectiveMethodInvocation.java:157)
	at org.springframework.aop.aspectj.AspectJAfterThrowingAdvice.invoke(AspectJAfterThrowingAdvice.java:58)
	at org.springframework.aop.framework.ReflectiveMethodInvocation.proceed(ReflectiveMethodInvocation.java:179)
	at org.springframework.aop.interceptor.ExposeInvocationInterceptor.invoke(ExposeInvocationInterceptor.java:92)
	at org.springframework.aop.framework.ReflectiveMethodInvocation.proceed(ReflectiveMethodInvocation.java:179)
	at org.springframework.aop.framework.CglibAopProxy$DynamicAdvisedInterceptor.intercept(CglibAopProxy.java:653)
	at org.openlmis.authentication.service.UserAuthenticationService$$EnhancerBySpringCGLIB$$89fbcddc.authenticateUser(<generated>)
	at org.openlmis.authentication.web.UserAuthenticationProvider.authenticate(UserAuthenticationProvider.java:46)
	at sun.reflect.NativeMethodAccessorImpl.invoke0(Native Method)
	at sun.reflect.NativeMethodAccessorImpl.invoke(NativeMethodAccessorImpl.java:62)
	at sun.reflect.DelegatingMethodAccessorImpl.invoke(DelegatingMethodAccessorImpl.java:43)
	at java.lang.reflect.Method.invoke(Method.java:498)
	at org.springframework.aop.support.AopUtils.invokeJoinpointUsingReflection(AopUtils.java:317)
	at org.springframework.aop.framework.ReflectiveMethodInvocation.invokeJoinpoint(ReflectiveMethodInvocation.java:190)
	at org.springframework.aop.framework.ReflectiveMethodInvocation.proceed(ReflectiveMethodInvocation.java:157)
	at org.springframework.aop.aspectj.AspectJAfterThrowingAdvice.invoke(AspectJAfterThrowingAdvice.java:58)
	at org.springframework.aop.framework.ReflectiveMethodInvocation.proceed(ReflectiveMethodInvocation.java:179)
	at org.springframework.aop.interceptor.ExposeInvocationInterceptor.invoke(ExposeInvocationInterceptor.java:92)
	at org.springframework.aop.framework.ReflectiveMethodInvocation.proceed(ReflectiveMethodInvocation.java:179)
	at org.springframework.aop.framework.JdkDynamicAopProxy.invoke(JdkDynamicAopProxy.java:207)
	at com.sun.proxy.$Proxy513.authenticate(Unknown Source)
	at org.springframework.security.authentication.ProviderManager.authenticate(ProviderManager.java:156)
	at org.springframework.security.authentication.ProviderManager.authenticate(ProviderManager.java:177)
	at org.springframework.security.web.authentication.UsernamePasswordAuthenticationFilter.attemptAuthentication(UsernamePasswordAuthenticationFilter.java:92)
	at org.springframework.security.web.authentication.AbstractAuthenticationProcessingFilter.doFilter(AbstractAuthenticationProcessingFilter.java:211)
	at org.springframework.security.web.FilterChainProxy$VirtualFilterChain.doFilter(FilterChainProxy.java:342)
	at org.springframework.security.web.authentication.logout.LogoutFilter.doFilter(LogoutFilter.java:110)
	at org.springframework.security.web.FilterChainProxy$VirtualFilterChain.doFilter(FilterChainProxy.java:342)
	at org.springframework.security.web.session.ConcurrentSessionFilter.doFilter(ConcurrentSessionFilter.java:125)
	at org.springframework.security.web.FilterChainProxy$VirtualFilterChain.doFilter(FilterChainProxy.java:342)
	at org.springframework.security.web.context.SecurityContextPersistenceFilter.doFilter(SecurityContextPersistenceFilter.java:87)
	at org.springframework.security.web.FilterChainProxy$VirtualFilterChain.doFilter(FilterChainProxy.java:342)
	at org.springframework.security.web.access.channel.ChannelProcessingFilter.doFilter(ChannelProcessingFilter.java:144)
	at org.springframework.security.web.FilterChainProxy$VirtualFilterChain.doFilter(FilterChainProxy.java:342)
	at org.springframework.security.web.FilterChainProxy.doFilterInternal(FilterChainProxy.java:192)
	at org.springframework.security.web.FilterChainProxy.doFilter(FilterChainProxy.java:160)
	at org.springframework.web.filter.DelegatingFilterProxy.invokeDelegate(DelegatingFilterProxy.java:344)
	at org.springframework.web.filter.DelegatingFilterProxy.doFilter(DelegatingFilterProxy.java:261)
	at org.mortbay.jetty.servlet.ServletHandler$CachedChain.doFilter(ServletHandler.java:1212)
	at org.mortbay.jetty.servlet.ServletHandler.handle(ServletHandler.java:399)
	at org.mortbay.jetty.security.SecurityHandler.handle(SecurityHandler.java:216)
	at org.mortbay.jetty.servlet.SessionHandler.handle(SessionHandler.java:182)
	at org.mortbay.jetty.handler.ContextHandler.handle(ContextHandler.java:766)
	at org.mortbay.jetty.webapp.WebAppContext.handle(WebAppContext.java:450)
	at org.mortbay.jetty.handler.ContextHandlerCollection.handle(ContextHandlerCollection.java:230)
	at org.mortbay.jetty.handler.HandlerCollection.handle(HandlerCollection.java:114)
	at org.mortbay.jetty.handler.HandlerWrapper.handle(HandlerWrapper.java:152)
	at org.mortbay.jetty.Server.handle(Server.java:326)
	at org.mortbay.jetty.HttpConnection.handleRequest(HttpConnection.java:542)
	at org.mortbay.jetty.HttpConnection$RequestHandler.content(HttpConnection.java:945)
	at org.mortbay.jetty.HttpParser.parseNext(HttpParser.java:756)
	at org.mortbay.jetty.HttpParser.parseAvailable(HttpParser.java:218)
	at org.mortbay.jetty.HttpConnection.handle(HttpConnection.java:404)
	at org.mortbay.io.nio.SelectChannelEndPoint.run(SelectChannelEndPoint.java:410)
	at org.mortbay.thread.QueuedThreadPool$PoolThread.run(QueuedThreadPool.java:582)
Caused by: org.apache.ibatis.exceptions.PersistenceException: 
### Error querying database.  Cause: org.springframework.jdbc.CannotGetJdbcConnectionException: Could not get JDBC Connection; nested exception is java.sql.SQLException: Connections could not be acquired from the underlying database!
### The error may exist in org/openlmis/core/repository/mapper/UserMapper.java (best guess)
### The error may involve org.openlmis.core.repository.mapper.UserMapper.selectUserByUserNameAndPassword
### The error occurred while executing a query
### Cause: org.springframework.jdbc.CannotGetJdbcConnectionException: Could not get JDBC Connection; nested exception is java.sql.SQLException: Connections could not be acquired from the underlying database!
	at org.apache.ibatis.exceptions.ExceptionFactory.wrapException(ExceptionFactory.java:30)
	at org.apache.ibatis.session.defaults.DefaultSqlSession.selectList(DefaultSqlSession.java:150)
	at org.apache.ibatis.session.defaults.DefaultSqlSession.selectList(DefaultSqlSession.java:141)
	at org.apache.ibatis.session.defaults.DefaultSqlSession.selectOne(DefaultSqlSession.java:77)
	at sun.reflect.NativeMethodAccessorImpl.invoke0(Native Method)
	at sun.reflect.NativeMethodAccessorImpl.invoke(NativeMethodAccessorImpl.java:62)
	at sun.reflect.DelegatingMethodAccessorImpl.invoke(DelegatingMethodAccessorImpl.java:43)
	at java.lang.reflect.Method.invoke(Method.java:498)
	at org.mybatis.spring.SqlSessionTemplate$SqlSessionInterceptor.invoke(SqlSessionTemplate.java:434)
	... 99 more
Caused by: org.springframework.jdbc.CannotGetJdbcConnectionException: Could not get JDBC Connection; nested exception is java.sql.SQLException: Connections could not be acquired from the underlying database!
	at org.springframework.jdbc.datasource.DataSourceUtils.getConnection(DataSourceUtils.java:80)
	at org.mybatis.spring.transaction.SpringManagedTransaction.openConnection(SpringManagedTransaction.java:84)
	at org.mybatis.spring.transaction.SpringManagedTransaction.getConnection(SpringManagedTransaction.java:70)
	at org.apache.ibatis.executor.BaseExecutor.getConnection(BaseExecutor.java:336)
	at org.apache.ibatis.executor.SimpleExecutor.prepareStatement(SimpleExecutor.java:84)
	at org.apache.ibatis.executor.SimpleExecutor.doQuery(SimpleExecutor.java:62)
	at org.apache.ibatis.executor.BaseExecutor.queryFromDatabase(BaseExecutor.java:324)
	at org.apache.ibatis.executor.BaseExecutor.query(BaseExecutor.java:156)
	at org.apache.ibatis.executor.CachingExecutor.query(CachingExecutor.java:109)
	at org.apache.ibatis.executor.CachingExecutor.query(CachingExecutor.java:83)
	at org.apache.ibatis.session.defaults.DefaultSqlSession.selectList(DefaultSqlSession.java:148)
	... 106 more
Caused by: java.sql.SQLException: Connections could not be acquired from the underlying database!
	at com.mchange.v2.sql.SqlUtils.toSQLException(SqlUtils.java:118)
	at com.mchange.v2.c3p0.impl.C3P0PooledConnectionPool.checkoutPooledConnection(C3P0PooledConnectionPool.java:689)
	at com.mchange.v2.c3p0.impl.AbstractPoolBackedDataSource.getConnection(AbstractPoolBackedDataSource.java:140)
	at org.springframework.jdbc.datasource.DataSourceUtils.doGetConnection(DataSourceUtils.java:111)
	at org.springframework.jdbc.datasource.DataSourceUtils.getConnection(DataSourceUtils.java:77)
	... 116 more
Caused by: com.mchange.v2.resourcepool.CannotAcquireResourceException: A ResourcePool could not acquire a resource from its primary factory or source.
	at com.mchange.v2.resourcepool.BasicResourcePool.awaitAvailable(BasicResourcePool.java:1418)
	at com.mchange.v2.resourcepool.BasicResourcePool.prelimCheckoutResource(BasicResourcePool.java:606)
	at com.mchange.v2.resourcepool.BasicResourcePool.checkoutResource(BasicResourcePool.java:526)
	at com.mchange.v2.c3p0.impl.C3P0PooledConnectionPool.checkoutAndMarkConnectionInUse(C3P0PooledConnectionPool.java:755)
	at com.mchange.v2.c3p0.impl.C3P0PooledConnectionPool.checkoutPooledConnection(C3P0PooledConnectionPool.java:682)
	... 119 more
Nested in org.mybatis.spring.MyBatisSystemException: nested exception is org.apache.ibatis.exceptions.PersistenceException: 
### Error querying database.  Cause: org.springframework.jdbc.CannotGetJdbcConnectionException: Could not get JDBC Connection; nested exception is java.sql.SQLException: Connections could not be acquired from the underlying database!
### The error may exist in org/openlmis/core/repository/mapper/UserMapper.java (best guess)
### The error may involve org.openlmis.core.repository.mapper.UserMapper.selectUserByUserNameAndPassword
### The error occurred while executing a query
### Cause: org.springframework.jdbc.CannotGetJdbcConnectionException: Could not get JDBC Connection; nested exception is java.sql.SQLException: Connections could not be acquired from the underlying database!:
com.mchange.v2.resourcepool.CannotAcquireResourceException: A ResourcePool could not acquire a resource from its primary factory or source.
	at com.mchange.v2.resourcepool.BasicResourcePool.awaitAvailable(BasicResourcePool.java:1418)
	at com.mchange.v2.resourcepool.BasicResourcePool.prelimCheckoutResource(BasicResourcePool.java:606)
	at com.mchange.v2.resourcepool.BasicResourcePool.checkoutResource(BasicResourcePool.java:526)
	at com.mchange.v2.c3p0.impl.C3P0PooledConnectionPool.checkoutAndMarkConnectionInUse(C3P0PooledConnectionPool.java:755)
	at com.mchange.v2.c3p0.impl.C3P0PooledConnectionPool.checkoutPooledConnection(C3P0PooledConnectionPool.java:682)
	at com.mchange.v2.c3p0.impl.AbstractPoolBackedDataSource.getConnection(AbstractPoolBackedDataSource.java:140)
	at org.springframework.jdbc.datasource.DataSourceUtils.doGetConnection(DataSourceUtils.java:111)
	at org.springframework.jdbc.datasource.DataSourceUtils.getConnection(DataSourceUtils.java:77)
	at org.mybatis.spring.transaction.SpringManagedTransaction.openConnection(SpringManagedTransaction.java:84)
	at org.mybatis.spring.transaction.SpringManagedTransaction.getConnection(SpringManagedTransaction.java:70)
	at org.apache.ibatis.executor.BaseExecutor.getConnection(BaseExecutor.java:336)
	at org.apache.ibatis.executor.SimpleExecutor.prepareStatement(SimpleExecutor.java:84)
	at org.apache.ibatis.executor.SimpleExecutor.doQuery(SimpleExecutor.java:62)
	at org.apache.ibatis.executor.BaseExecutor.queryFromDatabase(BaseExecutor.java:324)
	at org.apache.ibatis.executor.BaseExecutor.query(BaseExecutor.java:156)
	at org.apache.ibatis.executor.CachingExecutor.query(CachingExecutor.java:109)
	at org.apache.ibatis.executor.CachingExecutor.query(CachingExecutor.java:83)
	at org.apache.ibatis.session.defaults.DefaultSqlSession.selectList(DefaultSqlSession.java:148)
	at org.apache.ibatis.session.defaults.DefaultSqlSession.selectList(DefaultSqlSession.java:141)
	at org.apache.ibatis.session.defaults.DefaultSqlSession.selectOne(DefaultSqlSession.java:77)
	at sun.reflect.NativeMethodAccessorImpl.invoke0(Native Method)
	at sun.reflect.NativeMethodAccessorImpl.invoke(NativeMethodAccessorImpl.java:62)
	at sun.reflect.DelegatingMethodAccessorImpl.invoke(DelegatingMethodAccessorImpl.java:43)
	at java.lang.reflect.Method.invoke(Method.java:498)
	at org.mybatis.spring.SqlSessionTemplate$SqlSessionInterceptor.invoke(SqlSessionTemplate.java:434)
	at com.sun.proxy.$Proxy126.selectOne(Unknown Source)
	at org.mybatis.spring.SqlSessionTemplate.selectOne(SqlSessionTemplate.java:167)
	at org.apache.ibatis.binding.MapperMethod.execute(MapperMethod.java:82)
	at org.apache.ibatis.binding.MapperProxy.invoke(MapperProxy.java:59)
	at com.sun.proxy.$Proxy147.selectUserByUserNameAndPassword(Unknown Source)
	at sun.reflect.NativeMethodAccessorImpl.invoke0(Native Method)
	at sun.reflect.NativeMethodAccessorImpl.invoke(NativeMethodAccessorImpl.java:62)
	at sun.reflect.DelegatingMethodAccessorImpl.invoke(DelegatingMethodAccessorImpl.java:43)
	at java.lang.reflect.Method.invoke(Method.java:498)
	at org.springframework.aop.support.AopUtils.invokeJoinpointUsingReflection(AopUtils.java:317)
	at org.springframework.aop.framework.ReflectiveMethodInvocation.invokeJoinpoint(ReflectiveMethodInvocation.java:190)
	at org.springframework.aop.framework.ReflectiveMethodInvocation.proceed(ReflectiveMethodInvocation.java:157)
	at org.springframework.aop.aspectj.AspectJAfterThrowingAdvice.invoke(AspectJAfterThrowingAdvice.java:58)
	at org.springframework.aop.framework.ReflectiveMethodInvocation.proceed(ReflectiveMethodInvocation.java:179)
	at org.springframework.aop.interceptor.ExposeInvocationInterceptor.invoke(ExposeInvocationInterceptor.java:92)
	at org.springframework.aop.framework.ReflectiveMethodInvocation.proceed(ReflectiveMethodInvocation.java:179)
	at org.springframework.aop.framework.JdkDynamicAopProxy.invoke(JdkDynamicAopProxy.java:207)
	at com.sun.proxy.$Proxy148.selectUserByUserNameAndPassword(Unknown Source)
	at org.openlmis.core.repository.UserRepository.selectUserByUserNameAndPassword(UserRepository.java:131)
	at org.openlmis.core.repository.UserRepository$$FastClassBySpringCGLIB$$ef958b79.invoke(<generated>)
	at org.springframework.cglib.proxy.MethodProxy.invoke(MethodProxy.java:204)
	at org.springframework.aop.framework.CglibAopProxy$CglibMethodInvocation.invokeJoinpoint(CglibAopProxy.java:717)
	at org.springframework.aop.framework.ReflectiveMethodInvocation.proceed(ReflectiveMethodInvocation.java:157)
	at org.springframework.aop.aspectj.AspectJAfterThrowingAdvice.invoke(AspectJAfterThrowingAdvice.java:58)
	at org.springframework.aop.framework.ReflectiveMethodInvocation.proceed(ReflectiveMethodInvocation.java:179)
	at org.springframework.aop.interceptor.ExposeInvocationInterceptor.invoke(ExposeInvocationInterceptor.java:92)
	at org.springframework.aop.framework.ReflectiveMethodInvocation.proceed(ReflectiveMethodInvocation.java:179)
	at org.springframework.aop.framework.CglibAopProxy$DynamicAdvisedInterceptor.intercept(CglibAopProxy.java:653)
	at org.openlmis.core.repository.UserRepository$$EnhancerBySpringCGLIB$$794cc2e3.selectUserByUserNameAndPassword(<generated>)
	at org.openlmis.core.service.UserService.selectUserByUserNameAndPassword(UserService.java:140)
	at org.openlmis.core.service.UserService$$FastClassBySpringCGLIB$$d0e79551.invoke(<generated>)
	at org.springframework.cglib.proxy.MethodProxy.invoke(MethodProxy.java:204)
	at org.springframework.aop.framework.CglibAopProxy$CglibMethodInvocation.invokeJoinpoint(CglibAopProxy.java:717)
	at org.springframework.aop.framework.ReflectiveMethodInvocation.proceed(ReflectiveMethodInvocation.java:157)
	at org.springframework.aop.aspectj.AspectJAfterThrowingAdvice.invoke(AspectJAfterThrowingAdvice.java:58)
	at org.springframework.aop.framework.ReflectiveMethodInvocation.proceed(ReflectiveMethodInvocation.java:179)
	at org.springframework.aop.interceptor.ExposeInvocationInterceptor.invoke(ExposeInvocationInterceptor.java:92)
	at org.springframework.aop.framework.ReflectiveMethodInvocation.proceed(ReflectiveMethodInvocation.java:179)
	at org.springframework.aop.framework.CglibAopProxy$DynamicAdvisedInterceptor.intercept(CglibAopProxy.java:653)
	at org.openlmis.core.service.UserService$$EnhancerBySpringCGLIB$$64593fa.selectUserByUserNameAndPassword(<generated>)
	at org.openlmis.authentication.service.UserAuthenticationService.authenticateUser(UserAuthenticationService.java:39)
	at org.openlmis.authentication.service.UserAuthenticationService$$FastClassBySpringCGLIB$$a8a67892.invoke(<generated>)
	at org.springframework.cglib.proxy.MethodProxy.invoke(MethodProxy.java:204)
	at org.springframework.aop.framework.CglibAopProxy$CglibMethodInvocation.invokeJoinpoint(CglibAopProxy.java:717)
	at org.springframework.aop.framework.ReflectiveMethodInvocation.proceed(ReflectiveMethodInvocation.java:157)
	at org.springframework.aop.aspectj.AspectJAfterThrowingAdvice.invoke(AspectJAfterThrowingAdvice.java:58)
	at org.springframework.aop.framework.ReflectiveMethodInvocation.proceed(ReflectiveMethodInvocation.java:179)
	at org.springframework.aop.interceptor.ExposeInvocationInterceptor.invoke(ExposeInvocationInterceptor.java:92)
	at org.springframework.aop.framework.ReflectiveMethodInvocation.proceed(ReflectiveMethodInvocation.java:179)
	at org.springframework.aop.framework.CglibAopProxy$DynamicAdvisedInterceptor.intercept(CglibAopProxy.java:653)
	at org.openlmis.authentication.service.UserAuthenticationService$$EnhancerBySpringCGLIB$$89fbcddc.authenticateUser(<generated>)
	at org.openlmis.authentication.web.UserAuthenticationProvider.authenticate(UserAuthenticationProvider.java:46)
	at sun.reflect.NativeMethodAccessorImpl.invoke0(Native Method)
	at sun.reflect.NativeMethodAccessorImpl.invoke(NativeMethodAccessorImpl.java:62)
	at sun.reflect.DelegatingMethodAccessorImpl.invoke(DelegatingMethodAccessorImpl.java:43)
	at java.lang.reflect.Method.invoke(Method.java:498)
	at org.springframework.aop.support.AopUtils.invokeJoinpointUsingReflection(AopUtils.java:317)
	at org.springframework.aop.framework.ReflectiveMethodInvocation.invokeJoinpoint(ReflectiveMethodInvocation.java:190)
	at org.springframework.aop.framework.ReflectiveMethodInvocation.proceed(ReflectiveMethodInvocation.java:157)
	at org.springframework.aop.aspectj.AspectJAfterThrowingAdvice.invoke(AspectJAfterThrowingAdvice.java:58)
	at org.springframework.aop.framework.ReflectiveMethodInvocation.proceed(ReflectiveMethodInvocation.java:179)
	at org.springframework.aop.interceptor.ExposeInvocationInterceptor.invoke(ExposeInvocationInterceptor.java:92)
	at org.springframework.aop.framework.ReflectiveMethodInvocation.proceed(ReflectiveMethodInvocation.java:179)
	at org.springframework.aop.framework.JdkDynamicAopProxy.invoke(JdkDynamicAopProxy.java:207)
	at com.sun.proxy.$Proxy513.authenticate(Unknown Source)
	at org.springframework.security.authentication.ProviderManager.authenticate(ProviderManager.java:156)
	at org.springframework.security.authentication.ProviderManager.authenticate(ProviderManager.java:177)
	at org.springframework.security.web.authentication.UsernamePasswordAuthenticationFilter.attemptAuthentication(UsernamePasswordAuthenticationFilter.java:92)
	at org.springframework.security.web.authentication.AbstractAuthenticationProcessingFilter.doFilter(AbstractAuthenticationProcessingFilter.java:211)
	at org.springframework.security.web.FilterChainProxy$VirtualFilterChain.doFilter(FilterChainProxy.java:342)
	at org.springframework.security.web.authentication.logout.LogoutFilter.doFilter(LogoutFilter.java:110)
	at org.springframework.security.web.FilterChainProxy$VirtualFilterChain.doFilter(FilterChainProxy.java:342)
	at org.springframework.security.web.session.ConcurrentSessionFilter.doFilter(ConcurrentSessionFilter.java:125)
	at org.springframework.security.web.FilterChainProxy$VirtualFilterChain.doFilter(FilterChainProxy.java:342)
	at org.springframework.security.web.context.SecurityContextPersistenceFilter.doFilter(SecurityContextPersistenceFilter.java:87)
	at org.springframework.security.web.FilterChainProxy$VirtualFilterChain.doFilter(FilterChainProxy.java:342)
	at org.springframework.security.web.access.channel.ChannelProcessingFilter.doFilter(ChannelProcessingFilter.java:144)
	at org.springframework.security.web.FilterChainProxy$VirtualFilterChain.doFilter(FilterChainProxy.java:342)
	at org.springframework.security.web.FilterChainProxy.doFilterInternal(FilterChainProxy.java:192)
	at org.springframework.security.web.FilterChainProxy.doFilter(FilterChainProxy.java:160)
	at org.springframework.web.filter.DelegatingFilterProxy.invokeDelegate(DelegatingFilterProxy.java:344)
	at org.springframework.web.filter.DelegatingFilterProxy.doFilter(DelegatingFilterProxy.java:261)
	at org.mortbay.jetty.servlet.ServletHandler$CachedChain.doFilter(ServletHandler.java:1212)
	at org.mortbay.jetty.servlet.ServletHandler.handle(ServletHandler.java:399)
	at org.mortbay.jetty.security.SecurityHandler.handle(SecurityHandler.java:216)
	at org.mortbay.jetty.servlet.SessionHandler.handle(SessionHandler.java:182)
	at org.mortbay.jetty.handler.ContextHandler.handle(ContextHandler.java:766)
	at org.mortbay.jetty.webapp.WebAppContext.handle(WebAppContext.java:450)
	at org.mortbay.jetty.handler.ContextHandlerCollection.handle(ContextHandlerCollection.java:230)
	at org.mortbay.jetty.handler.HandlerCollection.handle(HandlerCollection.java:114)
	at org.mortbay.jetty.handler.HandlerWrapper.handle(HandlerWrapper.java:152)
	at org.mortbay.jetty.Server.handle(Server.java:326)
	at org.mortbay.jetty.HttpConnection.handleRequest(HttpConnection.java:542)
	at org.mortbay.jetty.HttpConnection$RequestHandler.content(HttpConnection.java:945)
	at org.mortbay.jetty.HttpParser.parseNext(HttpParser.java:756)
	at org.mortbay.jetty.HttpParser.parseAvailable(HttpParser.java:218)
	at org.mortbay.jetty.HttpConnection.handle(HttpConnection.java:404)
	at org.mortbay.io.nio.SelectChannelEndPoint.run(SelectChannelEndPoint.java:410)
	at org.mortbay.thread.QueuedThreadPool$PoolThread.run(QueuedThreadPool.java:582)
/j_spring_security_check
org.mybatis.spring.MyBatisSystemException: nested exception is org.apache.ibatis.exceptions.PersistenceException: 
### Error querying database.  Cause: org.springframework.jdbc.CannotGetJdbcConnectionException: Could not get JDBC Connection; nested exception is java.sql.SQLException: Connections could not be acquired from the underlying database!
### The error may exist in org/openlmis/core/repository/mapper/UserMapper.java (best guess)
### The error may involve org.openlmis.core.repository.mapper.UserMapper.selectUserByUserNameAndPassword
### The error occurred while executing a query
### Cause: org.springframework.jdbc.CannotGetJdbcConnectionException: Could not get JDBC Connection; nested exception is java.sql.SQLException: Connections could not be acquired from the underlying database!
	at org.mybatis.spring.MyBatisExceptionTranslator.translateExceptionIfPossible(MyBatisExceptionTranslator.java:79)
	at org.mybatis.spring.SqlSessionTemplate$SqlSessionInterceptor.invoke(SqlSessionTemplate.java:447)
	at com.sun.proxy.$Proxy126.selectOne(Unknown Source)
	at org.mybatis.spring.SqlSessionTemplate.selectOne(SqlSessionTemplate.java:167)
	at org.apache.ibatis.binding.MapperMethod.execute(MapperMethod.java:82)
	at org.apache.ibatis.binding.MapperProxy.invoke(MapperProxy.java:59)
	at com.sun.proxy.$Proxy147.selectUserByUserNameAndPassword(Unknown Source)
	at sun.reflect.NativeMethodAccessorImpl.invoke0(Native Method)
	at sun.reflect.NativeMethodAccessorImpl.invoke(NativeMethodAccessorImpl.java:62)
	at sun.reflect.DelegatingMethodAccessorImpl.invoke(DelegatingMethodAccessorImpl.java:43)
	at java.lang.reflect.Method.invoke(Method.java:498)
	at org.springframework.aop.support.AopUtils.invokeJoinpointUsingReflection(AopUtils.java:317)
	at org.springframework.aop.framework.ReflectiveMethodInvocation.invokeJoinpoint(ReflectiveMethodInvocation.java:190)
	at org.springframework.aop.framework.ReflectiveMethodInvocation.proceed(ReflectiveMethodInvocation.java:157)
	at org.springframework.aop.aspectj.AspectJAfterThrowingAdvice.invoke(AspectJAfterThrowingAdvice.java:58)
	at org.springframework.aop.framework.ReflectiveMethodInvocation.proceed(ReflectiveMethodInvocation.java:179)
	at org.springframework.aop.interceptor.ExposeInvocationInterceptor.invoke(ExposeInvocationInterceptor.java:92)
	at org.springframework.aop.framework.ReflectiveMethodInvocation.proceed(ReflectiveMethodInvocation.java:179)
	at org.springframework.aop.framework.JdkDynamicAopProxy.invoke(JdkDynamicAopProxy.java:207)
	at com.sun.proxy.$Proxy148.selectUserByUserNameAndPassword(Unknown Source)
	at org.openlmis.core.repository.UserRepository.selectUserByUserNameAndPassword(UserRepository.java:131)
	at org.openlmis.core.repository.UserRepository$$FastClassBySpringCGLIB$$ef958b79.invoke(<generated>)
	at org.springframework.cglib.proxy.MethodProxy.invoke(MethodProxy.java:204)
	at org.springframework.aop.framework.CglibAopProxy$CglibMethodInvocation.invokeJoinpoint(CglibAopProxy.java:717)
	at org.springframework.aop.framework.ReflectiveMethodInvocation.proceed(ReflectiveMethodInvocation.java:157)
	at org.springframework.aop.aspectj.AspectJAfterThrowingAdvice.invoke(AspectJAfterThrowingAdvice.java:58)
	at org.springframework.aop.framework.ReflectiveMethodInvocation.proceed(ReflectiveMethodInvocation.java:179)
	at org.springframework.aop.interceptor.ExposeInvocationInterceptor.invoke(ExposeInvocationInterceptor.java:92)
	at org.springframework.aop.framework.ReflectiveMethodInvocation.proceed(ReflectiveMethodInvocation.java:179)
	at org.springframework.aop.framework.CglibAopProxy$DynamicAdvisedInterceptor.intercept(CglibAopProxy.java:653)
	at org.openlmis.core.repository.UserRepository$$EnhancerBySpringCGLIB$$794cc2e3.selectUserByUserNameAndPassword(<generated>)
	at org.openlmis.core.service.UserService.selectUserByUserNameAndPassword(UserService.java:140)
	at org.openlmis.core.service.UserService$$FastClassBySpringCGLIB$$d0e79551.invoke(<generated>)
	at org.springframework.cglib.proxy.MethodProxy.invoke(MethodProxy.java:204)
	at org.springframework.aop.framework.CglibAopProxy$CglibMethodInvocation.invokeJoinpoint(CglibAopProxy.java:717)
	at org.springframework.aop.framework.ReflectiveMethodInvocation.proceed(ReflectiveMethodInvocation.java:157)
	at org.springframework.aop.aspectj.AspectJAfterThrowingAdvice.invoke(AspectJAfterThrowingAdvice.java:58)
	at org.springframework.aop.framework.ReflectiveMethodInvocation.proceed(ReflectiveMethodInvocation.java:179)
	at org.springframework.aop.interceptor.ExposeInvocationInterceptor.invoke(ExposeInvocationInterceptor.java:92)
	at org.springframework.aop.framework.ReflectiveMethodInvocation.proceed(ReflectiveMethodInvocation.java:179)
	at org.springframework.aop.framework.CglibAopProxy$DynamicAdvisedInterceptor.intercept(CglibAopProxy.java:653)
	at org.openlmis.core.service.UserService$$EnhancerBySpringCGLIB$$64593fa.selectUserByUserNameAndPassword(<generated>)
	at org.openlmis.authentication.service.UserAuthenticationService.authenticateUser(UserAuthenticationService.java:39)
	at org.openlmis.authentication.service.UserAuthenticationService$$FastClassBySpringCGLIB$$a8a67892.invoke(<generated>)
	at org.springframework.cglib.proxy.MethodProxy.invoke(MethodProxy.java:204)
	at org.springframework.aop.framework.CglibAopProxy$CglibMethodInvocation.invokeJoinpoint(CglibAopProxy.java:717)
	at org.springframework.aop.framework.ReflectiveMethodInvocation.proceed(ReflectiveMethodInvocation.java:157)
	at org.springframework.aop.aspectj.AspectJAfterThrowingAdvice.invoke(AspectJAfterThrowingAdvice.java:58)
	at org.springframework.aop.framework.ReflectiveMethodInvocation.proceed(ReflectiveMethodInvocation.java:179)
	at org.springframework.aop.interceptor.ExposeInvocationInterceptor.invoke(ExposeInvocationInterceptor.java:92)
	at org.springframework.aop.framework.ReflectiveMethodInvocation.proceed(ReflectiveMethodInvocation.java:179)
	at org.springframework.aop.framework.CglibAopProxy$DynamicAdvisedInterceptor.intercept(CglibAopProxy.java:653)
	at org.openlmis.authentication.service.UserAuthenticationService$$EnhancerBySpringCGLIB$$89fbcddc.authenticateUser(<generated>)
	at org.openlmis.authentication.web.UserAuthenticationProvider.authenticate(UserAuthenticationProvider.java:46)
	at sun.reflect.NativeMethodAccessorImpl.invoke0(Native Method)
	at sun.reflect.NativeMethodAccessorImpl.invoke(NativeMethodAccessorImpl.java:62)
	at sun.reflect.DelegatingMethodAccessorImpl.invoke(DelegatingMethodAccessorImpl.java:43)
	at java.lang.reflect.Method.invoke(Method.java:498)
	at org.springframework.aop.support.AopUtils.invokeJoinpointUsingReflection(AopUtils.java:317)
	at org.springframework.aop.framework.ReflectiveMethodInvocation.invokeJoinpoint(ReflectiveMethodInvocation.java:190)
	at org.springframework.aop.framework.ReflectiveMethodInvocation.proceed(ReflectiveMethodInvocation.java:157)
	at org.springframework.aop.aspectj.AspectJAfterThrowingAdvice.invoke(AspectJAfterThrowingAdvice.java:58)
	at org.springframework.aop.framework.ReflectiveMethodInvocation.proceed(ReflectiveMethodInvocation.java:179)
	at org.springframework.aop.interceptor.ExposeInvocationInterceptor.invoke(ExposeInvocationInterceptor.java:92)
	at org.springframework.aop.framework.ReflectiveMethodInvocation.proceed(ReflectiveMethodInvocation.java:179)
	at org.springframework.aop.framework.JdkDynamicAopProxy.invoke(JdkDynamicAopProxy.java:207)
	at com.sun.proxy.$Proxy513.authenticate(Unknown Source)
	at org.springframework.security.authentication.ProviderManager.authenticate(ProviderManager.java:156)
	at org.springframework.security.authentication.ProviderManager.authenticate(ProviderManager.java:177)
	at org.springframework.security.web.authentication.UsernamePasswordAuthenticationFilter.attemptAuthentication(UsernamePasswordAuthenticationFilter.java:92)
	at org.springframework.security.web.authentication.AbstractAuthenticationProcessingFilter.doFilter(AbstractAuthenticationProcessingFilter.java:211)
	at org.springframework.security.web.FilterChainProxy$VirtualFilterChain.doFilter(FilterChainProxy.java:342)
	at org.springframework.security.web.authentication.logout.LogoutFilter.doFilter(LogoutFilter.java:110)
	at org.springframework.security.web.FilterChainProxy$VirtualFilterChain.doFilter(FilterChainProxy.java:342)
	at org.springframework.security.web.session.ConcurrentSessionFilter.doFilter(ConcurrentSessionFilter.java:125)
	at org.springframework.security.web.FilterChainProxy$VirtualFilterChain.doFilter(FilterChainProxy.java:342)
	at org.springframework.security.web.context.SecurityContextPersistenceFilter.doFilter(SecurityContextPersistenceFilter.java:87)
	at org.springframework.security.web.FilterChainProxy$VirtualFilterChain.doFilter(FilterChainProxy.java:342)
	at org.springframework.security.web.access.channel.ChannelProcessingFilter.doFilter(ChannelProcessingFilter.java:144)
	at org.springframework.security.web.FilterChainProxy$VirtualFilterChain.doFilter(FilterChainProxy.java:342)
	at org.springframework.security.web.FilterChainProxy.doFilterInternal(FilterChainProxy.java:192)
	at org.springframework.security.web.FilterChainProxy.doFilter(FilterChainProxy.java:160)
	at org.springframework.web.filter.DelegatingFilterProxy.invokeDelegate(DelegatingFilterProxy.java:344)
	at org.springframework.web.filter.DelegatingFilterProxy.doFilter(DelegatingFilterProxy.java:261)
	at org.mortbay.jetty.servlet.ServletHandler$CachedChain.doFilter(ServletHandler.java:1212)
	at org.mortbay.jetty.servlet.ServletHandler.handle(ServletHandler.java:399)
	at org.mortbay.jetty.security.SecurityHandler.handle(SecurityHandler.java:216)
	at org.mortbay.jetty.servlet.SessionHandler.handle(SessionHandler.java:182)
	at org.mortbay.jetty.handler.ContextHandler.handle(ContextHandler.java:766)
	at org.mortbay.jetty.webapp.WebAppContext.handle(WebAppContext.java:450)
	at org.mortbay.jetty.handler.ContextHandlerCollection.handle(ContextHandlerCollection.java:230)
	at org.mortbay.jetty.handler.HandlerCollection.handle(HandlerCollection.java:114)
	at org.mortbay.jetty.handler.HandlerWrapper.handle(HandlerWrapper.java:152)
	at org.mortbay.jetty.Server.handle(Server.java:326)
	at org.mortbay.jetty.HttpConnection.handleRequest(HttpConnection.java:542)
	at org.mortbay.jetty.HttpConnection$RequestHandler.content(HttpConnection.java:945)
	at org.mortbay.jetty.HttpParser.parseNext(HttpParser.java:756)
	at org.mortbay.jetty.HttpParser.parseAvailable(HttpParser.java:218)
	at org.mortbay.jetty.HttpConnection.handle(HttpConnection.java:404)
	at org.mortbay.io.nio.SelectChannelEndPoint.run(SelectChannelEndPoint.java:410)
	at org.mortbay.thread.QueuedThreadPool$PoolThread.run(QueuedThreadPool.java:582)
Caused by: org.apache.ibatis.exceptions.PersistenceException: 
### Error querying database.  Cause: org.springframework.jdbc.CannotGetJdbcConnectionException: Could not get JDBC Connection; nested exception is java.sql.SQLException: Connections could not be acquired from the underlying database!
### The error may exist in org/openlmis/core/repository/mapper/UserMapper.java (best guess)
### The error may involve org.openlmis.core.repository.mapper.UserMapper.selectUserByUserNameAndPassword
### The error occurred while executing a query
### Cause: org.springframework.jdbc.CannotGetJdbcConnectionException: Could not get JDBC Connection; nested exception is java.sql.SQLException: Connections could not be acquired from the underlying database!
	at org.apache.ibatis.exceptions.ExceptionFactory.wrapException(ExceptionFactory.java:30)
	at org.apache.ibatis.session.defaults.DefaultSqlSession.selectList(DefaultSqlSession.java:150)
	at org.apache.ibatis.session.defaults.DefaultSqlSession.selectList(DefaultSqlSession.java:141)
	at org.apache.ibatis.session.defaults.DefaultSqlSession.selectOne(DefaultSqlSession.java:77)
	at sun.reflect.NativeMethodAccessorImpl.invoke0(Native Method)
	at sun.reflect.NativeMethodAccessorImpl.invoke(NativeMethodAccessorImpl.java:62)
	at sun.reflect.DelegatingMethodAccessorImpl.invoke(DelegatingMethodAccessorImpl.java:43)
	at java.lang.reflect.Method.invoke(Method.java:498)
	at org.mybatis.spring.SqlSessionTemplate$SqlSessionInterceptor.invoke(SqlSessionTemplate.java:434)
	... 99 more
Caused by: org.springframework.jdbc.CannotGetJdbcConnectionException: Could not get JDBC Connection; nested exception is java.sql.SQLException: Connections could not be acquired from the underlying database!
	at org.springframework.jdbc.datasource.DataSourceUtils.getConnection(DataSourceUtils.java:80)
	at org.mybatis.spring.transaction.SpringManagedTransaction.openConnection(SpringManagedTransaction.java:84)
	at org.mybatis.spring.transaction.SpringManagedTransaction.getConnection(SpringManagedTransaction.java:70)
	at org.apache.ibatis.executor.BaseExecutor.getConnection(BaseExecutor.java:336)
	at org.apache.ibatis.executor.SimpleExecutor.prepareStatement(SimpleExecutor.java:84)
	at org.apache.ibatis.executor.SimpleExecutor.doQuery(SimpleExecutor.java:62)
	at org.apache.ibatis.executor.BaseExecutor.queryFromDatabase(BaseExecutor.java:324)
	at org.apache.ibatis.executor.BaseExecutor.query(BaseExecutor.java:156)
	at org.apache.ibatis.executor.CachingExecutor.query(CachingExecutor.java:109)
	at org.apache.ibatis.executor.CachingExecutor.query(CachingExecutor.java:83)
	at org.apache.ibatis.session.defaults.DefaultSqlSession.selectList(DefaultSqlSession.java:148)
	... 106 more
Caused by: java.sql.SQLException: Connections could not be acquired from the underlying database!
	at com.mchange.v2.sql.SqlUtils.toSQLException(SqlUtils.java:118)
	at com.mchange.v2.c3p0.impl.C3P0PooledConnectionPool.checkoutPooledConnection(C3P0PooledConnectionPool.java:689)
	at com.mchange.v2.c3p0.impl.AbstractPoolBackedDataSource.getConnection(AbstractPoolBackedDataSource.java:140)
	at org.springframework.jdbc.datasource.DataSourceUtils.doGetConnection(DataSourceUtils.java:111)
	at org.springframework.jdbc.datasource.DataSourceUtils.getConnection(DataSourceUtils.java:77)
	... 116 more
Caused by: com.mchange.v2.resourcepool.CannotAcquireResourceException: A ResourcePool could not acquire a resource from its primary factory or source.
	at com.mchange.v2.resourcepool.BasicResourcePool.awaitAvailable(BasicResourcePool.java:1418)
	at com.mchange.v2.resourcepool.BasicResourcePool.prelimCheckoutResource(BasicResourcePool.java:606)
	at com.mchange.v2.resourcepool.BasicResourcePool.checkoutResource(BasicResourcePool.java:526)
	at com.mchange.v2.c3p0.impl.C3P0PooledConnectionPool.checkoutAndMarkConnectionInUse(C3P0PooledConnectionPool.java:755)
	at com.mchange.v2.c3p0.impl.C3P0PooledConnectionPool.checkoutPooledConnection(C3P0PooledConnectionPool.java:682)
	... 119 more
Nested in org.mybatis.spring.MyBatisSystemException: nested exception is org.apache.ibatis.exceptions.PersistenceException: 
### Error querying database.  Cause: org.springframework.jdbc.CannotGetJdbcConnectionException: Could not get JDBC Connection; nested exception is java.sql.SQLException: Connections could not be acquired from the underlying database!
### The error may exist in org/openlmis/core/repository/mapper/UserMapper.java (best guess)
### The error may involve org.openlmis.core.repository.mapper.UserMapper.selectUserByUserNameAndPassword
### The error occurred while executing a query
### Cause: org.springframework.jdbc.CannotGetJdbcConnectionException: Could not get JDBC Connection; nested exception is java.sql.SQLException: Connections could not be acquired from the underlying database!:
com.mchange.v2.resourcepool.CannotAcquireResourceException: A ResourcePool could not acquire a resource from its primary factory or source.
	at com.mchange.v2.resourcepool.BasicResourcePool.awaitAvailable(BasicResourcePool.java:1418)
	at com.mchange.v2.resourcepool.BasicResourcePool.prelimCheckoutResource(BasicResourcePool.java:606)
	at com.mchange.v2.resourcepool.BasicResourcePool.checkoutResource(BasicResourcePool.java:526)
	at com.mchange.v2.c3p0.impl.C3P0PooledConnectionPool.checkoutAndMarkConnectionInUse(C3P0PooledConnectionPool.java:755)
	at com.mchange.v2.c3p0.impl.C3P0PooledConnectionPool.checkoutPooledConnection(C3P0PooledConnectionPool.java:682)
	at com.mchange.v2.c3p0.impl.AbstractPoolBackedDataSource.getConnection(AbstractPoolBackedDataSource.java:140)
	at org.springframework.jdbc.datasource.DataSourceUtils.doGetConnection(DataSourceUtils.java:111)
	at org.springframework.jdbc.datasource.DataSourceUtils.getConnection(DataSourceUtils.java:77)
	at org.mybatis.spring.transaction.SpringManagedTransaction.openConnection(SpringManagedTransaction.java:84)
	at org.mybatis.spring.transaction.SpringManagedTransaction.getConnection(SpringManagedTransaction.java:70)
	at org.apache.ibatis.executor.BaseExecutor.getConnection(BaseExecutor.java:336)
	at org.apache.ibatis.executor.SimpleExecutor.prepareStatement(SimpleExecutor.java:84)
	at org.apache.ibatis.executor.SimpleExecutor.doQuery(SimpleExecutor.java:62)
	at org.apache.ibatis.executor.BaseExecutor.queryFromDatabase(BaseExecutor.java:324)
	at org.apache.ibatis.executor.BaseExecutor.query(BaseExecutor.java:156)
	at org.apache.ibatis.executor.CachingExecutor.query(CachingExecutor.java:109)
	at org.apache.ibatis.executor.CachingExecutor.query(CachingExecutor.java:83)
	at org.apache.ibatis.session.defaults.DefaultSqlSession.selectList(DefaultSqlSession.java:148)
	at org.apache.ibatis.session.defaults.DefaultSqlSession.selectList(DefaultSqlSession.java:141)
	at org.apache.ibatis.session.defaults.DefaultSqlSession.selectOne(DefaultSqlSession.java:77)
	at sun.reflect.NativeMethodAccessorImpl.invoke0(Native Method)
	at sun.reflect.NativeMethodAccessorImpl.invoke(NativeMethodAccessorImpl.java:62)
	at sun.reflect.DelegatingMethodAccessorImpl.invoke(DelegatingMethodAccessorImpl.java:43)
	at java.lang.reflect.Method.invoke(Method.java:498)
	at org.mybatis.spring.SqlSessionTemplate$SqlSessionInterceptor.invoke(SqlSessionTemplate.java:434)
	at com.sun.proxy.$Proxy126.selectOne(Unknown Source)
	at org.mybatis.spring.SqlSessionTemplate.selectOne(SqlSessionTemplate.java:167)
	at org.apache.ibatis.binding.MapperMethod.execute(MapperMethod.java:82)
	at org.apache.ibatis.binding.MapperProxy.invoke(MapperProxy.java:59)
	at com.sun.proxy.$Proxy147.selectUserByUserNameAndPassword(Unknown Source)
	at sun.reflect.NativeMethodAccessorImpl.invoke0(Native Method)
	at sun.reflect.NativeMethodAccessorImpl.invoke(NativeMethodAccessorImpl.java:62)
	at sun.reflect.DelegatingMethodAccessorImpl.invoke(DelegatingMethodAccessorImpl.java:43)
	at java.lang.reflect.Method.invoke(Method.java:498)
	at org.springframework.aop.support.AopUtils.invokeJoinpointUsingReflection(AopUtils.java:317)
	at org.springframework.aop.framework.ReflectiveMethodInvocation.invokeJoinpoint(ReflectiveMethodInvocation.java:190)
	at org.springframework.aop.framework.ReflectiveMethodInvocation.proceed(ReflectiveMethodInvocation.java:157)
	at org.springframework.aop.aspectj.AspectJAfterThrowingAdvice.invoke(AspectJAfterThrowingAdvice.java:58)
	at org.springframework.aop.framework.ReflectiveMethodInvocation.proceed(ReflectiveMethodInvocation.java:179)
	at org.springframework.aop.interceptor.ExposeInvocationInterceptor.invoke(ExposeInvocationInterceptor.java:92)
	at org.springframework.aop.framework.ReflectiveMethodInvocation.proceed(ReflectiveMethodInvocation.java:179)
	at org.springframework.aop.framework.JdkDynamicAopProxy.invoke(JdkDynamicAopProxy.java:207)
	at com.sun.proxy.$Proxy148.selectUserByUserNameAndPassword(Unknown Source)
	at org.openlmis.core.repository.UserRepository.selectUserByUserNameAndPassword(UserRepository.java:131)
	at org.openlmis.core.repository.UserRepository$$FastClassBySpringCGLIB$$ef958b79.invoke(<generated>)
	at org.springframework.cglib.proxy.MethodProxy.invoke(MethodProxy.java:204)
	at org.springframework.aop.framework.CglibAopProxy$CglibMethodInvocation.invokeJoinpoint(CglibAopProxy.java:717)
	at org.springframework.aop.framework.ReflectiveMethodInvocation.proceed(ReflectiveMethodInvocation.java:157)
	at org.springframework.aop.aspectj.AspectJAfterThrowingAdvice.invoke(AspectJAfterThrowingAdvice.java:58)
	at org.springframework.aop.framework.ReflectiveMethodInvocation.proceed(ReflectiveMethodInvocation.java:179)
	at org.springframework.aop.interceptor.ExposeInvocationInterceptor.invoke(ExposeInvocationInterceptor.java:92)
	at org.springframework.aop.framework.ReflectiveMethodInvocation.proceed(ReflectiveMethodInvocation.java:179)
	at org.springframework.aop.framework.CglibAopProxy$DynamicAdvisedInterceptor.intercept(CglibAopProxy.java:653)
	at org.openlmis.core.repository.UserRepository$$EnhancerBySpringCGLIB$$794cc2e3.selectUserByUserNameAndPassword(<generated>)
	at org.openlmis.core.service.UserService.selectUserByUserNameAndPassword(UserService.java:140)
	at org.openlmis.core.service.UserService$$FastClassBySpringCGLIB$$d0e79551.invoke(<generated>)
	at org.springframework.cglib.proxy.MethodProxy.invoke(MethodProxy.java:204)
	at org.springframework.aop.framework.CglibAopProxy$CglibMethodInvocation.invokeJoinpoint(CglibAopProxy.java:717)
	at org.springframework.aop.framework.ReflectiveMethodInvocation.proceed(ReflectiveMethodInvocation.java:157)
	at org.springframework.aop.aspectj.AspectJAfterThrowingAdvice.invoke(AspectJAfterThrowingAdvice.java:58)
	at org.springframework.aop.framework.ReflectiveMethodInvocation.proceed(ReflectiveMethodInvocation.java:179)
	at org.springframework.aop.interceptor.ExposeInvocationInterceptor.invoke(ExposeInvocationInterceptor.java:92)
	at org.springframework.aop.framework.ReflectiveMethodInvocation.proceed(ReflectiveMethodInvocation.java:179)
	at org.springframework.aop.framework.CglibAopProxy$DynamicAdvisedInterceptor.intercept(CglibAopProxy.java:653)
	at org.openlmis.core.service.UserService$$EnhancerBySpringCGLIB$$64593fa.selectUserByUserNameAndPassword(<generated>)
	at org.openlmis.authentication.service.UserAuthenticationService.authenticateUser(UserAuthenticationService.java:39)
	at org.openlmis.authentication.service.UserAuthenticationService$$FastClassBySpringCGLIB$$a8a67892.invoke(<generated>)
	at org.springframework.cglib.proxy.MethodProxy.invoke(MethodProxy.java:204)
	at org.springframework.aop.framework.CglibAopProxy$CglibMethodInvocation.invokeJoinpoint(CglibAopProxy.java:717)
	at org.springframework.aop.framework.ReflectiveMethodInvocation.proceed(ReflectiveMethodInvocation.java:157)
	at org.springframework.aop.aspectj.AspectJAfterThrowingAdvice.invoke(AspectJAfterThrowingAdvice.java:58)
	at org.springframework.aop.framework.ReflectiveMethodInvocation.proceed(ReflectiveMethodInvocation.java:179)
	at org.springframework.aop.interceptor.ExposeInvocationInterceptor.invoke(ExposeInvocationInterceptor.java:92)
	at org.springframework.aop.framework.ReflectiveMethodInvocation.proceed(ReflectiveMethodInvocation.java:179)
	at org.springframework.aop.framework.CglibAopProxy$DynamicAdvisedInterceptor.intercept(CglibAopProxy.java:653)
	at org.openlmis.authentication.service.UserAuthenticationService$$EnhancerBySpringCGLIB$$89fbcddc.authenticateUser(<generated>)
	at org.openlmis.authentication.web.UserAuthenticationProvider.authenticate(UserAuthenticationProvider.java:46)
	at sun.reflect.NativeMethodAccessorImpl.invoke0(Native Method)
	at sun.reflect.NativeMethodAccessorImpl.invoke(NativeMethodAccessorImpl.java:62)
	at sun.reflect.DelegatingMethodAccessorImpl.invoke(DelegatingMethodAccessorImpl.java:43)
	at java.lang.reflect.Method.invoke(Method.java:498)
	at org.springframework.aop.support.AopUtils.invokeJoinpointUsingReflection(AopUtils.java:317)
	at org.springframework.aop.framework.ReflectiveMethodInvocation.invokeJoinpoint(ReflectiveMethodInvocation.java:190)
	at org.springframework.aop.framework.ReflectiveMethodInvocation.proceed(ReflectiveMethodInvocation.java:157)
	at org.springframework.aop.aspectj.AspectJAfterThrowingAdvice.invoke(AspectJAfterThrowingAdvice.java:58)
	at org.springframework.aop.framework.ReflectiveMethodInvocation.proceed(ReflectiveMethodInvocation.java:179)
	at org.springframework.aop.interceptor.ExposeInvocationInterceptor.invoke(ExposeInvocationInterceptor.java:92)
	at org.springframework.aop.framework.ReflectiveMethodInvocation.proceed(ReflectiveMethodInvocation.java:179)
	at org.springframework.aop.framework.JdkDynamicAopProxy.invoke(JdkDynamicAopProxy.java:207)
	at com.sun.proxy.$Proxy513.authenticate(Unknown Source)
	at org.springframework.security.authentication.ProviderManager.authenticate(ProviderManager.java:156)
	at org.springframework.security.authentication.ProviderManager.authenticate(ProviderManager.java:177)
	at org.springframework.security.web.authentication.UsernamePasswordAuthenticationFilter.attemptAuthentication(UsernamePasswordAuthenticationFilter.java:92)
	at org.springframework.security.web.authentication.AbstractAuthenticationProcessingFilter.doFilter(AbstractAuthenticationProcessingFilter.java:211)
	at org.springframework.security.web.FilterChainProxy$VirtualFilterChain.doFilter(FilterChainProxy.java:342)
	at org.springframework.security.web.authentication.logout.LogoutFilter.doFilter(LogoutFilter.java:110)
	at org.springframework.security.web.FilterChainProxy$VirtualFilterChain.doFilter(FilterChainProxy.java:342)
	at org.springframework.security.web.session.ConcurrentSessionFilter.doFilter(ConcurrentSessionFilter.java:125)
	at org.springframework.security.web.FilterChainProxy$VirtualFilterChain.doFilter(FilterChainProxy.java:342)
	at org.springframework.security.web.context.SecurityContextPersistenceFilter.doFilter(SecurityContextPersistenceFilter.java:87)
	at org.springframework.security.web.FilterChainProxy$VirtualFilterChain.doFilter(FilterChainProxy.java:342)
	at org.springframework.security.web.access.channel.ChannelProcessingFilter.doFilter(ChannelProcessingFilter.java:144)
	at org.springframework.security.web.FilterChainProxy$VirtualFilterChain.doFilter(FilterChainProxy.java:342)
	at org.springframework.security.web.FilterChainProxy.doFilterInternal(FilterChainProxy.java:192)
	at org.springframework.security.web.FilterChainProxy.doFilter(FilterChainProxy.java:160)
	at org.springframework.web.filter.DelegatingFilterProxy.invokeDelegate(DelegatingFilterProxy.java:344)
	at org.springframework.web.filter.DelegatingFilterProxy.doFilter(DelegatingFilterProxy.java:261)
	at org.mortbay.jetty.servlet.ServletHandler$CachedChain.doFilter(ServletHandler.java:1212)
	at org.mortbay.jetty.servlet.ServletHandler.handle(ServletHandler.java:399)
	at org.mortbay.jetty.security.SecurityHandler.handle(SecurityHandler.java:216)
	at org.mortbay.jetty.servlet.SessionHandler.handle(SessionHandler.java:182)
	at org.mortbay.jetty.handler.ContextHandler.handle(ContextHandler.java:766)
	at org.mortbay.jetty.webapp.WebAppContext.handle(WebAppContext.java:450)
	at org.mortbay.jetty.handler.ContextHandlerCollection.handle(ContextHandlerCollection.java:230)
	at org.mortbay.jetty.handler.HandlerCollection.handle(HandlerCollection.java:114)
	at org.mortbay.jetty.handler.HandlerWrapper.handle(HandlerWrapper.java:152)
	at org.mortbay.jetty.Server.handle(Server.java:326)
	at org.mortbay.jetty.HttpConnection.handleRequest(HttpConnection.java:542)
	at org.mortbay.jetty.HttpConnection$RequestHandler.content(HttpConnection.java:945)
	at org.mortbay.jetty.HttpParser.parseNext(HttpParser.java:756)
	at org.mortbay.jetty.HttpParser.parseAvailable(HttpParser.java:218)
	at org.mortbay.jetty.HttpConnection.handle(HttpConnection.java:404)
	at org.mortbay.io.nio.SelectChannelEndPoint.run(SelectChannelEndPoint.java:410)
	at org.mortbay.thread.QueuedThreadPool$PoolThread.run(QueuedThreadPool.java:582)
The message received from the daemon indicates that the daemon has disappeared.
Build request sent: Build{id=ca7c4fcf-b755-4690-8889-7c8eb6789247.1, currentDir=/app/siglab/open-lmis}
Attempting to read last messages from the daemon log...
Daemon pid: 1187614
  log file: /root/.gradle/daemon/3.3/daemon-1187614.out.log
----- Last  20 lines from daemon log file - daemon-1187614.out.log -----
	at org.springframework.security.web.FilterChainProxy.doFilter(FilterChainProxy.java:160)
	at org.springframework.web.filter.DelegatingFilterProxy.invokeDelegate(DelegatingFilterProxy.java:344)
	at org.springframework.web.filter.DelegatingFilterProxy.doFilter(DelegatingFilterProxy.java:261)
	at org.mortbay.jetty.servlet.ServletHandler$CachedChain.doFilter(ServletHandler.java:1212)
	at org.mortbay.jetty.servlet.ServletHandler.handle(ServletHandler.java:399)
	at org.mortbay.jetty.security.SecurityHandler.handle(SecurityHandler.java:216)
	at org.mortbay.jetty.servlet.SessionHandler.handle(SessionHandler.java:182)
	at org.mortbay.jetty.handler.ContextHandler.handle(ContextHandler.java:766)
	at org.mortbay.jetty.webapp.WebAppContext.handle(WebAppContext.java:450)
	at org.mortbay.jetty.handler.ContextHandlerCollection.handle(ContextHandlerCollection.java:230)
	at org.mortbay.jetty.handler.HandlerCollection.handle(HandlerCollection.java:114)
	at org.mortbay.jetty.handler.HandlerWrapper.handle(HandlerWrapper.java:152)
	at org.mortbay.jetty.Server.handle(Server.java:326)
	at org.mortbay.jetty.HttpConnection.handleRequest(HttpConnection.java:542)
	at org.mortbay.jetty.HttpConnection$RequestHandler.content(HttpConnection.java:945)
	at org.mortbay.jetty.HttpParser.parseNext(HttpParser.java:756)
	at org.mortbay.jetty.HttpParser.parseAvailable(HttpParser.java:218)
	at org.mortbay.jetty.HttpConnection.handle(HttpConnection.java:404)
	at org.mortbay.io.nio.SelectChannelEndPoint.run(SelectChannelEndPoint.java:410)
	at org.mortbay.thread.QueuedThreadPool$PoolThread.run(QueuedThreadPool.java:582)
----- End of the daemon log -----


FAILURE: Build failed with an exception.

* What went wrong:
Gradle build daemon disappeared unexpectedly (it may have been killed or may have crashed)

* Try:
Run with --info or --debug option to get more log output.

* Exception is:
org.gradle.launcher.daemon.client.DaemonDisappearedException: Gradle build daemon disappeared unexpectedly (it may have been killed or may have crashed)
	at org.gradle.launcher.daemon.client.DaemonClient.handleDaemonDisappearance(DaemonClient.java:227)
	at org.gradle.launcher.daemon.client.DaemonClient.monitorBuild(DaemonClient.java:203)
	at org.gradle.launcher.daemon.client.DaemonClient.executeBuild(DaemonClient.java:167)
	at org.gradle.launcher.daemon.client.DaemonClient.execute(DaemonClient.java:130)
	at org.gradle.launcher.daemon.client.DaemonClient.execute(DaemonClient.java:81)
	at org.gradle.launcher.cli.RunBuildAction.run(RunBuildAction.java:51)
	at org.gradle.internal.Actions$RunnableActionAdapter.execute(Actions.java:173)
	at org.gradle.launcher.cli.CommandLineActionFactory$ParseAndBuildAction.execute(CommandLineActionFactory.java:244)
	at org.gradle.launcher.cli.CommandLineActionFactory$ParseAndBuildAction.execute(CommandLineActionFactory.java:217)
	at org.gradle.launcher.cli.JavaRuntimeValidationAction.execute(JavaRuntimeValidationAction.java:33)
	at org.gradle.launcher.cli.JavaRuntimeValidationAction.execute(JavaRuntimeValidationAction.java:24)
	at org.gradle.launcher.cli.ExceptionReportingAction.execute(ExceptionReportingAction.java:33)
	at org.gradle.launcher.cli.ExceptionReportingAction.execute(ExceptionReportingAction.java:22)
	at org.gradle.launcher.cli.CommandLineActionFactory$WithLogging.execute(CommandLineActionFactory.java:210)
	at org.gradle.launcher.cli.CommandLineActionFactory$WithLogging.execute(CommandLineActionFactory.java:174)
	at org.gradle.launcher.Main.doAction(Main.java:33)
	at org.gradle.launcher.bootstrap.EntryPoint.run(EntryPoint.java:45)
	at sun.reflect.NativeMethodAccessorImpl.invoke0(Native Method)
	at sun.reflect.NativeMethodAccessorImpl.invoke(NativeMethodAccessorImpl.java:62)
	at sun.reflect.DelegatingMethodAccessorImpl.invoke(DelegatingMethodAccessorImpl.java:43)
	at java.lang.reflect.Method.invoke(Method.java:498)
	at org.gradle.launcher.bootstrap.ProcessBootstrap.runNoExit(ProcessBootstrap.java:60)
	at org.gradle.launcher.bootstrap.ProcessBootstrap.run(ProcessBootstrap.java:37)
	at org.gradle.launcher.GradleMain.main(GradleMain.java:23)
	at sun.reflect.NativeMethodAccessorImpl.invoke0(Native Method)
	at sun.reflect.NativeMethodAccessorImpl.invoke(NativeMethodAccessorImpl.java:62)
	at sun.reflect.DelegatingMethodAccessorImpl.invoke(DelegatingMethodAccessorImpl.java:43)
	at java.lang.reflect.Method.invoke(Method.java:498)
	at org.gradle.wrapper.BootstrapMainStarter.start(BootstrapMainStarter.java:30)
	at org.gradle.wrapper.WrapperExecutor.execute(WrapperExecutor.java:127)
	at org.gradle.wrapper.GradleWrapperMain.main(GradleWrapperMain.java:61)

Starting a Gradle Daemon, 1 stopped Daemon could not be reused, use --status for details
The Task.leftShift(Closure) method has been deprecated and is scheduled to be removed in Gradle 5.0. Please use Task.doLast(Action) instead.
	at org.gradle.api.internal.AbstractTask.leftShift(AbstractTask.java:513)
	at org.gradle.api.Task$leftShift.call(Unknown Source)
	at org.codehaus.groovy.runtime.callsite.CallSiteArray.defaultCall(CallSiteArray.java:48)
	at org.codehaus.groovy.runtime.callsite.AbstractCallSite.call(AbstractCallSite.java:113)
	at org.codehaus.groovy.runtime.callsite.AbstractCallSite.call(AbstractCallSite.java:125)
	at build_dztr9z0e0kr9jnb7pu99im9ym$_run_closure2.doCall(/app/siglab/open-lmis/build.gradle:123)
	at sun.reflect.NativeMethodAccessorImpl.invoke0(Native Method)
	at sun.reflect.NativeMethodAccessorImpl.invoke(NativeMethodAccessorImpl.java:62)
	at sun.reflect.DelegatingMethodAccessorImpl.invoke(DelegatingMethodAccessorImpl.java:43)
	at java.lang.reflect.Method.invoke(Method.java:498)
	at org.codehaus.groovy.reflection.CachedMethod.invoke(CachedMethod.java:93)
	at groovy.lang.MetaMethod.doMethodInvoke(MetaMethod.java:325)
	at org.codehaus.groovy.runtime.metaclass.ClosureMetaClass.invokeMethod(ClosureMetaClass.java:294)
	at groovy.lang.MetaClassImpl.invokeMethod(MetaClassImpl.java:1024)
	at groovy.lang.Closure.call(Closure.java:414)
	at groovy.lang.Closure.call(Closure.java:430)
	at org.gradle.api.internal.ClosureBackedAction.execute(ClosureBackedAction.java:70)
	at org.gradle.util.ConfigureUtil.configureTarget(ConfigureUtil.java:160)
	at org.gradle.util.ConfigureUtil.configure(ConfigureUtil.java:106)
	at org.gradle.api.internal.project.DefaultProject.configure(DefaultProject.java:983)
	at org.gradle.api.internal.project.DefaultProject.configure(DefaultProject.java:988)
	at org.gradle.api.internal.project.DefaultProject.subprojects(DefaultProject.java:971)
	at sun.reflect.NativeMethodAccessorImpl.invoke0(Native Method)
	at sun.reflect.NativeMethodAccessorImpl.invoke(NativeMethodAccessorImpl.java:62)
	at sun.reflect.DelegatingMethodAccessorImpl.invoke(DelegatingMethodAccessorImpl.java:43)
	at java.lang.reflect.Method.invoke(Method.java:498)
	at org.codehaus.groovy.reflection.CachedMethod.invoke(CachedMethod.java:93)
	at groovy.lang.MetaMethod.doMethodInvoke(MetaMethod.java:325)
	at org.gradle.internal.metaobject.BeanDynamicObject$MetaClassAdapter.invokeMethod(BeanDynamicObject.java:382)
	at org.gradle.internal.metaobject.BeanDynamicObject.invokeMethod(BeanDynamicObject.java:170)
	at org.gradle.internal.metaobject.CompositeDynamicObject.invokeMethod(CompositeDynamicObject.java:96)
	at org.gradle.internal.metaobject.MixInClosurePropertiesAsMethodsDynamicObject.invokeMethod(MixInClosurePropertiesAsMethodsDynamicObject.java:30)
	at org.gradle.internal.metaobject.AbstractDynamicObject.invokeMethod(AbstractDynamicObject.java:163)
	at org.gradle.groovy.scripts.BasicScript.methodMissing(BasicScript.java:83)
	at sun.reflect.NativeMethodAccessorImpl.invoke0(Native Method)
	at sun.reflect.NativeMethodAccessorImpl.invoke(NativeMethodAccessorImpl.java:62)
	at sun.reflect.DelegatingMethodAccessorImpl.invoke(DelegatingMethodAccessorImpl.java:43)
	at java.lang.reflect.Method.invoke(Method.java:498)
	at org.codehaus.groovy.reflection.CachedMethod.invoke(CachedMethod.java:93)
	at groovy.lang.MetaClassImpl.invokeMissingMethod(MetaClassImpl.java:941)
	at groovy.lang.MetaClassImpl.invokePropertyOrMissing(MetaClassImpl.java:1264)
	at groovy.lang.MetaClassImpl.invokeMethod(MetaClassImpl.java:1217)
	at groovy.lang.MetaClassImpl.invokeMethod(MetaClassImpl.java:1024)
	at org.codehaus.groovy.runtime.callsite.PogoMetaClassSite.callCurrent(PogoMetaClassSite.java:69)
	at org.codehaus.groovy.runtime.callsite.CallSiteArray.defaultCallCurrent(CallSiteArray.java:52)
	at org.codehaus.groovy.runtime.callsite.AbstractCallSite.callCurrent(AbstractCallSite.java:154)
	at org.codehaus.groovy.runtime.callsite.AbstractCallSite.callCurrent(AbstractCallSite.java:166)
	at build_dztr9z0e0kr9jnb7pu99im9ym.run(/app/siglab/open-lmis/build.gradle:35)
	at org.gradle.groovy.scripts.internal.DefaultScriptRunnerFactory$ScriptRunnerImpl.run(DefaultScriptRunnerFactory.java:90)
	at org.gradle.configuration.DefaultScriptPluginFactory$ScriptPluginImpl$2.run(DefaultScriptPluginFactory.java:176)
	at org.gradle.configuration.ProjectScriptTarget.addConfiguration(ProjectScriptTarget.java:77)
	at org.gradle.configuration.DefaultScriptPluginFactory$ScriptPluginImpl.apply(DefaultScriptPluginFactory.java:181)
	at org.gradle.configuration.project.BuildScriptProcessor.execute(BuildScriptProcessor.java:39)
	at org.gradle.configuration.project.BuildScriptProcessor.execute(BuildScriptProcessor.java:26)
	at org.gradle.configuration.project.ConfigureActionsProjectEvaluator.evaluate(ConfigureActionsProjectEvaluator.java:34)
	at org.gradle.configuration.project.LifecycleProjectEvaluator.doConfigure(LifecycleProjectEvaluator.java:70)
	at org.gradle.configuration.project.LifecycleProjectEvaluator.access$000(LifecycleProjectEvaluator.java:33)
	at org.gradle.configuration.project.LifecycleProjectEvaluator$1.execute(LifecycleProjectEvaluator.java:53)
	at org.gradle.configuration.project.LifecycleProjectEvaluator$1.execute(LifecycleProjectEvaluator.java:50)
	at org.gradle.internal.Transformers$4.transform(Transformers.java:169)
	at org.gradle.internal.progress.DefaultBuildOperationExecutor.run(DefaultBuildOperationExecutor.java:106)
	at org.gradle.internal.progress.DefaultBuildOperationExecutor.run(DefaultBuildOperationExecutor.java:61)
	at org.gradle.configuration.project.LifecycleProjectEvaluator.evaluate(LifecycleProjectEvaluator.java:50)
	at org.gradle.api.internal.project.DefaultProject.evaluate(DefaultProject.java:628)
	at org.gradle.api.internal.project.DefaultProject.evaluate(DefaultProject.java:129)
	at org.gradle.execution.TaskPathProjectEvaluator.configure(TaskPathProjectEvaluator.java:35)
	at org.gradle.execution.TaskPathProjectEvaluator.configureHierarchy(TaskPathProjectEvaluator.java:60)
	at org.gradle.configuration.DefaultBuildConfigurer.configure(DefaultBuildConfigurer.java:38)
	at org.gradle.initialization.DefaultGradleLauncher$1.execute(DefaultGradleLauncher.java:161)
	at org.gradle.initialization.DefaultGradleLauncher$1.execute(DefaultGradleLauncher.java:158)
	at org.gradle.internal.Transformers$4.transform(Transformers.java:169)
	at org.gradle.internal.progress.DefaultBuildOperationExecutor.run(DefaultBuildOperationExecutor.java:106)
	at org.gradle.internal.progress.DefaultBuildOperationExecutor.run(DefaultBuildOperationExecutor.java:56)
	at org.gradle.initialization.DefaultGradleLauncher.doBuildStages(DefaultGradleLauncher.java:158)
	at org.gradle.initialization.DefaultGradleLauncher.doBuild(DefaultGradleLauncher.java:119)
	at org.gradle.initialization.DefaultGradleLauncher.run(DefaultGradleLauncher.java:102)
	at org.gradle.launcher.exec.GradleBuildController.run(GradleBuildController.java:71)
	at org.gradle.tooling.internal.provider.ExecuteBuildActionRunner.run(ExecuteBuildActionRunner.java:28)
	at org.gradle.launcher.exec.ChainingBuildActionRunner.run(ChainingBuildActionRunner.java:35)
	at org.gradle.launcher.exec.InProcessBuildActionExecuter.execute(InProcessBuildActionExecuter.java:41)
	at org.gradle.launcher.exec.InProcessBuildActionExecuter.execute(InProcessBuildActionExecuter.java:26)
	at org.gradle.tooling.internal.provider.ContinuousBuildActionExecuter.execute(ContinuousBuildActionExecuter.java:75)
	at org.gradle.tooling.internal.provider.ContinuousBuildActionExecuter.execute(ContinuousBuildActionExecuter.java:49)
	at org.gradle.tooling.internal.provider.ServicesSetupBuildActionExecuter.execute(ServicesSetupBuildActionExecuter.java:44)
	at org.gradle.tooling.internal.provider.ServicesSetupBuildActionExecuter.execute(ServicesSetupBuildActionExecuter.java:29)
	at org.gradle.launcher.daemon.server.exec.ExecuteBuild.doBuild(ExecuteBuild.java:67)
	at org.gradle.launcher.daemon.server.exec.BuildCommandOnly.execute(BuildCommandOnly.java:36)
	at org.gradle.launcher.daemon.server.api.DaemonCommandExecution.proceed(DaemonCommandExecution.java:120)
	at org.gradle.launcher.daemon.server.exec.WatchForDisconnection.execute(WatchForDisconnection.java:47)
	at org.gradle.launcher.daemon.server.api.DaemonCommandExecution.proceed(DaemonCommandExecution.java:120)
	at org.gradle.launcher.daemon.server.exec.ResetDeprecationLogger.execute(ResetDeprecationLogger.java:26)
	at org.gradle.launcher.daemon.server.api.DaemonCommandExecution.proceed(DaemonCommandExecution.java:120)
	at org.gradle.launcher.daemon.server.exec.RequestStopIfSingleUsedDaemon.execute(RequestStopIfSingleUsedDaemon.java:34)
	at org.gradle.launcher.daemon.server.api.DaemonCommandExecution.proceed(DaemonCommandExecution.java:120)
	at org.gradle.launcher.daemon.server.exec.ForwardClientInput$2.call(ForwardClientInput.java:74)
	at org.gradle.launcher.daemon.server.exec.ForwardClientInput$2.call(ForwardClientInput.java:72)
	at org.gradle.util.Swapper.swap(Swapper.java:38)
	at org.gradle.launcher.daemon.server.exec.ForwardClientInput.execute(ForwardClientInput.java:72)
	at org.gradle.launcher.daemon.server.api.DaemonCommandExecution.proceed(DaemonCommandExecution.java:120)
	at org.gradle.launcher.daemon.server.exec.LogAndCheckHealth.execute(LogAndCheckHealth.java:55)
	at org.gradle.launcher.daemon.server.api.DaemonCommandExecution.proceed(DaemonCommandExecution.java:120)
	at org.gradle.launcher.daemon.server.exec.LogToClient.doBuild(LogToClient.java:60)
	at org.gradle.launcher.daemon.server.exec.BuildCommandOnly.execute(BuildCommandOnly.java:36)
	at org.gradle.launcher.daemon.server.api.DaemonCommandExecution.proceed(DaemonCommandExecution.java:120)
	at org.gradle.launcher.daemon.server.exec.EstablishBuildEnvironment.doBuild(EstablishBuildEnvironment.java:72)
	at org.gradle.launcher.daemon.server.exec.BuildCommandOnly.execute(BuildCommandOnly.java:36)
	at org.gradle.launcher.daemon.server.api.DaemonCommandExecution.proceed(DaemonCommandExecution.java:120)
	at org.gradle.launcher.daemon.server.exec.StartBuildOrRespondWithBusy$1.run(StartBuildOrRespondWithBusy.java:50)
	at org.gradle.launcher.daemon.server.DaemonStateCoordinator$1.run(DaemonStateCoordinator.java:297)
	at org.gradle.internal.concurrent.ExecutorPolicy$CatchAndRecordFailures.onExecute(ExecutorPolicy.java:54)
	at org.gradle.internal.concurrent.StoppableExecutorImpl$1.run(StoppableExecutorImpl.java:40)
	at java.util.concurrent.ThreadPoolExecutor.runWorker(ThreadPoolExecutor.java:1149)
	at java.util.concurrent.ThreadPoolExecutor$Worker.run(ThreadPoolExecutor.java:624)
	at java.lang.Thread.run(Thread.java:750)
The Jetty plugin has been deprecated and is scheduled to be removed in Gradle 4.0. Consider using the Gretty (https://github.com/akhikhl/gretty) plugin instead.
	at org.gradle.api.plugins.jetty.JettyPlugin.apply(JettyPlugin.java:48)
	at org.gradle.api.plugins.jetty.JettyPlugin.apply(JettyPlugin.java:38)
	at org.gradle.api.internal.plugins.ImperativeOnlyPluginApplicator.applyImperative(ImperativeOnlyPluginApplicator.java:35)
	at org.gradle.api.internal.plugins.RuleBasedPluginApplicator.applyImperative(RuleBasedPluginApplicator.java:43)
	at org.gradle.api.internal.plugins.DefaultPluginManager.doApply(DefaultPluginManager.java:139)
	at org.gradle.api.internal.plugins.DefaultPluginManager.apply(DefaultPluginManager.java:112)
	at org.gradle.api.internal.plugins.DefaultObjectConfigurationAction.applyType(DefaultObjectConfigurationAction.java:113)
	at org.gradle.api.internal.plugins.DefaultObjectConfigurationAction.access$200(DefaultObjectConfigurationAction.java:36)
	at org.gradle.api.internal.plugins.DefaultObjectConfigurationAction$3.run(DefaultObjectConfigurationAction.java:80)
	at org.gradle.api.internal.plugins.DefaultObjectConfigurationAction.execute(DefaultObjectConfigurationAction.java:136)
	at org.gradle.api.internal.project.AbstractPluginAware.apply(AbstractPluginAware.java:44)
	at org.gradle.api.internal.project.ProjectScript.apply(ProjectScript.java:34)
	at org.gradle.api.Script$apply$0.callCurrent(Unknown Source)
	at org.codehaus.groovy.runtime.callsite.CallSiteArray.defaultCallCurrent(CallSiteArray.java:52)
	at org.codehaus.groovy.runtime.callsite.AbstractCallSite.callCurrent(AbstractCallSite.java:154)
	at org.codehaus.groovy.runtime.callsite.AbstractCallSite.callCurrent(AbstractCallSite.java:166)
	at build_d5ohj9d5sw6uj6qojob4xr5st.run(/app/siglab/open-lmis/modules/openlmis-web/build.gradle:15)
	at org.gradle.groovy.scripts.internal.DefaultScriptRunnerFactory$ScriptRunnerImpl.run(DefaultScriptRunnerFactory.java:90)
	at org.gradle.configuration.DefaultScriptPluginFactory$ScriptPluginImpl$2.run(DefaultScriptPluginFactory.java:176)
	at org.gradle.configuration.ProjectScriptTarget.addConfiguration(ProjectScriptTarget.java:77)
	at org.gradle.configuration.DefaultScriptPluginFactory$ScriptPluginImpl.apply(DefaultScriptPluginFactory.java:181)
	at org.gradle.configuration.project.BuildScriptProcessor.execute(BuildScriptProcessor.java:39)
	at org.gradle.configuration.project.BuildScriptProcessor.execute(BuildScriptProcessor.java:26)
	at org.gradle.configuration.project.ConfigureActionsProjectEvaluator.evaluate(ConfigureActionsProjectEvaluator.java:34)
	at org.gradle.configuration.project.LifecycleProjectEvaluator.doConfigure(LifecycleProjectEvaluator.java:70)
	at org.gradle.configuration.project.LifecycleProjectEvaluator.access$000(LifecycleProjectEvaluator.java:33)
	at org.gradle.configuration.project.LifecycleProjectEvaluator$1.execute(LifecycleProjectEvaluator.java:53)
	at org.gradle.configuration.project.LifecycleProjectEvaluator$1.execute(LifecycleProjectEvaluator.java:50)
	at org.gradle.internal.Transformers$4.transform(Transformers.java:169)
	at org.gradle.internal.progress.DefaultBuildOperationExecutor.run(DefaultBuildOperationExecutor.java:106)
	at org.gradle.internal.progress.DefaultBuildOperationExecutor.run(DefaultBuildOperationExecutor.java:61)
	at org.gradle.configuration.project.LifecycleProjectEvaluator.evaluate(LifecycleProjectEvaluator.java:50)
	at org.gradle.api.internal.project.DefaultProject.evaluate(DefaultProject.java:628)
	at org.gradle.api.internal.project.DefaultProject.evaluate(DefaultProject.java:129)
	at org.gradle.execution.TaskPathProjectEvaluator.configure(TaskPathProjectEvaluator.java:35)
	at org.gradle.execution.TaskPathProjectEvaluator.configureHierarchy(TaskPathProjectEvaluator.java:62)
	at org.gradle.configuration.DefaultBuildConfigurer.configure(DefaultBuildConfigurer.java:38)
	at org.gradle.initialization.DefaultGradleLauncher$1.execute(DefaultGradleLauncher.java:161)
	at org.gradle.initialization.DefaultGradleLauncher$1.execute(DefaultGradleLauncher.java:158)
	at org.gradle.internal.Transformers$4.transform(Transformers.java:169)
	at org.gradle.internal.progress.DefaultBuildOperationExecutor.run(DefaultBuildOperationExecutor.java:106)
	at org.gradle.internal.progress.DefaultBuildOperationExecutor.run(DefaultBuildOperationExecutor.java:56)
	at org.gradle.initialization.DefaultGradleLauncher.doBuildStages(DefaultGradleLauncher.java:158)
	at org.gradle.initialization.DefaultGradleLauncher.doBuild(DefaultGradleLauncher.java:119)
	at org.gradle.initialization.DefaultGradleLauncher.run(DefaultGradleLauncher.java:102)
	at org.gradle.launcher.exec.GradleBuildController.run(GradleBuildController.java:71)
	at org.gradle.tooling.internal.provider.ExecuteBuildActionRunner.run(ExecuteBuildActionRunner.java:28)
	at org.gradle.launcher.exec.ChainingBuildActionRunner.run(ChainingBuildActionRunner.java:35)
	at org.gradle.launcher.exec.InProcessBuildActionExecuter.execute(InProcessBuildActionExecuter.java:41)
	at org.gradle.launcher.exec.InProcessBuildActionExecuter.execute(InProcessBuildActionExecuter.java:26)
	at org.gradle.tooling.internal.provider.ContinuousBuildActionExecuter.execute(ContinuousBuildActionExecuter.java:75)
	at org.gradle.tooling.internal.provider.ContinuousBuildActionExecuter.execute(ContinuousBuildActionExecuter.java:49)
	at org.gradle.tooling.internal.provider.ServicesSetupBuildActionExecuter.execute(ServicesSetupBuildActionExecuter.java:44)
	at org.gradle.tooling.internal.provider.ServicesSetupBuildActionExecuter.execute(ServicesSetupBuildActionExecuter.java:29)
	at org.gradle.launcher.daemon.server.exec.ExecuteBuild.doBuild(ExecuteBuild.java:67)
	at org.gradle.launcher.daemon.server.exec.BuildCommandOnly.execute(BuildCommandOnly.java:36)
	at org.gradle.launcher.daemon.server.api.DaemonCommandExecution.proceed(DaemonCommandExecution.java:120)
	at org.gradle.launcher.daemon.server.exec.WatchForDisconnection.execute(WatchForDisconnection.java:47)
	at org.gradle.launcher.daemon.server.api.DaemonCommandExecution.proceed(DaemonCommandExecution.java:120)
	at org.gradle.launcher.daemon.server.exec.ResetDeprecationLogger.execute(ResetDeprecationLogger.java:26)
	at org.gradle.launcher.daemon.server.api.DaemonCommandExecution.proceed(DaemonCommandExecution.java:120)
	at org.gradle.launcher.daemon.server.exec.RequestStopIfSingleUsedDaemon.execute(RequestStopIfSingleUsedDaemon.java:34)
	at org.gradle.launcher.daemon.server.api.DaemonCommandExecution.proceed(DaemonCommandExecution.java:120)
	at org.gradle.launcher.daemon.server.exec.ForwardClientInput$2.call(ForwardClientInput.java:74)
	at org.gradle.launcher.daemon.server.exec.ForwardClientInput$2.call(ForwardClientInput.java:72)
	at org.gradle.util.Swapper.swap(Swapper.java:38)
	at org.gradle.launcher.daemon.server.exec.ForwardClientInput.execute(ForwardClientInput.java:72)
	at org.gradle.launcher.daemon.server.api.DaemonCommandExecution.proceed(DaemonCommandExecution.java:120)
	at org.gradle.launcher.daemon.server.exec.LogAndCheckHealth.execute(LogAndCheckHealth.java:55)
	at org.gradle.launcher.daemon.server.api.DaemonCommandExecution.proceed(DaemonCommandExecution.java:120)
	at org.gradle.launcher.daemon.server.exec.LogToClient.doBuild(LogToClient.java:60)
	at org.gradle.launcher.daemon.server.exec.BuildCommandOnly.execute(BuildCommandOnly.java:36)
	at org.gradle.launcher.daemon.server.api.DaemonCommandExecution.proceed(DaemonCommandExecution.java:120)
	at org.gradle.launcher.daemon.server.exec.EstablishBuildEnvironment.doBuild(EstablishBuildEnvironment.java:72)
	at org.gradle.launcher.daemon.server.exec.BuildCommandOnly.execute(BuildCommandOnly.java:36)
	at org.gradle.launcher.daemon.server.api.DaemonCommandExecution.proceed(DaemonCommandExecution.java:120)
	at org.gradle.launcher.daemon.server.exec.StartBuildOrRespondWithBusy$1.run(StartBuildOrRespondWithBusy.java:50)
	at org.gradle.launcher.daemon.server.DaemonStateCoordinator$1.run(DaemonStateCoordinator.java:297)
	at org.gradle.internal.concurrent.ExecutorPolicy$CatchAndRecordFailures.onExecute(ExecutorPolicy.java:54)
	at org.gradle.internal.concurrent.StoppableExecutorImpl$1.run(StoppableExecutorImpl.java:40)
	at java.util.concurrent.ThreadPoolExecutor.runWorker(ThreadPoolExecutor.java:1149)
	at java.util.concurrent.ThreadPoolExecutor$Worker.run(ThreadPoolExecutor.java:624)
	at java.lang.Thread.run(Thread.java:750)
:modules:compileJava UP-TO-DATE
:modules:processResources UP-TO-DATE
:modules:classes UP-TO-DATE
:modules:jar UP-TO-DATE
:modules:assemble UP-TO-DATE
:modules:check
:modules:build
:test-modules:compileJava UP-TO-DATE
:test-modules:processResources UP-TO-DATE
:test-modules:classes UP-TO-DATE
:test-modules:jar UP-TO-DATE
:test-modules:assemble UP-TO-DATE
:test-modules:check
:test-modules:build
:modules:db:compileJava UP-TO-DATE
:modules:db:processResources UP-TO-DATE
:modules:db:classes UP-TO-DATE
:modules:db:jar UP-TO-DATE
:modules:email:compileJava UP-TO-DATE
:modules:email:processResources UP-TO-DATE
:modules:email:classes UP-TO-DATE
:modules:email:jar UP-TO-DATE
:modules:export:compileJava UP-TO-DATE
:modules:export:processResources UP-TO-DATE
:modules:export:classes UP-TO-DATE
:modules:export:jar UP-TO-DATE
:modules:sms:compileJava UP-TO-DATE
:modules:sms:processResources UP-TO-DATE
:modules:sms:classes UP-TO-DATE
:modules:sms:jar UP-TO-DATE
:modules:upload:compileJava UP-TO-DATE
:modules:upload:processResources UP-TO-DATE
:modules:upload:classes UP-TO-DATE
:modules:upload:jar UP-TO-DATE
:modules:core:compileJava UP-TO-DATE
:modules:core:processResources UP-TO-DATE
:modules:core:classes UP-TO-DATE
:modules:core:jar UP-TO-DATE
:modules:authentication:compileJava UP-TO-DATE
:modules:authentication:processResources UP-TO-DATE
:modules:authentication:classes UP-TO-DATE
:modules:authentication:jar UP-TO-DATE
:modules:authentication:assemble UP-TO-DATE
:modules:authentication:check
:modules:authentication:build
:modules:core:assemble UP-TO-DATE
:modules:core:check
:modules:core:build
:modules:db:assemble UP-TO-DATE
:modules:db:check
:modules:db:build
:modules:equipment:compileJava UP-TO-DATE
:modules:equipment:processResources UP-TO-DATE
:modules:equipment:classes UP-TO-DATE
:modules:equipment:jar UP-TO-DATE
:modules:requisition:compileJava UP-TO-DATE
:modules:requisition:processResources UP-TO-DATE
:modules:requisition:classes UP-TO-DATE
:modules:requisition:jar UP-TO-DATE
:modules:shipment:compileJava UP-TO-DATE
:modules:shipment:processResources UP-TO-DATE
:modules:shipment:classes UP-TO-DATE
:modules:shipment:jar UP-TO-DATE
:modules:stock-management:compileJava UP-TO-DATE
:modules:stock-management:processResources UP-TO-DATE
:modules:stock-management:classes UP-TO-DATE
:modules:stock-management:jar UP-TO-DATE
:modules:report:compileJava UP-TO-DATE
:modules:report:processResources UP-TO-DATE
:modules:report:classes UP-TO-DATE
:modules:report:jar UP-TO-DATE
:modules:demographics:compileJava UP-TO-DATE
:modules:demographics:processResources UP-TO-DATE
:modules:demographics:classes UP-TO-DATE
:modules:demographics:jar UP-TO-DATE
:modules:demographics:assemble UP-TO-DATE
:modules:demographics:check
:modules:demographics:build
:modules:distribution:compileJava UP-TO-DATE
:modules:distribution:processResources UP-TO-DATE
:modules:distribution:classes UP-TO-DATE
:modules:distribution:jar UP-TO-DATE
:modules:distribution:assemble UP-TO-DATE
:modules:distribution:check
:modules:distribution:build
:modules:email:assemble UP-TO-DATE
:modules:email:check
:modules:email:build
:modules:equipment:assemble UP-TO-DATE
:modules:equipment:check
:modules:equipment:build
:modules:export:assemble UP-TO-DATE
:modules:export:check
:modules:export:build
:modules:help:compileJava UP-TO-DATE
:modules:help:processResources UP-TO-DATE
:modules:help:classes UP-TO-DATE
:modules:help:jar UP-TO-DATE
:modules:help:assemble UP-TO-DATE
:modules:help:check
:modules:help:build
:modules:migration:assemble
:modules:migration:check
:modules:migration:build
:modules:openlmis-web:npm UP-TO-DATE
:modules:openlmis-web:less
>> Local Npm module "grunt-cli" not found. Is it installed?
>> Local Npm module "grunt-legacy-log" not found. Is it installed?
>> Local Npm module "grunt-legacy-log-utils" not found. Is it installed?
(node:44049) [DEP0022] DeprecationWarning: os.tmpDir() is deprecated. Use os.tmpdir() instead.

Running "less:compile" (less) task
>> 47 stylesheets created.

Done, without errors.
:modules:programs:compileJava UP-TO-DATE
:modules:programs:processResources UP-TO-DATE
:modules:programs:classes UP-TO-DATE
:modules:programs:jar UP-TO-DATE
:modules:reporting:compileJava UP-TO-DATE
:modules:reporting:processResources UP-TO-DATE
:modules:reporting:classes UP-TO-DATE
:modules:reporting:jar UP-TO-DATE
:modules:vaccine:compileJava UP-TO-DATE
:modules:vaccine:processResources UP-TO-DATE
:modules:vaccine:classes UP-TO-DATE
:modules:vaccine:jar UP-TO-DATE
:modules:rest-api:compileJava UP-TO-DATE
:modules:rest-api:processResources UP-TO-DATE
:modules:rest-api:classes UP-TO-DATE
:modules:rest-api:jar UP-TO-DATE
:modules:openlmis-web:compileJava UP-TO-DATE
:modules:openlmis-web:processResources UP-TO-DATE
:modules:openlmis-web:classes UP-TO-DATE
:modules:openlmis-web:war UP-TO-DATE
:modules:openlmis-web:assemble UP-TO-DATE
:modules:openlmis-web:check
:modules:openlmis-web:build
:modules:programs:assemble UP-TO-DATE
:modules:programs:check
:modules:programs:build
:modules:report:assemble UP-TO-DATE
:modules:report:check
:modules:report:build
:modules:reporting:assemble UP-TO-DATE
:modules:reporting:check
:modules:reporting:build
:modules:requisition:assemble UP-TO-DATE
:modules:requisition:check
:modules:requisition:build
:modules:rest-api:assemble UP-TO-DATE
:modules:rest-api:check
:modules:rest-api:build
:modules:shipment:assemble UP-TO-DATE
:modules:shipment:check
:modules:shipment:build
:modules:sms:assemble UP-TO-DATE
:modules:sms:check
:modules:sms:build
:modules:stock-management:assemble UP-TO-DATE
:modules:stock-management:check
:modules:stock-management:build
:modules:upload:assemble UP-TO-DATE
:modules:upload:check
:modules:upload:build
:modules:vaccine:assemble UP-TO-DATE
:modules:vaccine:check
:modules:vaccine:build
:test-modules:test-core:compileJava UP-TO-DATE
:test-modules:test-core:processResources UP-TO-DATE
:test-modules:test-core:classes UP-TO-DATE
:test-modules:test-core:jar UP-TO-DATE
:test-modules:functional-tests:compileJava UP-TO-DATE
:test-modules:functional-tests:processResources UP-TO-DATE
:test-modules:functional-tests:classes UP-TO-DATE
:test-modules:functional-tests:war UP-TO-DATE
:test-modules:functional-tests:assemble UP-TO-DATE
:test-modules:functional-tests:check
:test-modules:functional-tests:build
:test-modules:service-tests:compileJava UP-TO-DATE
:test-modules:service-tests:processResources UP-TO-DATE
:test-modules:service-tests:classes UP-TO-DATE
:test-modules:service-tests:jar UP-TO-DATE
:test-modules:service-tests:assemble UP-TO-DATE
:test-modules:service-tests:check
:test-modules:service-tests:build
:test-modules:test-core:war UP-TO-DATE
:test-modules:test-core:assemble UP-TO-DATE
:test-modules:test-core:check
:test-modules:test-core:build
:test-modules:functional-tests:jar UP-TO-DATE
:test-modules:webservice-test:compileJava UP-TO-DATE
:test-modules:webservice-test:processResources UP-TO-DATE
:test-modules:webservice-test:classes UP-TO-DATE
:test-modules:webservice-test:war UP-TO-DATE
:test-modules:webservice-test:assemble UP-TO-DATE
:test-modules:webservice-test:check
:test-modules:webservice-test:build
:modules:openlmis-web:jettyRunSLF4J: Class path contains multiple SLF4J bindings.
SLF4J: Found binding in [jar:file:/root/.gradle/wrapper/dists/gradle-3.3-bin/64bhckfm0iuu9gap9hg3r7ev2/gradle-3.3/lib/gradle-logging-3.3.jar!/org/slf4j/impl/StaticLoggerBinder.class]
SLF4J: Found binding in [jar:file:/root/.gradle/caches/modules-2/files-2.1/org.slf4j/slf4j-log4j12/1.6.6/5cd9b4fbc3ff6a97beaade3206137d76f65df805/slf4j-log4j12-1.6.6.jar!/org/slf4j/impl/StaticLoggerBinder.class]
SLF4J: See http://www.slf4j.org/codes.html#multiple_bindings for an explanation.
SLF4J: Actual binding is of type [org.slf4j.impl.Log4jLoggerFactory]
log4j:WARN Continuable parsing error 14 and column 72
log4j:WARN Attribute "xmlns:log4j" with value "http://jakPrearta.apache.org/log4j/" must have a value of "http://jakarta.apache.org/log4j/".
log4j:WARN Continuable parsing error 114 and column 23
log4j:WARN The content of element type "log4j:configuration" must match "(renderer*,throwableRenderer?,appender*,plugin*,(category|logger)*,root?,(categoryFactory|loggerFactory)?)".
log4j:WARN No such property [maxFileSize] in org.apache.log4j.DailyRollingFileAppender.
log4j:WARN No such property [maxBackupIndex] in org.apache.log4j.DailyRollingFileAppender.
log4j:WARN No such property [maxFileSize] in org.apache.log4j.DailyRollingFileAppender.
log4j:WARN No such property [maxBackupIndex] in org.apache.log4j.DailyRollingFileAppender.
log4j:WARN No such property [maxFileSize] in org.apache.log4j.DailyRollingFileAppender.
log4j:WARN No such property [maxBackupIndex] in org.apache.log4j.DailyRollingFileAppender.

:modules:openlmis-web:lesswatch
>> Local Npm module "grunt-cli" not found. Is it installed?
>> Local Npm module "grunt-legacy-log" not found. Is it installed?
>> Local Npm module "grunt-legacy-log-utils" not found. Is it installed?

Running "watch" task
Waiting...
(node:44105) [DEP0022] DeprecationWarning: os.tmpDir() is deprecated. Use os.tmpdir() instead.
/cubesreports/cube/vw_sync_time/facts
org.springframework.web.client.ResourceAccessException: I/O error on GET request for "http://localhost:5555/cube/vw_sync_time/facts":Connection refused (Connection refused); nested exception is java.net.ConnectException: Connection refused (Connection refused)
	at org.springframework.web.client.RestTemplate.doExecute(RestTemplate.java:584)
	at org.springframework.web.client.RestTemplate.execute(RestTemplate.java:529)
	at org.springframework.web.client.RestTemplate.exchange(RestTemplate.java:447)
	at org.openlmis.web.controller.cubesreports.CubesReportProxy.redirect(CubesReportProxy.java:42)
	at org.openlmis.web.controller.cubesreports.CubesReportProxy.redirect(CubesReportProxy.java:35)
	at org.openlmis.web.controller.cubesreports.CubesReportProxy$$FastClassBySpringCGLIB$$3e5f49c0.invoke(<generated>)
	at org.springframework.cglib.proxy.MethodProxy.invoke(MethodProxy.java:204)
	at org.springframework.aop.framework.CglibAopProxy$CglibMethodInvocation.invokeJoinpoint(CglibAopProxy.java:717)
	at org.springframework.aop.framework.ReflectiveMethodInvocation.proceed(ReflectiveMethodInvocation.java:157)
	at org.springframework.aop.aspectj.AspectJAfterThrowingAdvice.invoke(AspectJAfterThrowingAdvice.java:58)
	at org.springframework.aop.framework.ReflectiveMethodInvocation.proceed(ReflectiveMethodInvocation.java:179)
	at org.springframework.aop.interceptor.ExposeInvocationInterceptor.invoke(ExposeInvocationInterceptor.java:92)
	at org.springframework.aop.framework.ReflectiveMethodInvocation.proceed(ReflectiveMethodInvocation.java:179)
	at org.springframework.aop.framework.CglibAopProxy$DynamicAdvisedInterceptor.intercept(CglibAopProxy.java:653)
	at org.openlmis.web.controller.cubesreports.CubesReportProxy$$EnhancerBySpringCGLIB$$6ea83960.redirect(<generated>)
	at org.openlmis.web.controller.cubesreports.CubesReportProxyController.redirect(CubesReportProxyController.java:24)
	at org.openlmis.web.controller.cubesreports.CubesReportProxyController$$FastClassBySpringCGLIB$$92ee597c.invoke(<generated>)
	at org.springframework.cglib.proxy.MethodProxy.invoke(MethodProxy.java:204)
	at org.springframework.aop.framework.CglibAopProxy$CglibMethodInvocation.invokeJoinpoint(CglibAopProxy.java:717)
	at org.springframework.aop.framework.ReflectiveMethodInvocation.proceed(ReflectiveMethodInvocation.java:157)
	at org.springframework.aop.aspectj.AspectJAfterThrowingAdvice.invoke(AspectJAfterThrowingAdvice.java:58)
	at org.springframework.aop.framework.ReflectiveMethodInvocation.proceed(ReflectiveMethodInvocation.java:179)
	at org.springframework.aop.interceptor.ExposeInvocationInterceptor.invoke(ExposeInvocationInterceptor.java:92)
	at org.springframework.aop.framework.ReflectiveMethodInvocation.proceed(ReflectiveMethodInvocation.java:179)
	at org.springframework.aop.framework.CglibAopProxy$DynamicAdvisedInterceptor.intercept(CglibAopProxy.java:653)
	at org.openlmis.web.controller.cubesreports.CubesReportProxyController$$EnhancerBySpringCGLIB$$cce76d9c.redirect(<generated>)
	at sun.reflect.NativeMethodAccessorImpl.invoke0(Native Method)
	at sun.reflect.NativeMethodAccessorImpl.invoke(NativeMethodAccessorImpl.java:62)
	at sun.reflect.DelegatingMethodAccessorImpl.invoke(DelegatingMethodAccessorImpl.java:43)
	at java.lang.reflect.Method.invoke(Method.java:498)
	at org.springframework.web.method.support.InvocableHandlerMethod.doInvoke(InvocableHandlerMethod.java:221)
	at org.springframework.web.method.support.InvocableHandlerMethod.invokeForRequest(InvocableHandlerMethod.java:137)
	at org.springframework.web.servlet.mvc.method.annotation.ServletInvocableHandlerMethod.invokeAndHandle(ServletInvocableHandlerMethod.java:110)
	at org.springframework.web.servlet.mvc.method.annotation.RequestMappingHandlerAdapter.invokeHandleMethod(RequestMappingHandlerAdapter.java:777)
	at org.springframework.web.servlet.mvc.method.annotation.RequestMappingHandlerAdapter.handleInternal(RequestMappingHandlerAdapter.java:706)
	at org.springframework.web.servlet.mvc.method.AbstractHandlerMethodAdapter.handle(AbstractHandlerMethodAdapter.java:85)
	at org.springframework.web.servlet.DispatcherServlet.doDispatch(DispatcherServlet.java:943)
	at org.springframework.web.servlet.DispatcherServlet.doService(DispatcherServlet.java:877)
	at org.springframework.web.servlet.FrameworkServlet.processRequest(FrameworkServlet.java:966)
	at org.springframework.web.servlet.FrameworkServlet.doGet(FrameworkServlet.java:857)
	at javax.servlet.http.HttpServlet.service(HttpServlet.java:707)
	at org.springframework.web.servlet.FrameworkServlet.service(FrameworkServlet.java:842)
	at javax.servlet.http.HttpServlet.service(HttpServlet.java:820)
	at org.mortbay.jetty.servlet.ServletHolder.handle(ServletHolder.java:511)
	at org.mortbay.jetty.servlet.ServletHandler$CachedChain.doFilter(ServletHandler.java:1221)
	at org.springframework.security.web.FilterChainProxy$VirtualFilterChain.doFilter(FilterChainProxy.java:330)
	at org.springframework.security.web.access.intercept.FilterSecurityInterceptor.invoke(FilterSecurityInterceptor.java:118)
	at org.springframework.security.web.access.intercept.FilterSecurityInterceptor.doFilter(FilterSecurityInterceptor.java:84)
	at org.springframework.security.web.FilterChainProxy$VirtualFilterChain.doFilter(FilterChainProxy.java:342)
	at org.springframework.security.web.access.ExceptionTranslationFilter.doFilter(ExceptionTranslationFilter.java:113)
	at org.springframework.security.web.FilterChainProxy$VirtualFilterChain.doFilter(FilterChainProxy.java:342)
	at org.springframework.security.web.session.SessionManagementFilter.doFilter(SessionManagementFilter.java:103)
	at org.springframework.security.web.FilterChainProxy$VirtualFilterChain.doFilter(FilterChainProxy.java:342)
	at org.springframework.security.web.authentication.AnonymousAuthenticationFilter.doFilter(AnonymousAuthenticationFilter.java:113)
	at org.springframework.security.web.FilterChainProxy$VirtualFilterChain.doFilter(FilterChainProxy.java:342)
	at org.springframework.security.web.servletapi.SecurityContextHolderAwareRequestFilter.doFilter(SecurityContextHolderAwareRequestFilter.java:154)
	at org.springframework.security.web.FilterChainProxy$VirtualFilterChain.doFilter(FilterChainProxy.java:342)
	at org.springframework.security.web.savedrequest.RequestCacheAwareFilter.doFilter(RequestCacheAwareFilter.java:45)
	at org.springframework.security.web.FilterChainProxy$VirtualFilterChain.doFilter(FilterChainProxy.java:342)
	at org.springframework.security.web.authentication.AbstractAuthenticationProcessingFilter.doFilter(AbstractAuthenticationProcessingFilter.java:199)
	at org.springframework.security.web.FilterChainProxy$VirtualFilterChain.doFilter(FilterChainProxy.java:342)
	at org.springframework.security.web.authentication.logout.LogoutFilter.doFilter(LogoutFilter.java:110)
	at org.springframework.security.web.FilterChainProxy$VirtualFilterChain.doFilter(FilterChainProxy.java:342)
	at org.springframework.security.web.session.ConcurrentSessionFilter.doFilter(ConcurrentSessionFilter.java:125)
	at org.springframework.security.web.FilterChainProxy$VirtualFilterChain.doFilter(FilterChainProxy.java:342)
	at org.springframework.security.web.context.SecurityContextPersistenceFilter.doFilter(SecurityContextPersistenceFilter.java:87)
	at org.springframework.security.web.FilterChainProxy$VirtualFilterChain.doFilter(FilterChainProxy.java:342)
	at org.springframework.security.web.access.channel.ChannelProcessingFilter.doFilter(ChannelProcessingFilter.java:144)
	at org.springframework.security.web.FilterChainProxy$VirtualFilterChain.doFilter(FilterChainProxy.java:342)
	at org.springframework.security.web.FilterChainProxy.doFilterInternal(FilterChainProxy.java:192)
	at org.springframework.security.web.FilterChainProxy.doFilter(FilterChainProxy.java:160)
	at org.springframework.web.filter.DelegatingFilterProxy.invokeDelegate(DelegatingFilterProxy.java:344)
	at org.springframework.web.filter.DelegatingFilterProxy.doFilter(DelegatingFilterProxy.java:261)
	at org.mortbay.jetty.servlet.ServletHandler$CachedChain.doFilter(ServletHandler.java:1212)
	at org.openlmis.web.filter.ForwardedProtoFilter.doFilter(ForwardedProtoFilter.java:31)
	at org.mortbay.jetty.servlet.ServletHandler$CachedChain.doFilter(ServletHandler.java:1212)
	at org.mortbay.jetty.servlet.ServletHandler.handle(ServletHandler.java:399)
	at org.mortbay.jetty.security.SecurityHandler.handle(SecurityHandler.java:216)
	at org.mortbay.jetty.servlet.SessionHandler.handle(SessionHandler.java:182)
	at org.mortbay.jetty.handler.ContextHandler.handle(ContextHandler.java:766)
	at org.mortbay.jetty.webapp.WebAppContext.handle(WebAppContext.java:450)
	at org.mortbay.jetty.handler.ContextHandlerCollection.handle(ContextHandlerCollection.java:230)
	at org.mortbay.jetty.handler.HandlerCollection.handle(HandlerCollection.java:114)
	at org.mortbay.jetty.handler.HandlerWrapper.handle(HandlerWrapper.java:152)
	at org.mortbay.jetty.Server.handle(Server.java:326)
	at org.mortbay.jetty.HttpConnection.handleRequest(HttpConnection.java:542)
	at org.mortbay.jetty.HttpConnection$RequestHandler.headerComplete(HttpConnection.java:928)
	at org.mortbay.jetty.HttpParser.parseNext(HttpParser.java:549)
	at org.mortbay.jetty.HttpParser.parseAvailable(HttpParser.java:212)
	at org.mortbay.jetty.HttpConnection.handle(HttpConnection.java:404)
	at org.mortbay.io.nio.SelectChannelEndPoint.run(SelectChannelEndPoint.java:410)
	at org.mortbay.thread.QueuedThreadPool$PoolThread.run(QueuedThreadPool.java:582)
Caused by: java.net.ConnectException: Connection refused (Connection refused)
	at java.net.PlainSocketImpl.socketConnect(Native Method)
	at java.net.AbstractPlainSocketImpl.doConnect(AbstractPlainSocketImpl.java:350)
	at java.net.AbstractPlainSocketImpl.connectToAddress(AbstractPlainSocketImpl.java:206)
	at java.net.AbstractPlainSocketImpl.connect(AbstractPlainSocketImpl.java:188)
	at java.net.SocksSocketImpl.connect(SocksSocketImpl.java:392)
	at java.net.Socket.connect(Socket.java:607)
	at java.net.Socket.connect(Socket.java:556)
	at sun.net.NetworkClient.doConnect(NetworkClient.java:180)
	at sun.net.www.http.HttpClient.openServer(HttpClient.java:465)
	at sun.net.www.http.HttpClient.openServer(HttpClient.java:560)
	at sun.net.www.http.HttpClient.<init>(HttpClient.java:244)
	at sun.net.www.http.HttpClient.New(HttpClient.java:341)
	at sun.net.www.http.HttpClient.New(HttpClient.java:359)
	at sun.net.www.protocol.http.HttpURLConnection.getNewHttpClient(HttpURLConnection.java:1243)
	at sun.net.www.protocol.http.HttpURLConnection.plainConnect0(HttpURLConnection.java:1177)
	at sun.net.www.protocol.http.HttpURLConnection.plainConnect(HttpURLConnection.java:1071)
	at sun.net.www.protocol.http.HttpURLConnection.connect(HttpURLConnection.java:1005)
	at org.springframework.http.client.SimpleBufferingClientHttpRequest.executeInternal(SimpleBufferingClientHttpRequest.java:81)
	at org.springframework.http.client.AbstractBufferingClientHttpRequest.executeInternal(AbstractBufferingClientHttpRequest.java:48)
	at org.springframework.http.client.AbstractClientHttpRequest.execute(AbstractClientHttpRequest.java:53)
	at org.springframework.web.client.RestTemplate.doExecute(RestTemplate.java:568)
	... 91 more
Nested in org.springframework.web.client.ResourceAccessException: I/O error on GET request for "http://localhost:5555/cube/vw_sync_time/facts":Connection refused (Connection refused); nested exception is java.net.ConnectException: Connection refused (Connection refused):
java.net.ConnectException: Connection refused (Connection refused)
	at java.net.PlainSocketImpl.socketConnect(Native Method)
	at java.net.AbstractPlainSocketImpl.doConnect(AbstractPlainSocketImpl.java:350)
	at java.net.AbstractPlainSocketImpl.connectToAddress(AbstractPlainSocketImpl.java:206)
	at java.net.AbstractPlainSocketImpl.connect(AbstractPlainSocketImpl.java:188)
	at java.net.SocksSocketImpl.connect(SocksSocketImpl.java:392)
	at java.net.Socket.connect(Socket.java:607)
	at java.net.Socket.connect(Socket.java:556)
	at sun.net.NetworkClient.doConnect(NetworkClient.java:180)
	at sun.net.www.http.HttpClient.openServer(HttpClient.java:465)
	at sun.net.www.http.HttpClient.openServer(HttpClient.java:560)
	at sun.net.www.http.HttpClient.<init>(HttpClient.java:244)
	at sun.net.www.http.HttpClient.New(HttpClient.java:341)
	at sun.net.www.http.HttpClient.New(HttpClient.java:359)
	at sun.net.www.protocol.http.HttpURLConnection.getNewHttpClient(HttpURLConnection.java:1243)
	at sun.net.www.protocol.http.HttpURLConnection.plainConnect0(HttpURLConnection.java:1177)
	at sun.net.www.protocol.http.HttpURLConnection.plainConnect(HttpURLConnection.java:1071)
	at sun.net.www.protocol.http.HttpURLConnection.connect(HttpURLConnection.java:1005)
	at org.springframework.http.client.SimpleBufferingClientHttpRequest.executeInternal(SimpleBufferingClientHttpRequest.java:81)
	at org.springframework.http.client.AbstractBufferingClientHttpRequest.executeInternal(AbstractBufferingClientHttpRequest.java:48)
	at org.springframework.http.client.AbstractClientHttpRequest.execute(AbstractClientHttpRequest.java:53)
	at org.springframework.web.client.RestTemplate.doExecute(RestTemplate.java:568)
	at org.springframework.web.client.RestTemplate.execute(RestTemplate.java:529)
	at org.springframework.web.client.RestTemplate.exchange(RestTemplate.java:447)
	at org.openlmis.web.controller.cubesreports.CubesReportProxy.redirect(CubesReportProxy.java:42)
	at org.openlmis.web.controller.cubesreports.CubesReportProxy.redirect(CubesReportProxy.java:35)
	at org.openlmis.web.controller.cubesreports.CubesReportProxy$$FastClassBySpringCGLIB$$3e5f49c0.invoke(<generated>)
	at org.springframework.cglib.proxy.MethodProxy.invoke(MethodProxy.java:204)
	at org.springframework.aop.framework.CglibAopProxy$CglibMethodInvocation.invokeJoinpoint(CglibAopProxy.java:717)
	at org.springframework.aop.framework.ReflectiveMethodInvocation.proceed(ReflectiveMethodInvocation.java:157)
	at org.springframework.aop.aspectj.AspectJAfterThrowingAdvice.invoke(AspectJAfterThrowingAdvice.java:58)
	at org.springframework.aop.framework.ReflectiveMethodInvocation.proceed(ReflectiveMethodInvocation.java:179)
	at org.springframework.aop.interceptor.ExposeInvocationInterceptor.invoke(ExposeInvocationInterceptor.java:92)
	at org.springframework.aop.framework.ReflectiveMethodInvocation.proceed(ReflectiveMethodInvocation.java:179)
	at org.springframework.aop.framework.CglibAopProxy$DynamicAdvisedInterceptor.intercept(CglibAopProxy.java:653)
	at org.openlmis.web.controller.cubesreports.CubesReportProxy$$EnhancerBySpringCGLIB$$6ea83960.redirect(<generated>)
	at org.openlmis.web.controller.cubesreports.CubesReportProxyController.redirect(CubesReportProxyController.java:24)
	at org.openlmis.web.controller.cubesreports.CubesReportProxyController$$FastClassBySpringCGLIB$$92ee597c.invoke(<generated>)
	at org.springframework.cglib.proxy.MethodProxy.invoke(MethodProxy.java:204)
	at org.springframework.aop.framework.CglibAopProxy$CglibMethodInvocation.invokeJoinpoint(CglibAopProxy.java:717)
	at org.springframework.aop.framework.ReflectiveMethodInvocation.proceed(ReflectiveMethodInvocation.java:157)
	at org.springframework.aop.aspectj.AspectJAfterThrowingAdvice.invoke(AspectJAfterThrowingAdvice.java:58)
	at org.springframework.aop.framework.ReflectiveMethodInvocation.proceed(ReflectiveMethodInvocation.java:179)
	at org.springframework.aop.interceptor.ExposeInvocationInterceptor.invoke(ExposeInvocationInterceptor.java:92)
	at org.springframework.aop.framework.ReflectiveMethodInvocation.proceed(ReflectiveMethodInvocation.java:179)
	at org.springframework.aop.framework.CglibAopProxy$DynamicAdvisedInterceptor.intercept(CglibAopProxy.java:653)
	at org.openlmis.web.controller.cubesreports.CubesReportProxyController$$EnhancerBySpringCGLIB$$cce76d9c.redirect(<generated>)
	at sun.reflect.NativeMethodAccessorImpl.invoke0(Native Method)
	at sun.reflect.NativeMethodAccessorImpl.invoke(NativeMethodAccessorImpl.java:62)
	at sun.reflect.DelegatingMethodAccessorImpl.invoke(DelegatingMethodAccessorImpl.java:43)
	at java.lang.reflect.Method.invoke(Method.java:498)
	at org.springframework.web.method.support.InvocableHandlerMethod.doInvoke(InvocableHandlerMethod.java:221)
	at org.springframework.web.method.support.InvocableHandlerMethod.invokeForRequest(InvocableHandlerMethod.java:137)
	at org.springframework.web.servlet.mvc.method.annotation.ServletInvocableHandlerMethod.invokeAndHandle(ServletInvocableHandlerMethod.java:110)
	at org.springframework.web.servlet.mvc.method.annotation.RequestMappingHandlerAdapter.invokeHandleMethod(RequestMappingHandlerAdapter.java:777)
	at org.springframework.web.servlet.mvc.method.annotation.RequestMappingHandlerAdapter.handleInternal(RequestMappingHandlerAdapter.java:706)
	at org.springframework.web.servlet.mvc.method.AbstractHandlerMethodAdapter.handle(AbstractHandlerMethodAdapter.java:85)
	at org.springframework.web.servlet.DispatcherServlet.doDispatch(DispatcherServlet.java:943)
	at org.springframework.web.servlet.DispatcherServlet.doService(DispatcherServlet.java:877)
	at org.springframework.web.servlet.FrameworkServlet.processRequest(FrameworkServlet.java:966)
	at org.springframework.web.servlet.FrameworkServlet.doGet(FrameworkServlet.java:857)
	at javax.servlet.http.HttpServlet.service(HttpServlet.java:707)
	at org.springframework.web.servlet.FrameworkServlet.service(FrameworkServlet.java:842)
	at javax.servlet.http.HttpServlet.service(HttpServlet.java:820)
	at org.mortbay.jetty.servlet.ServletHolder.handle(ServletHolder.java:511)
	at org.mortbay.jetty.servlet.ServletHandler$CachedChain.doFilter(ServletHandler.java:1221)
	at org.springframework.security.web.FilterChainProxy$VirtualFilterChain.doFilter(FilterChainProxy.java:330)
	at org.springframework.security.web.access.intercept.FilterSecurityInterceptor.invoke(FilterSecurityInterceptor.java:118)
	at org.springframework.security.web.access.intercept.FilterSecurityInterceptor.doFilter(FilterSecurityInterceptor.java:84)
	at org.springframework.security.web.FilterChainProxy$VirtualFilterChain.doFilter(FilterChainProxy.java:342)
	at org.springframework.security.web.access.ExceptionTranslationFilter.doFilter(ExceptionTranslationFilter.java:113)
	at org.springframework.security.web.FilterChainProxy$VirtualFilterChain.doFilter(FilterChainProxy.java:342)
	at org.springframework.security.web.session.SessionManagementFilter.doFilter(SessionManagementFilter.java:103)
	at org.springframework.security.web.FilterChainProxy$VirtualFilterChain.doFilter(FilterChainProxy.java:342)
	at org.springframework.security.web.authentication.AnonymousAuthenticationFilter.doFilter(AnonymousAuthenticationFilter.java:113)
	at org.springframework.security.web.FilterChainProxy$VirtualFilterChain.doFilter(FilterChainProxy.java:342)
	at org.springframework.security.web.servletapi.SecurityContextHolderAwareRequestFilter.doFilter(SecurityContextHolderAwareRequestFilter.java:154)
	at org.springframework.security.web.FilterChainProxy$VirtualFilterChain.doFilter(FilterChainProxy.java:342)
	at org.springframework.security.web.savedrequest.RequestCacheAwareFilter.doFilter(RequestCacheAwareFilter.java:45)
	at org.springframework.security.web.FilterChainProxy$VirtualFilterChain.doFilter(FilterChainProxy.java:342)
	at org.springframework.security.web.authentication.AbstractAuthenticationProcessingFilter.doFilter(AbstractAuthenticationProcessingFilter.java:199)
	at org.springframework.security.web.FilterChainProxy$VirtualFilterChain.doFilter(FilterChainProxy.java:342)
	at org.springframework.security.web.authentication.logout.LogoutFilter.doFilter(LogoutFilter.java:110)
	at org.springframework.security.web.FilterChainProxy$VirtualFilterChain.doFilter(FilterChainProxy.java:342)
	at org.springframework.security.web.session.ConcurrentSessionFilter.doFilter(ConcurrentSessionFilter.java:125)
	at org.springframework.security.web.FilterChainProxy$VirtualFilterChain.doFilter(FilterChainProxy.java:342)
	at org.springframework.security.web.context.SecurityContextPersistenceFilter.doFilter(SecurityContextPersistenceFilter.java:87)
	at org.springframework.security.web.FilterChainProxy$VirtualFilterChain.doFilter(FilterChainProxy.java:342)
	at org.springframework.security.web.access.channel.ChannelProcessingFilter.doFilter(ChannelProcessingFilter.java:144)
	at org.springframework.security.web.FilterChainProxy$VirtualFilterChain.doFilter(FilterChainProxy.java:342)
	at org.springframework.security.web.FilterChainProxy.doFilterInternal(FilterChainProxy.java:192)
	at org.springframework.security.web.FilterChainProxy.doFilter(FilterChainProxy.java:160)
	at org.springframework.web.filter.DelegatingFilterProxy.invokeDelegate(DelegatingFilterProxy.java:344)
	at org.springframework.web.filter.DelegatingFilterProxy.doFilter(DelegatingFilterProxy.java:261)
	at org.mortbay.jetty.servlet.ServletHandler$CachedChain.doFilter(ServletHandler.java:1212)
	at org.openlmis.web.filter.ForwardedProtoFilter.doFilter(ForwardedProtoFilter.java:31)
	at org.mortbay.jetty.servlet.ServletHandler$CachedChain.doFilter(ServletHandler.java:1212)
	at org.mortbay.jetty.servlet.ServletHandler.handle(ServletHandler.java:399)
	at org.mortbay.jetty.security.SecurityHandler.handle(SecurityHandler.java:216)
	at org.mortbay.jetty.servlet.SessionHandler.handle(SessionHandler.java:182)
	at org.mortbay.jetty.handler.ContextHandler.handle(ContextHandler.java:766)
	at org.mortbay.jetty.webapp.WebAppContext.handle(WebAppContext.java:450)
	at org.mortbay.jetty.handler.ContextHandlerCollection.handle(ContextHandlerCollection.java:230)
	at org.mortbay.jetty.handler.HandlerCollection.handle(HandlerCollection.java:114)
	at org.mortbay.jetty.handler.HandlerWrapper.handle(HandlerWrapper.java:152)
	at org.mortbay.jetty.Server.handle(Server.java:326)
	at org.mortbay.jetty.HttpConnection.handleRequest(HttpConnection.java:542)
	at org.mortbay.jetty.HttpConnection$RequestHandler.headerComplete(HttpConnection.java:928)
	at org.mortbay.jetty.HttpParser.parseNext(HttpParser.java:549)
	at org.mortbay.jetty.HttpParser.parseAvailable(HttpParser.java:212)
	at org.mortbay.jetty.HttpConnection.handle(HttpConnection.java:404)
	at org.mortbay.io.nio.SelectChannelEndPoint.run(SelectChannelEndPoint.java:410)
	at org.mortbay.thread.QueuedThreadPool$PoolThread.run(QueuedThreadPool.java:582)
/cubesreports/cube/vw_stock_movements/facts
org.springframework.web.client.ResourceAccessException: I/O error on GET request for "http://localhost:5555/cube/vw_stock_movements/facts?cut=movement:PCR_03%7Cfacility:CS61":Connection refused (Connection refused); nested exception is java.net.ConnectException: Connection refused (Connection refused)
	at org.springframework.web.client.RestTemplate.doExecute(RestTemplate.java:584)
	at org.springframework.web.client.RestTemplate.execute(RestTemplate.java:529)
	at org.springframework.web.client.RestTemplate.exchange(RestTemplate.java:447)
	at org.openlmis.web.controller.cubesreports.CubesReportProxy.redirect(CubesReportProxy.java:42)
	at org.openlmis.web.controller.cubesreports.CubesReportProxy.redirect(CubesReportProxy.java:35)
	at org.openlmis.web.controller.cubesreports.CubesReportProxy$$FastClassBySpringCGLIB$$3e5f49c0.invoke(<generated>)
	at org.springframework.cglib.proxy.MethodProxy.invoke(MethodProxy.java:204)
	at org.springframework.aop.framework.CglibAopProxy$CglibMethodInvocation.invokeJoinpoint(CglibAopProxy.java:717)
	at org.springframework.aop.framework.ReflectiveMethodInvocation.proceed(ReflectiveMethodInvocation.java:157)
	at org.springframework.aop.aspectj.AspectJAfterThrowingAdvice.invoke(AspectJAfterThrowingAdvice.java:58)
	at org.springframework.aop.framework.ReflectiveMethodInvocation.proceed(ReflectiveMethodInvocation.java:179)
	at org.springframework.aop.interceptor.ExposeInvocationInterceptor.invoke(ExposeInvocationInterceptor.java:92)
	at org.springframework.aop.framework.ReflectiveMethodInvocation.proceed(ReflectiveMethodInvocation.java:179)
	at org.springframework.aop.framework.CglibAopProxy$DynamicAdvisedInterceptor.intercept(CglibAopProxy.java:653)
	at org.openlmis.web.controller.cubesreports.CubesReportProxy$$EnhancerBySpringCGLIB$$6ea83960.redirect(<generated>)
	at org.openlmis.web.controller.cubesreports.CubesReportProxyController.redirect(CubesReportProxyController.java:24)
	at org.openlmis.web.controller.cubesreports.CubesReportProxyController$$FastClassBySpringCGLIB$$92ee597c.invoke(<generated>)
	at org.springframework.cglib.proxy.MethodProxy.invoke(MethodProxy.java:204)
	at org.springframework.aop.framework.CglibAopProxy$CglibMethodInvocation.invokeJoinpoint(CglibAopProxy.java:717)
	at org.springframework.aop.framework.ReflectiveMethodInvocation.proceed(ReflectiveMethodInvocation.java:157)
	at org.springframework.aop.aspectj.AspectJAfterThrowingAdvice.invoke(AspectJAfterThrowingAdvice.java:58)
	at org.springframework.aop.framework.ReflectiveMethodInvocation.proceed(ReflectiveMethodInvocation.java:179)
	at org.springframework.aop.interceptor.ExposeInvocationInterceptor.invoke(ExposeInvocationInterceptor.java:92)
	at org.springframework.aop.framework.ReflectiveMethodInvocation.proceed(ReflectiveMethodInvocation.java:179)
	at org.springframework.aop.framework.CglibAopProxy$DynamicAdvisedInterceptor.intercept(CglibAopProxy.java:653)
	at org.openlmis.web.controller.cubesreports.CubesReportProxyController$$EnhancerBySpringCGLIB$$cce76d9c.redirect(<generated>)
	at sun.reflect.NativeMethodAccessorImpl.invoke0(Native Method)
	at sun.reflect.NativeMethodAccessorImpl.invoke(NativeMethodAccessorImpl.java:62)
	at sun.reflect.DelegatingMethodAccessorImpl.invoke(DelegatingMethodAccessorImpl.java:43)
	at java.lang.reflect.Method.invoke(Method.java:498)
	at org.springframework.web.method.support.InvocableHandlerMethod.doInvoke(InvocableHandlerMethod.java:221)
	at org.springframework.web.method.support.InvocableHandlerMethod.invokeForRequest(InvocableHandlerMethod.java:137)
	at org.springframework.web.servlet.mvc.method.annotation.ServletInvocableHandlerMethod.invokeAndHandle(ServletInvocableHandlerMethod.java:110)
	at org.springframework.web.servlet.mvc.method.annotation.RequestMappingHandlerAdapter.invokeHandleMethod(RequestMappingHandlerAdapter.java:777)
	at org.springframework.web.servlet.mvc.method.annotation.RequestMappingHandlerAdapter.handleInternal(RequestMappingHandlerAdapter.java:706)
	at org.springframework.web.servlet.mvc.method.AbstractHandlerMethodAdapter.handle(AbstractHandlerMethodAdapter.java:85)
	at org.springframework.web.servlet.DispatcherServlet.doDispatch(DispatcherServlet.java:943)
	at org.springframework.web.servlet.DispatcherServlet.doService(DispatcherServlet.java:877)
	at org.springframework.web.servlet.FrameworkServlet.processRequest(FrameworkServlet.java:966)
	at org.springframework.web.servlet.FrameworkServlet.doGet(FrameworkServlet.java:857)
	at javax.servlet.http.HttpServlet.service(HttpServlet.java:707)
	at org.springframework.web.servlet.FrameworkServlet.service(FrameworkServlet.java:842)
	at javax.servlet.http.HttpServlet.service(HttpServlet.java:820)
	at org.mortbay.jetty.servlet.ServletHolder.handle(ServletHolder.java:511)
	at org.mortbay.jetty.servlet.ServletHandler$CachedChain.doFilter(ServletHandler.java:1221)
	at org.springframework.security.web.FilterChainProxy$VirtualFilterChain.doFilter(FilterChainProxy.java:330)
	at org.springframework.security.web.access.intercept.FilterSecurityInterceptor.invoke(FilterSecurityInterceptor.java:118)
	at org.springframework.security.web.access.intercept.FilterSecurityInterceptor.doFilter(FilterSecurityInterceptor.java:84)
	at org.springframework.security.web.FilterChainProxy$VirtualFilterChain.doFilter(FilterChainProxy.java:342)
	at org.springframework.security.web.access.ExceptionTranslationFilter.doFilter(ExceptionTranslationFilter.java:113)
	at org.springframework.security.web.FilterChainProxy$VirtualFilterChain.doFilter(FilterChainProxy.java:342)
	at org.springframework.security.web.session.SessionManagementFilter.doFilter(SessionManagementFilter.java:103)
	at org.springframework.security.web.FilterChainProxy$VirtualFilterChain.doFilter(FilterChainProxy.java:342)
	at org.springframework.security.web.authentication.AnonymousAuthenticationFilter.doFilter(AnonymousAuthenticationFilter.java:113)
	at org.springframework.security.web.FilterChainProxy$VirtualFilterChain.doFilter(FilterChainProxy.java:342)
	at org.springframework.security.web.servletapi.SecurityContextHolderAwareRequestFilter.doFilter(SecurityContextHolderAwareRequestFilter.java:154)
	at org.springframework.security.web.FilterChainProxy$VirtualFilterChain.doFilter(FilterChainProxy.java:342)
	at org.springframework.security.web.savedrequest.RequestCacheAwareFilter.doFilter(RequestCacheAwareFilter.java:45)
	at org.springframework.security.web.FilterChainProxy$VirtualFilterChain.doFilter(FilterChainProxy.java:342)
	at org.springframework.security.web.authentication.AbstractAuthenticationProcessingFilter.doFilter(AbstractAuthenticationProcessingFilter.java:199)
	at org.springframework.security.web.FilterChainProxy$VirtualFilterChain.doFilter(FilterChainProxy.java:342)
	at org.springframework.security.web.authentication.logout.LogoutFilter.doFilter(LogoutFilter.java:110)
	at org.springframework.security.web.FilterChainProxy$VirtualFilterChain.doFilter(FilterChainProxy.java:342)
	at org.springframework.security.web.session.ConcurrentSessionFilter.doFilter(ConcurrentSessionFilter.java:125)
	at org.springframework.security.web.FilterChainProxy$VirtualFilterChain.doFilter(FilterChainProxy.java:342)
	at org.springframework.security.web.context.SecurityContextPersistenceFilter.doFilter(SecurityContextPersistenceFilter.java:87)
	at org.springframework.security.web.FilterChainProxy$VirtualFilterChain.doFilter(FilterChainProxy.java:342)
	at org.springframework.security.web.access.channel.ChannelProcessingFilter.doFilter(ChannelProcessingFilter.java:144)
	at org.springframework.security.web.FilterChainProxy$VirtualFilterChain.doFilter(FilterChainProxy.java:342)
	at org.springframework.security.web.FilterChainProxy.doFilterInternal(FilterChainProxy.java:192)
	at org.springframework.security.web.FilterChainProxy.doFilter(FilterChainProxy.java:160)
	at org.springframework.web.filter.DelegatingFilterProxy.invokeDelegate(DelegatingFilterProxy.java:344)
	at org.springframework.web.filter.DelegatingFilterProxy.doFilter(DelegatingFilterProxy.java:261)
	at org.mortbay.jetty.servlet.ServletHandler$CachedChain.doFilter(ServletHandler.java:1212)
	at org.openlmis.web.filter.ForwardedProtoFilter.doFilter(ForwardedProtoFilter.java:31)
	at org.mortbay.jetty.servlet.ServletHandler$CachedChain.doFilter(ServletHandler.java:1212)
	at org.mortbay.jetty.servlet.ServletHandler.handle(ServletHandler.java:399)
	at org.mortbay.jetty.security.SecurityHandler.handle(SecurityHandler.java:216)
	at org.mortbay.jetty.servlet.SessionHandler.handle(SessionHandler.java:182)
	at org.mortbay.jetty.handler.ContextHandler.handle(ContextHandler.java:766)
	at org.mortbay.jetty.webapp.WebAppContext.handle(WebAppContext.java:450)
	at org.mortbay.jetty.handler.ContextHandlerCollection.handle(ContextHandlerCollection.java:230)
	at org.mortbay.jetty.handler.HandlerCollection.handle(HandlerCollection.java:114)
	at org.mortbay.jetty.handler.HandlerWrapper.handle(HandlerWrapper.java:152)
	at org.mortbay.jetty.Server.handle(Server.java:326)
	at org.mortbay.jetty.HttpConnection.handleRequest(HttpConnection.java:542)
	at org.mortbay.jetty.HttpConnection$RequestHandler.headerComplete(HttpConnection.java:928)
	at org.mortbay.jetty.HttpParser.parseNext(HttpParser.java:549)
	at org.mortbay.jetty.HttpParser.parseAvailable(HttpParser.java:212)
	at org.mortbay.jetty.HttpConnection.handle(HttpConnection.java:404)
	at org.mortbay.io.nio.SelectChannelEndPoint.run(SelectChannelEndPoint.java:410)
	at org.mortbay.thread.QueuedThreadPool$PoolThread.run(QueuedThreadPool.java:582)
Caused by: java.net.ConnectException: Connection refused (Connection refused)
	at java.net.PlainSocketImpl.socketConnect(Native Method)
	at java.net.AbstractPlainSocketImpl.doConnect(AbstractPlainSocketImpl.java:350)
	at java.net.AbstractPlainSocketImpl.connectToAddress(AbstractPlainSocketImpl.java:206)
	at java.net.AbstractPlainSocketImpl.connect(AbstractPlainSocketImpl.java:188)
	at java.net.SocksSocketImpl.connect(SocksSocketImpl.java:392)
	at java.net.Socket.connect(Socket.java:607)
	at java.net.Socket.connect(Socket.java:556)
	at sun.net.NetworkClient.doConnect(NetworkClient.java:180)
	at sun.net.www.http.HttpClient.openServer(HttpClient.java:465)
	at sun.net.www.http.HttpClient.openServer(HttpClient.java:560)
	at sun.net.www.http.HttpClient.<init>(HttpClient.java:244)
	at sun.net.www.http.HttpClient.New(HttpClient.java:341)
	at sun.net.www.http.HttpClient.New(HttpClient.java:359)
	at sun.net.www.protocol.http.HttpURLConnection.getNewHttpClient(HttpURLConnection.java:1243)
	at sun.net.www.protocol.http.HttpURLConnection.plainConnect0(HttpURLConnection.java:1177)
	at sun.net.www.protocol.http.HttpURLConnection.plainConnect(HttpURLConnection.java:1071)
	at sun.net.www.protocol.http.HttpURLConnection.connect(HttpURLConnection.java:1005)
	at org.springframework.http.client.SimpleBufferingClientHttpRequest.executeInternal(SimpleBufferingClientHttpRequest.java:81)
	at org.springframework.http.client.AbstractBufferingClientHttpRequest.executeInternal(AbstractBufferingClientHttpRequest.java:48)
	at org.springframework.http.client.AbstractClientHttpRequest.execute(AbstractClientHttpRequest.java:53)
	at org.springframework.web.client.RestTemplate.doExecute(RestTemplate.java:568)
	... 91 more
Nested in org.springframework.web.client.ResourceAccessException: I/O error on GET request for "http://localhost:5555/cube/vw_stock_movements/facts?cut=movement:PCR_03%7Cfacility:CS61":Connection refused (Connection refused); nested exception is java.net.ConnectException: Connection refused (Connection refused):
java.net.ConnectException: Connection refused (Connection refused)
	at java.net.PlainSocketImpl.socketConnect(Native Method)
	at java.net.AbstractPlainSocketImpl.doConnect(AbstractPlainSocketImpl.java:350)
	at java.net.AbstractPlainSocketImpl.connectToAddress(AbstractPlainSocketImpl.java:206)
	at java.net.AbstractPlainSocketImpl.connect(AbstractPlainSocketImpl.java:188)
	at java.net.SocksSocketImpl.connect(SocksSocketImpl.java:392)
	at java.net.Socket.connect(Socket.java:607)
	at java.net.Socket.connect(Socket.java:556)
	at sun.net.NetworkClient.doConnect(NetworkClient.java:180)
	at sun.net.www.http.HttpClient.openServer(HttpClient.java:465)
	at sun.net.www.http.HttpClient.openServer(HttpClient.java:560)
	at sun.net.www.http.HttpClient.<init>(HttpClient.java:244)
	at sun.net.www.http.HttpClient.New(HttpClient.java:341)
	at sun.net.www.http.HttpClient.New(HttpClient.java:359)
	at sun.net.www.protocol.http.HttpURLConnection.getNewHttpClient(HttpURLConnection.java:1243)
	at sun.net.www.protocol.http.HttpURLConnection.plainConnect0(HttpURLConnection.java:1177)
	at sun.net.www.protocol.http.HttpURLConnection.plainConnect(HttpURLConnection.java:1071)
	at sun.net.www.protocol.http.HttpURLConnection.connect(HttpURLConnection.java:1005)
	at org.springframework.http.client.SimpleBufferingClientHttpRequest.executeInternal(SimpleBufferingClientHttpRequest.java:81)
	at org.springframework.http.client.AbstractBufferingClientHttpRequest.executeInternal(AbstractBufferingClientHttpRequest.java:48)
	at org.springframework.http.client.AbstractClientHttpRequest.execute(AbstractClientHttpRequest.java:53)
	at org.springframework.web.client.RestTemplate.doExecute(RestTemplate.java:568)
	at org.springframework.web.client.RestTemplate.execute(RestTemplate.java:529)
	at org.springframework.web.client.RestTemplate.exchange(RestTemplate.java:447)
	at org.openlmis.web.controller.cubesreports.CubesReportProxy.redirect(CubesReportProxy.java:42)
	at org.openlmis.web.controller.cubesreports.CubesReportProxy.redirect(CubesReportProxy.java:35)
	at org.openlmis.web.controller.cubesreports.CubesReportProxy$$FastClassBySpringCGLIB$$3e5f49c0.invoke(<generated>)
	at org.springframework.cglib.proxy.MethodProxy.invoke(MethodProxy.java:204)
	at org.springframework.aop.framework.CglibAopProxy$CglibMethodInvocation.invokeJoinpoint(CglibAopProxy.java:717)
	at org.springframework.aop.framework.ReflectiveMethodInvocation.proceed(ReflectiveMethodInvocation.java:157)
	at org.springframework.aop.aspectj.AspectJAfterThrowingAdvice.invoke(AspectJAfterThrowingAdvice.java:58)
	at org.springframework.aop.framework.ReflectiveMethodInvocation.proceed(ReflectiveMethodInvocation.java:179)
	at org.springframework.aop.interceptor.ExposeInvocationInterceptor.invoke(ExposeInvocationInterceptor.java:92)
	at org.springframework.aop.framework.ReflectiveMethodInvocation.proceed(ReflectiveMethodInvocation.java:179)
	at org.springframework.aop.framework.CglibAopProxy$DynamicAdvisedInterceptor.intercept(CglibAopProxy.java:653)
	at org.openlmis.web.controller.cubesreports.CubesReportProxy$$EnhancerBySpringCGLIB$$6ea83960.redirect(<generated>)
	at org.openlmis.web.controller.cubesreports.CubesReportProxyController.redirect(CubesReportProxyController.java:24)
	at org.openlmis.web.controller.cubesreports.CubesReportProxyController$$FastClassBySpringCGLIB$$92ee597c.invoke(<generated>)
	at org.springframework.cglib.proxy.MethodProxy.invoke(MethodProxy.java:204)
	at org.springframework.aop.framework.CglibAopProxy$CglibMethodInvocation.invokeJoinpoint(CglibAopProxy.java:717)
	at org.springframework.aop.framework.ReflectiveMethodInvocation.proceed(ReflectiveMethodInvocation.java:157)
	at org.springframework.aop.aspectj.AspectJAfterThrowingAdvice.invoke(AspectJAfterThrowingAdvice.java:58)
	at org.springframework.aop.framework.ReflectiveMethodInvocation.proceed(ReflectiveMethodInvocation.java:179)
	at org.springframework.aop.interceptor.ExposeInvocationInterceptor.invoke(ExposeInvocationInterceptor.java:92)
	at org.springframework.aop.framework.ReflectiveMethodInvocation.proceed(ReflectiveMethodInvocation.java:179)
	at org.springframework.aop.framework.CglibAopProxy$DynamicAdvisedInterceptor.intercept(CglibAopProxy.java:653)
	at org.openlmis.web.controller.cubesreports.CubesReportProxyController$$EnhancerBySpringCGLIB$$cce76d9c.redirect(<generated>)
	at sun.reflect.NativeMethodAccessorImpl.invoke0(Native Method)
	at sun.reflect.NativeMethodAccessorImpl.invoke(NativeMethodAccessorImpl.java:62)
	at sun.reflect.DelegatingMethodAccessorImpl.invoke(DelegatingMethodAccessorImpl.java:43)
	at java.lang.reflect.Method.invoke(Method.java:498)
	at org.springframework.web.method.support.InvocableHandlerMethod.doInvoke(InvocableHandlerMethod.java:221)
	at org.springframework.web.method.support.InvocableHandlerMethod.invokeForRequest(InvocableHandlerMethod.java:137)
	at org.springframework.web.servlet.mvc.method.annotation.ServletInvocableHandlerMethod.invokeAndHandle(ServletInvocableHandlerMethod.java:110)
	at org.springframework.web.servlet.mvc.method.annotation.RequestMappingHandlerAdapter.invokeHandleMethod(RequestMappingHandlerAdapter.java:777)
	at org.springframework.web.servlet.mvc.method.annotation.RequestMappingHandlerAdapter.handleInternal(RequestMappingHandlerAdapter.java:706)
	at org.springframework.web.servlet.mvc.method.AbstractHandlerMethodAdapter.handle(AbstractHandlerMethodAdapter.java:85)
	at org.springframework.web.servlet.DispatcherServlet.doDispatch(DispatcherServlet.java:943)
	at org.springframework.web.servlet.DispatcherServlet.doService(DispatcherServlet.java:877)
	at org.springframework.web.servlet.FrameworkServlet.processRequest(FrameworkServlet.java:966)
	at org.springframework.web.servlet.FrameworkServlet.doGet(FrameworkServlet.java:857)
	at javax.servlet.http.HttpServlet.service(HttpServlet.java:707)
	at org.springframework.web.servlet.FrameworkServlet.service(FrameworkServlet.java:842)
	at javax.servlet.http.HttpServlet.service(HttpServlet.java:820)
	at org.mortbay.jetty.servlet.ServletHolder.handle(ServletHolder.java:511)
	at org.mortbay.jetty.servlet.ServletHandler$CachedChain.doFilter(ServletHandler.java:1221)
	at org.springframework.security.web.FilterChainProxy$VirtualFilterChain.doFilter(FilterChainProxy.java:330)
	at org.springframework.security.web.access.intercept.FilterSecurityInterceptor.invoke(FilterSecurityInterceptor.java:118)
	at org.springframework.security.web.access.intercept.FilterSecurityInterceptor.doFilter(FilterSecurityInterceptor.java:84)
	at org.springframework.security.web.FilterChainProxy$VirtualFilterChain.doFilter(FilterChainProxy.java:342)
	at org.springframework.security.web.access.ExceptionTranslationFilter.doFilter(ExceptionTranslationFilter.java:113)
	at org.springframework.security.web.FilterChainProxy$VirtualFilterChain.doFilter(FilterChainProxy.java:342)
	at org.springframework.security.web.session.SessionManagementFilter.doFilter(SessionManagementFilter.java:103)
	at org.springframework.security.web.FilterChainProxy$VirtualFilterChain.doFilter(FilterChainProxy.java:342)
	at org.springframework.security.web.authentication.AnonymousAuthenticationFilter.doFilter(AnonymousAuthenticationFilter.java:113)
	at org.springframework.security.web.FilterChainProxy$VirtualFilterChain.doFilter(FilterChainProxy.java:342)
	at org.springframework.security.web.servletapi.SecurityContextHolderAwareRequestFilter.doFilter(SecurityContextHolderAwareRequestFilter.java:154)
	at org.springframework.security.web.FilterChainProxy$VirtualFilterChain.doFilter(FilterChainProxy.java:342)
	at org.springframework.security.web.savedrequest.RequestCacheAwareFilter.doFilter(RequestCacheAwareFilter.java:45)
	at org.springframework.security.web.FilterChainProxy$VirtualFilterChain.doFilter(FilterChainProxy.java:342)
	at org.springframework.security.web.authentication.AbstractAuthenticationProcessingFilter.doFilter(AbstractAuthenticationProcessingFilter.java:199)
	at org.springframework.security.web.FilterChainProxy$VirtualFilterChain.doFilter(FilterChainProxy.java:342)
	at org.springframework.security.web.authentication.logout.LogoutFilter.doFilter(LogoutFilter.java:110)
	at org.springframework.security.web.FilterChainProxy$VirtualFilterChain.doFilter(FilterChainProxy.java:342)
	at org.springframework.security.web.session.ConcurrentSessionFilter.doFilter(ConcurrentSessionFilter.java:125)
	at org.springframework.security.web.FilterChainProxy$VirtualFilterChain.doFilter(FilterChainProxy.java:342)
	at org.springframework.security.web.context.SecurityContextPersistenceFilter.doFilter(SecurityContextPersistenceFilter.java:87)
	at org.springframework.security.web.FilterChainProxy$VirtualFilterChain.doFilter(FilterChainProxy.java:342)
	at org.springframework.security.web.access.channel.ChannelProcessingFilter.doFilter(ChannelProcessingFilter.java:144)
	at org.springframework.security.web.FilterChainProxy$VirtualFilterChain.doFilter(FilterChainProxy.java:342)
	at org.springframework.security.web.FilterChainProxy.doFilterInternal(FilterChainProxy.java:192)
	at org.springframework.security.web.FilterChainProxy.doFilter(FilterChainProxy.java:160)
	at org.springframework.web.filter.DelegatingFilterProxy.invokeDelegate(DelegatingFilterProxy.java:344)
	at org.springframework.web.filter.DelegatingFilterProxy.doFilter(DelegatingFilterProxy.java:261)
	at org.mortbay.jetty.servlet.ServletHandler$CachedChain.doFilter(ServletHandler.java:1212)
	at org.openlmis.web.filter.ForwardedProtoFilter.doFilter(ForwardedProtoFilter.java:31)
	at org.mortbay.jetty.servlet.ServletHandler$CachedChain.doFilter(ServletHandler.java:1212)
	at org.mortbay.jetty.servlet.ServletHandler.handle(ServletHandler.java:399)
	at org.mortbay.jetty.security.SecurityHandler.handle(SecurityHandler.java:216)
	at org.mortbay.jetty.servlet.SessionHandler.handle(SessionHandler.java:182)
	at org.mortbay.jetty.handler.ContextHandler.handle(ContextHandler.java:766)
	at org.mortbay.jetty.webapp.WebAppContext.handle(WebAppContext.java:450)
	at org.mortbay.jetty.handler.ContextHandlerCollection.handle(ContextHandlerCollection.java:230)
	at org.mortbay.jetty.handler.HandlerCollection.handle(HandlerCollection.java:114)
	at org.mortbay.jetty.handler.HandlerWrapper.handle(HandlerWrapper.java:152)
	at org.mortbay.jetty.Server.handle(Server.java:326)
	at org.mortbay.jetty.HttpConnection.handleRequest(HttpConnection.java:542)
	at org.mortbay.jetty.HttpConnection$RequestHandler.headerComplete(HttpConnection.java:928)
	at org.mortbay.jetty.HttpParser.parseNext(HttpParser.java:549)
	at org.mortbay.jetty.HttpParser.parseAvailable(HttpParser.java:212)
	at org.mortbay.jetty.HttpConnection.handle(HttpConnection.java:404)
	at org.mortbay.io.nio.SelectChannelEndPoint.run(SelectChannelEndPoint.java:410)
	at org.mortbay.thread.QueuedThreadPool$PoolThread.run(QueuedThreadPool.java:582)
/cubesreports/cube/vw_stock_movements/facts
org.springframework.web.client.ResourceAccessException: I/O error on GET request for "http://localhost:5555/cube/vw_stock_movements/facts?cut=movement:PCR_03%7Cfacility:CS61%7Cmovementdate:2025,05,21-2025,06,20":Connection refused (Connection refused); nested exception is java.net.ConnectException: Connection refused (Connection refused)
	at org.springframework.web.client.RestTemplate.doExecute(RestTemplate.java:584)
	at org.springframework.web.client.RestTemplate.execute(RestTemplate.java:529)
	at org.springframework.web.client.RestTemplate.exchange(RestTemplate.java:447)
	at org.openlmis.web.controller.cubesreports.CubesReportProxy.redirect(CubesReportProxy.java:42)
	at org.openlmis.web.controller.cubesreports.CubesReportProxy.redirect(CubesReportProxy.java:35)
	at org.openlmis.web.controller.cubesreports.CubesReportProxy$$FastClassBySpringCGLIB$$3e5f49c0.invoke(<generated>)
	at org.springframework.cglib.proxy.MethodProxy.invoke(MethodProxy.java:204)
	at org.springframework.aop.framework.CglibAopProxy$CglibMethodInvocation.invokeJoinpoint(CglibAopProxy.java:717)
	at org.springframework.aop.framework.ReflectiveMethodInvocation.proceed(ReflectiveMethodInvocation.java:157)
	at org.springframework.aop.aspectj.AspectJAfterThrowingAdvice.invoke(AspectJAfterThrowingAdvice.java:58)
	at org.springframework.aop.framework.ReflectiveMethodInvocation.proceed(ReflectiveMethodInvocation.java:179)
	at org.springframework.aop.interceptor.ExposeInvocationInterceptor.invoke(ExposeInvocationInterceptor.java:92)
	at org.springframework.aop.framework.ReflectiveMethodInvocation.proceed(ReflectiveMethodInvocation.java:179)
	at org.springframework.aop.framework.CglibAopProxy$DynamicAdvisedInterceptor.intercept(CglibAopProxy.java:653)
	at org.openlmis.web.controller.cubesreports.CubesReportProxy$$EnhancerBySpringCGLIB$$6ea83960.redirect(<generated>)
	at org.openlmis.web.controller.cubesreports.CubesReportProxyController.redirect(CubesReportProxyController.java:24)
	at org.openlmis.web.controller.cubesreports.CubesReportProxyController$$FastClassBySpringCGLIB$$92ee597c.invoke(<generated>)
	at org.springframework.cglib.proxy.MethodProxy.invoke(MethodProxy.java:204)
	at org.springframework.aop.framework.CglibAopProxy$CglibMethodInvocation.invokeJoinpoint(CglibAopProxy.java:717)
	at org.springframework.aop.framework.ReflectiveMethodInvocation.proceed(ReflectiveMethodInvocation.java:157)
	at org.springframework.aop.aspectj.AspectJAfterThrowingAdvice.invoke(AspectJAfterThrowingAdvice.java:58)
	at org.springframework.aop.framework.ReflectiveMethodInvocation.proceed(ReflectiveMethodInvocation.java:179)
	at org.springframework.aop.interceptor.ExposeInvocationInterceptor.invoke(ExposeInvocationInterceptor.java:92)
	at org.springframework.aop.framework.ReflectiveMethodInvocation.proceed(ReflectiveMethodInvocation.java:179)
	at org.springframework.aop.framework.CglibAopProxy$DynamicAdvisedInterceptor.intercept(CglibAopProxy.java:653)
	at org.openlmis.web.controller.cubesreports.CubesReportProxyController$$EnhancerBySpringCGLIB$$cce76d9c.redirect(<generated>)
	at sun.reflect.NativeMethodAccessorImpl.invoke0(Native Method)
	at sun.reflect.NativeMethodAccessorImpl.invoke(NativeMethodAccessorImpl.java:62)
	at sun.reflect.DelegatingMethodAccessorImpl.invoke(DelegatingMethodAccessorImpl.java:43)
	at java.lang.reflect.Method.invoke(Method.java:498)
	at org.springframework.web.method.support.InvocableHandlerMethod.doInvoke(InvocableHandlerMethod.java:221)
	at org.springframework.web.method.support.InvocableHandlerMethod.invokeForRequest(InvocableHandlerMethod.java:137)
	at org.springframework.web.servlet.mvc.method.annotation.ServletInvocableHandlerMethod.invokeAndHandle(ServletInvocableHandlerMethod.java:110)
	at org.springframework.web.servlet.mvc.method.annotation.RequestMappingHandlerAdapter.invokeHandleMethod(RequestMappingHandlerAdapter.java:777)
	at org.springframework.web.servlet.mvc.method.annotation.RequestMappingHandlerAdapter.handleInternal(RequestMappingHandlerAdapter.java:706)
	at org.springframework.web.servlet.mvc.method.AbstractHandlerMethodAdapter.handle(AbstractHandlerMethodAdapter.java:85)
	at org.springframework.web.servlet.DispatcherServlet.doDispatch(DispatcherServlet.java:943)
	at org.springframework.web.servlet.DispatcherServlet.doService(DispatcherServlet.java:877)
	at org.springframework.web.servlet.FrameworkServlet.processRequest(FrameworkServlet.java:966)
	at org.springframework.web.servlet.FrameworkServlet.doGet(FrameworkServlet.java:857)
	at javax.servlet.http.HttpServlet.service(HttpServlet.java:707)
	at org.springframework.web.servlet.FrameworkServlet.service(FrameworkServlet.java:842)
	at javax.servlet.http.HttpServlet.service(HttpServlet.java:820)
	at org.mortbay.jetty.servlet.ServletHolder.handle(ServletHolder.java:511)
	at org.mortbay.jetty.servlet.ServletHandler$CachedChain.doFilter(ServletHandler.java:1221)
	at org.springframework.security.web.FilterChainProxy$VirtualFilterChain.doFilter(FilterChainProxy.java:330)
	at org.springframework.security.web.access.intercept.FilterSecurityInterceptor.invoke(FilterSecurityInterceptor.java:118)
	at org.springframework.security.web.access.intercept.FilterSecurityInterceptor.doFilter(FilterSecurityInterceptor.java:84)
	at org.springframework.security.web.FilterChainProxy$VirtualFilterChain.doFilter(FilterChainProxy.java:342)
	at org.springframework.security.web.access.ExceptionTranslationFilter.doFilter(ExceptionTranslationFilter.java:113)
	at org.springframework.security.web.FilterChainProxy$VirtualFilterChain.doFilter(FilterChainProxy.java:342)
	at org.springframework.security.web.session.SessionManagementFilter.doFilter(SessionManagementFilter.java:103)
	at org.springframework.security.web.FilterChainProxy$VirtualFilterChain.doFilter(FilterChainProxy.java:342)
	at org.springframework.security.web.authentication.AnonymousAuthenticationFilter.doFilter(AnonymousAuthenticationFilter.java:113)
	at org.springframework.security.web.FilterChainProxy$VirtualFilterChain.doFilter(FilterChainProxy.java:342)
	at org.springframework.security.web.servletapi.SecurityContextHolderAwareRequestFilter.doFilter(SecurityContextHolderAwareRequestFilter.java:154)
	at org.springframework.security.web.FilterChainProxy$VirtualFilterChain.doFilter(FilterChainProxy.java:342)
	at org.springframework.security.web.savedrequest.RequestCacheAwareFilter.doFilter(RequestCacheAwareFilter.java:45)
	at org.springframework.security.web.FilterChainProxy$VirtualFilterChain.doFilter(FilterChainProxy.java:342)
	at org.springframework.security.web.authentication.AbstractAuthenticationProcessingFilter.doFilter(AbstractAuthenticationProcessingFilter.java:199)
	at org.springframework.security.web.FilterChainProxy$VirtualFilterChain.doFilter(FilterChainProxy.java:342)
	at org.springframework.security.web.authentication.logout.LogoutFilter.doFilter(LogoutFilter.java:110)
	at org.springframework.security.web.FilterChainProxy$VirtualFilterChain.doFilter(FilterChainProxy.java:342)
	at org.springframework.security.web.session.ConcurrentSessionFilter.doFilter(ConcurrentSessionFilter.java:125)
	at org.springframework.security.web.FilterChainProxy$VirtualFilterChain.doFilter(FilterChainProxy.java:342)
	at org.springframework.security.web.context.SecurityContextPersistenceFilter.doFilter(SecurityContextPersistenceFilter.java:87)
	at org.springframework.security.web.FilterChainProxy$VirtualFilterChain.doFilter(FilterChainProxy.java:342)
	at org.springframework.security.web.access.channel.ChannelProcessingFilter.doFilter(ChannelProcessingFilter.java:144)
	at org.springframework.security.web.FilterChainProxy$VirtualFilterChain.doFilter(FilterChainProxy.java:342)
	at org.springframework.security.web.FilterChainProxy.doFilterInternal(FilterChainProxy.java:192)
	at org.springframework.security.web.FilterChainProxy.doFilter(FilterChainProxy.java:160)
	at org.springframework.web.filter.DelegatingFilterProxy.invokeDelegate(DelegatingFilterProxy.java:344)
	at org.springframework.web.filter.DelegatingFilterProxy.doFilter(DelegatingFilterProxy.java:261)
	at org.mortbay.jetty.servlet.ServletHandler$CachedChain.doFilter(ServletHandler.java:1212)
	at org.openlmis.web.filter.ForwardedProtoFilter.doFilter(ForwardedProtoFilter.java:31)
	at org.mortbay.jetty.servlet.ServletHandler$CachedChain.doFilter(ServletHandler.java:1212)
	at org.mortbay.jetty.servlet.ServletHandler.handle(ServletHandler.java:399)
	at org.mortbay.jetty.security.SecurityHandler.handle(SecurityHandler.java:216)
	at org.mortbay.jetty.servlet.SessionHandler.handle(SessionHandler.java:182)
	at org.mortbay.jetty.handler.ContextHandler.handle(ContextHandler.java:766)
	at org.mortbay.jetty.webapp.WebAppContext.handle(WebAppContext.java:450)
	at org.mortbay.jetty.handler.ContextHandlerCollection.handle(ContextHandlerCollection.java:230)
	at org.mortbay.jetty.handler.HandlerCollection.handle(HandlerCollection.java:114)
	at org.mortbay.jetty.handler.HandlerWrapper.handle(HandlerWrapper.java:152)
	at org.mortbay.jetty.Server.handle(Server.java:326)
	at org.mortbay.jetty.HttpConnection.handleRequest(HttpConnection.java:542)
	at org.mortbay.jetty.HttpConnection$RequestHandler.headerComplete(HttpConnection.java:928)
	at org.mortbay.jetty.HttpParser.parseNext(HttpParser.java:549)
	at org.mortbay.jetty.HttpParser.parseAvailable(HttpParser.java:212)
	at org.mortbay.jetty.HttpConnection.handle(HttpConnection.java:404)
	at org.mortbay.io.nio.SelectChannelEndPoint.run(SelectChannelEndPoint.java:410)
	at org.mortbay.thread.QueuedThreadPool$PoolThread.run(QueuedThreadPool.java:582)
Caused by: java.net.ConnectException: Connection refused (Connection refused)
	at java.net.PlainSocketImpl.socketConnect(Native Method)
	at java.net.AbstractPlainSocketImpl.doConnect(AbstractPlainSocketImpl.java:350)
	at java.net.AbstractPlainSocketImpl.connectToAddress(AbstractPlainSocketImpl.java:206)
	at java.net.AbstractPlainSocketImpl.connect(AbstractPlainSocketImpl.java:188)
	at java.net.SocksSocketImpl.connect(SocksSocketImpl.java:392)
	at java.net.Socket.connect(Socket.java:607)
	at java.net.Socket.connect(Socket.java:556)
	at sun.net.NetworkClient.doConnect(NetworkClient.java:180)
	at sun.net.www.http.HttpClient.openServer(HttpClient.java:465)
	at sun.net.www.http.HttpClient.openServer(HttpClient.java:560)
	at sun.net.www.http.HttpClient.<init>(HttpClient.java:244)
	at sun.net.www.http.HttpClient.New(HttpClient.java:341)
	at sun.net.www.http.HttpClient.New(HttpClient.java:359)
	at sun.net.www.protocol.http.HttpURLConnection.getNewHttpClient(HttpURLConnection.java:1243)
	at sun.net.www.protocol.http.HttpURLConnection.plainConnect0(HttpURLConnection.java:1177)
	at sun.net.www.protocol.http.HttpURLConnection.plainConnect(HttpURLConnection.java:1071)
	at sun.net.www.protocol.http.HttpURLConnection.connect(HttpURLConnection.java:1005)
	at org.springframework.http.client.SimpleBufferingClientHttpRequest.executeInternal(SimpleBufferingClientHttpRequest.java:81)
	at org.springframework.http.client.AbstractBufferingClientHttpRequest.executeInternal(AbstractBufferingClientHttpRequest.java:48)
	at org.springframework.http.client.AbstractClientHttpRequest.execute(AbstractClientHttpRequest.java:53)
	at org.springframework.web.client.RestTemplate.doExecute(RestTemplate.java:568)
	... 91 more
Nested in org.springframework.web.client.ResourceAccessException: I/O error on GET request for "http://localhost:5555/cube/vw_stock_movements/facts?cut=movement:PCR_03%7Cfacility:CS61%7Cmovementdate:2025,05,21-2025,06,20":Connection refused (Connection refused); nested exception is java.net.ConnectException: Connection refused (Connection refused):
java.net.ConnectException: Connection refused (Connection refused)
	at java.net.PlainSocketImpl.socketConnect(Native Method)
	at java.net.AbstractPlainSocketImpl.doConnect(AbstractPlainSocketImpl.java:350)
	at java.net.AbstractPlainSocketImpl.connectToAddress(AbstractPlainSocketImpl.java:206)
	at java.net.AbstractPlainSocketImpl.connect(AbstractPlainSocketImpl.java:188)
	at java.net.SocksSocketImpl.connect(SocksSocketImpl.java:392)
	at java.net.Socket.connect(Socket.java:607)
	at java.net.Socket.connect(Socket.java:556)
	at sun.net.NetworkClient.doConnect(NetworkClient.java:180)
	at sun.net.www.http.HttpClient.openServer(HttpClient.java:465)
	at sun.net.www.http.HttpClient.openServer(HttpClient.java:560)
	at sun.net.www.http.HttpClient.<init>(HttpClient.java:244)
	at sun.net.www.http.HttpClient.New(HttpClient.java:341)
	at sun.net.www.http.HttpClient.New(HttpClient.java:359)
	at sun.net.www.protocol.http.HttpURLConnection.getNewHttpClient(HttpURLConnection.java:1243)
	at sun.net.www.protocol.http.HttpURLConnection.plainConnect0(HttpURLConnection.java:1177)
	at sun.net.www.protocol.http.HttpURLConnection.plainConnect(HttpURLConnection.java:1071)
	at sun.net.www.protocol.http.HttpURLConnection.connect(HttpURLConnection.java:1005)
	at org.springframework.http.client.SimpleBufferingClientHttpRequest.executeInternal(SimpleBufferingClientHttpRequest.java:81)
	at org.springframework.http.client.AbstractBufferingClientHttpRequest.executeInternal(AbstractBufferingClientHttpRequest.java:48)
	at org.springframework.http.client.AbstractClientHttpRequest.execute(AbstractClientHttpRequest.java:53)
	at org.springframework.web.client.RestTemplate.doExecute(RestTemplate.java:568)
	at org.springframework.web.client.RestTemplate.execute(RestTemplate.java:529)
	at org.springframework.web.client.RestTemplate.exchange(RestTemplate.java:447)
	at org.openlmis.web.controller.cubesreports.CubesReportProxy.redirect(CubesReportProxy.java:42)
	at org.openlmis.web.controller.cubesreports.CubesReportProxy.redirect(CubesReportProxy.java:35)
	at org.openlmis.web.controller.cubesreports.CubesReportProxy$$FastClassBySpringCGLIB$$3e5f49c0.invoke(<generated>)
	at org.springframework.cglib.proxy.MethodProxy.invoke(MethodProxy.java:204)
	at org.springframework.aop.framework.CglibAopProxy$CglibMethodInvocation.invokeJoinpoint(CglibAopProxy.java:717)
	at org.springframework.aop.framework.ReflectiveMethodInvocation.proceed(ReflectiveMethodInvocation.java:157)
	at org.springframework.aop.aspectj.AspectJAfterThrowingAdvice.invoke(AspectJAfterThrowingAdvice.java:58)
	at org.springframework.aop.framework.ReflectiveMethodInvocation.proceed(ReflectiveMethodInvocation.java:179)
	at org.springframework.aop.interceptor.ExposeInvocationInterceptor.invoke(ExposeInvocationInterceptor.java:92)
	at org.springframework.aop.framework.ReflectiveMethodInvocation.proceed(ReflectiveMethodInvocation.java:179)
	at org.springframework.aop.framework.CglibAopProxy$DynamicAdvisedInterceptor.intercept(CglibAopProxy.java:653)
	at org.openlmis.web.controller.cubesreports.CubesReportProxy$$EnhancerBySpringCGLIB$$6ea83960.redirect(<generated>)
	at org.openlmis.web.controller.cubesreports.CubesReportProxyController.redirect(CubesReportProxyController.java:24)
	at org.openlmis.web.controller.cubesreports.CubesReportProxyController$$FastClassBySpringCGLIB$$92ee597c.invoke(<generated>)
	at org.springframework.cglib.proxy.MethodProxy.invoke(MethodProxy.java:204)
	at org.springframework.aop.framework.CglibAopProxy$CglibMethodInvocation.invokeJoinpoint(CglibAopProxy.java:717)
	at org.springframework.aop.framework.ReflectiveMethodInvocation.proceed(ReflectiveMethodInvocation.java:157)
	at org.springframework.aop.aspectj.AspectJAfterThrowingAdvice.invoke(AspectJAfterThrowingAdvice.java:58)
	at org.springframework.aop.framework.ReflectiveMethodInvocation.proceed(ReflectiveMethodInvocation.java:179)
	at org.springframework.aop.interceptor.ExposeInvocationInterceptor.invoke(ExposeInvocationInterceptor.java:92)
	at org.springframework.aop.framework.ReflectiveMethodInvocation.proceed(ReflectiveMethodInvocation.java:179)
	at org.springframework.aop.framework.CglibAopProxy$DynamicAdvisedInterceptor.intercept(CglibAopProxy.java:653)
	at org.openlmis.web.controller.cubesreports.CubesReportProxyController$$EnhancerBySpringCGLIB$$cce76d9c.redirect(<generated>)
	at sun.reflect.NativeMethodAccessorImpl.invoke0(Native Method)
	at sun.reflect.NativeMethodAccessorImpl.invoke(NativeMethodAccessorImpl.java:62)
	at sun.reflect.DelegatingMethodAccessorImpl.invoke(DelegatingMethodAccessorImpl.java:43)
	at java.lang.reflect.Method.invoke(Method.java:498)
	at org.springframework.web.method.support.InvocableHandlerMethod.doInvoke(InvocableHandlerMethod.java:221)
	at org.springframework.web.method.support.InvocableHandlerMethod.invokeForRequest(InvocableHandlerMethod.java:137)
	at org.springframework.web.servlet.mvc.method.annotation.ServletInvocableHandlerMethod.invokeAndHandle(ServletInvocableHandlerMethod.java:110)
	at org.springframework.web.servlet.mvc.method.annotation.RequestMappingHandlerAdapter.invokeHandleMethod(RequestMappingHandlerAdapter.java:777)
	at org.springframework.web.servlet.mvc.method.annotation.RequestMappingHandlerAdapter.handleInternal(RequestMappingHandlerAdapter.java:706)
	at org.springframework.web.servlet.mvc.method.AbstractHandlerMethodAdapter.handle(AbstractHandlerMethodAdapter.java:85)
	at org.springframework.web.servlet.DispatcherServlet.doDispatch(DispatcherServlet.java:943)
	at org.springframework.web.servlet.DispatcherServlet.doService(DispatcherServlet.java:877)
	at org.springframework.web.servlet.FrameworkServlet.processRequest(FrameworkServlet.java:966)
	at org.springframework.web.servlet.FrameworkServlet.doGet(FrameworkServlet.java:857)
	at javax.servlet.http.HttpServlet.service(HttpServlet.java:707)
	at org.springframework.web.servlet.FrameworkServlet.service(FrameworkServlet.java:842)
	at javax.servlet.http.HttpServlet.service(HttpServlet.java:820)
	at org.mortbay.jetty.servlet.ServletHolder.handle(ServletHolder.java:511)
	at org.mortbay.jetty.servlet.ServletHandler$CachedChain.doFilter(ServletHandler.java:1221)
	at org.springframework.security.web.FilterChainProxy$VirtualFilterChain.doFilter(FilterChainProxy.java:330)
	at org.springframework.security.web.access.intercept.FilterSecurityInterceptor.invoke(FilterSecurityInterceptor.java:118)
	at org.springframework.security.web.access.intercept.FilterSecurityInterceptor.doFilter(FilterSecurityInterceptor.java:84)
	at org.springframework.security.web.FilterChainProxy$VirtualFilterChain.doFilter(FilterChainProxy.java:342)
	at org.springframework.security.web.access.ExceptionTranslationFilter.doFilter(ExceptionTranslationFilter.java:113)
	at org.springframework.security.web.FilterChainProxy$VirtualFilterChain.doFilter(FilterChainProxy.java:342)
	at org.springframework.security.web.session.SessionManagementFilter.doFilter(SessionManagementFilter.java:103)
	at org.springframework.security.web.FilterChainProxy$VirtualFilterChain.doFilter(FilterChainProxy.java:342)
	at org.springframework.security.web.authentication.AnonymousAuthenticationFilter.doFilter(AnonymousAuthenticationFilter.java:113)
	at org.springframework.security.web.FilterChainProxy$VirtualFilterChain.doFilter(FilterChainProxy.java:342)
	at org.springframework.security.web.servletapi.SecurityContextHolderAwareRequestFilter.doFilter(SecurityContextHolderAwareRequestFilter.java:154)
	at org.springframework.security.web.FilterChainProxy$VirtualFilterChain.doFilter(FilterChainProxy.java:342)
	at org.springframework.security.web.savedrequest.RequestCacheAwareFilter.doFilter(RequestCacheAwareFilter.java:45)
	at org.springframework.security.web.FilterChainProxy$VirtualFilterChain.doFilter(FilterChainProxy.java:342)
	at org.springframework.security.web.authentication.AbstractAuthenticationProcessingFilter.doFilter(AbstractAuthenticationProcessingFilter.java:199)
	at org.springframework.security.web.FilterChainProxy$VirtualFilterChain.doFilter(FilterChainProxy.java:342)
	at org.springframework.security.web.authentication.logout.LogoutFilter.doFilter(LogoutFilter.java:110)
	at org.springframework.security.web.FilterChainProxy$VirtualFilterChain.doFilter(FilterChainProxy.java:342)
	at org.springframework.security.web.session.ConcurrentSessionFilter.doFilter(ConcurrentSessionFilter.java:125)
	at org.springframework.security.web.FilterChainProxy$VirtualFilterChain.doFilter(FilterChainProxy.java:342)
	at org.springframework.security.web.context.SecurityContextPersistenceFilter.doFilter(SecurityContextPersistenceFilter.java:87)
	at org.springframework.security.web.FilterChainProxy$VirtualFilterChain.doFilter(FilterChainProxy.java:342)
	at org.springframework.security.web.access.channel.ChannelProcessingFilter.doFilter(ChannelProcessingFilter.java:144)
	at org.springframework.security.web.FilterChainProxy$VirtualFilterChain.doFilter(FilterChainProxy.java:342)
	at org.springframework.security.web.FilterChainProxy.doFilterInternal(FilterChainProxy.java:192)
	at org.springframework.security.web.FilterChainProxy.doFilter(FilterChainProxy.java:160)
	at org.springframework.web.filter.DelegatingFilterProxy.invokeDelegate(DelegatingFilterProxy.java:344)
	at org.springframework.web.filter.DelegatingFilterProxy.doFilter(DelegatingFilterProxy.java:261)
	at org.mortbay.jetty.servlet.ServletHandler$CachedChain.doFilter(ServletHandler.java:1212)
	at org.openlmis.web.filter.ForwardedProtoFilter.doFilter(ForwardedProtoFilter.java:31)
	at org.mortbay.jetty.servlet.ServletHandler$CachedChain.doFilter(ServletHandler.java:1212)
	at org.mortbay.jetty.servlet.ServletHandler.handle(ServletHandler.java:399)
	at org.mortbay.jetty.security.SecurityHandler.handle(SecurityHandler.java:216)
	at org.mortbay.jetty.servlet.SessionHandler.handle(SessionHandler.java:182)
	at org.mortbay.jetty.handler.ContextHandler.handle(ContextHandler.java:766)
	at org.mortbay.jetty.webapp.WebAppContext.handle(WebAppContext.java:450)
	at org.mortbay.jetty.handler.ContextHandlerCollection.handle(ContextHandlerCollection.java:230)
	at org.mortbay.jetty.handler.HandlerCollection.handle(HandlerCollection.java:114)
	at org.mortbay.jetty.handler.HandlerWrapper.handle(HandlerWrapper.java:152)
	at org.mortbay.jetty.Server.handle(Server.java:326)
	at org.mortbay.jetty.HttpConnection.handleRequest(HttpConnection.java:542)
	at org.mortbay.jetty.HttpConnection$RequestHandler.headerComplete(HttpConnection.java:928)
	at org.mortbay.jetty.HttpParser.parseNext(HttpParser.java:549)
	at org.mortbay.jetty.HttpParser.parseAvailable(HttpParser.java:212)
	at org.mortbay.jetty.HttpConnection.handle(HttpConnection.java:404)
	at org.mortbay.io.nio.SelectChannelEndPoint.run(SelectChannelEndPoint.java:410)
	at org.mortbay.thread.QueuedThreadPool$PoolThread.run(QueuedThreadPool.java:582)
/cubesreports/cube/vw_sync_time/facts
org.springframework.web.client.ResourceAccessException: I/O error on GET request for "http://localhost:5555/cube/vw_sync_time/facts":Connection refused (Connection refused); nested exception is java.net.ConnectException: Connection refused (Connection refused)
	at org.springframework.web.client.RestTemplate.doExecute(RestTemplate.java:584)
	at org.springframework.web.client.RestTemplate.execute(RestTemplate.java:529)
	at org.springframework.web.client.RestTemplate.exchange(RestTemplate.java:447)
	at org.openlmis.web.controller.cubesreports.CubesReportProxy.redirect(CubesReportProxy.java:42)
	at org.openlmis.web.controller.cubesreports.CubesReportProxy.redirect(CubesReportProxy.java:35)
	at org.openlmis.web.controller.cubesreports.CubesReportProxy$$FastClassBySpringCGLIB$$3e5f49c0.invoke(<generated>)
	at org.springframework.cglib.proxy.MethodProxy.invoke(MethodProxy.java:204)
	at org.springframework.aop.framework.CglibAopProxy$CglibMethodInvocation.invokeJoinpoint(CglibAopProxy.java:717)
	at org.springframework.aop.framework.ReflectiveMethodInvocation.proceed(ReflectiveMethodInvocation.java:157)
	at org.springframework.aop.aspectj.AspectJAfterThrowingAdvice.invoke(AspectJAfterThrowingAdvice.java:58)
	at org.springframework.aop.framework.ReflectiveMethodInvocation.proceed(ReflectiveMethodInvocation.java:179)
	at org.springframework.aop.interceptor.ExposeInvocationInterceptor.invoke(ExposeInvocationInterceptor.java:92)
	at org.springframework.aop.framework.ReflectiveMethodInvocation.proceed(ReflectiveMethodInvocation.java:179)
	at org.springframework.aop.framework.CglibAopProxy$DynamicAdvisedInterceptor.intercept(CglibAopProxy.java:653)
	at org.openlmis.web.controller.cubesreports.CubesReportProxy$$EnhancerBySpringCGLIB$$6ea83960.redirect(<generated>)
	at org.openlmis.web.controller.cubesreports.CubesReportProxyController.redirect(CubesReportProxyController.java:24)
	at org.openlmis.web.controller.cubesreports.CubesReportProxyController$$FastClassBySpringCGLIB$$92ee597c.invoke(<generated>)
	at org.springframework.cglib.proxy.MethodProxy.invoke(MethodProxy.java:204)
	at org.springframework.aop.framework.CglibAopProxy$CglibMethodInvocation.invokeJoinpoint(CglibAopProxy.java:717)
	at org.springframework.aop.framework.ReflectiveMethodInvocation.proceed(ReflectiveMethodInvocation.java:157)
	at org.springframework.aop.aspectj.AspectJAfterThrowingAdvice.invoke(AspectJAfterThrowingAdvice.java:58)
	at org.springframework.aop.framework.ReflectiveMethodInvocation.proceed(ReflectiveMethodInvocation.java:179)
	at org.springframework.aop.interceptor.ExposeInvocationInterceptor.invoke(ExposeInvocationInterceptor.java:92)
	at org.springframework.aop.framework.ReflectiveMethodInvocation.proceed(ReflectiveMethodInvocation.java:179)
	at org.springframework.aop.framework.CglibAopProxy$DynamicAdvisedInterceptor.intercept(CglibAopProxy.java:653)
	at org.openlmis.web.controller.cubesreports.CubesReportProxyController$$EnhancerBySpringCGLIB$$cce76d9c.redirect(<generated>)
	at sun.reflect.NativeMethodAccessorImpl.invoke0(Native Method)
	at sun.reflect.NativeMethodAccessorImpl.invoke(NativeMethodAccessorImpl.java:62)
	at sun.reflect.DelegatingMethodAccessorImpl.invoke(DelegatingMethodAccessorImpl.java:43)
	at java.lang.reflect.Method.invoke(Method.java:498)
	at org.springframework.web.method.support.InvocableHandlerMethod.doInvoke(InvocableHandlerMethod.java:221)
	at org.springframework.web.method.support.InvocableHandlerMethod.invokeForRequest(InvocableHandlerMethod.java:137)
	at org.springframework.web.servlet.mvc.method.annotation.ServletInvocableHandlerMethod.invokeAndHandle(ServletInvocableHandlerMethod.java:110)
	at org.springframework.web.servlet.mvc.method.annotation.RequestMappingHandlerAdapter.invokeHandleMethod(RequestMappingHandlerAdapter.java:777)
	at org.springframework.web.servlet.mvc.method.annotation.RequestMappingHandlerAdapter.handleInternal(RequestMappingHandlerAdapter.java:706)
	at org.springframework.web.servlet.mvc.method.AbstractHandlerMethodAdapter.handle(AbstractHandlerMethodAdapter.java:85)
	at org.springframework.web.servlet.DispatcherServlet.doDispatch(DispatcherServlet.java:943)
	at org.springframework.web.servlet.DispatcherServlet.doService(DispatcherServlet.java:877)
	at org.springframework.web.servlet.FrameworkServlet.processRequest(FrameworkServlet.java:966)
	at org.springframework.web.servlet.FrameworkServlet.doGet(FrameworkServlet.java:857)
	at javax.servlet.http.HttpServlet.service(HttpServlet.java:707)
	at org.springframework.web.servlet.FrameworkServlet.service(FrameworkServlet.java:842)
	at javax.servlet.http.HttpServlet.service(HttpServlet.java:820)
	at org.mortbay.jetty.servlet.ServletHolder.handle(ServletHolder.java:511)
	at org.mortbay.jetty.servlet.ServletHandler$CachedChain.doFilter(ServletHandler.java:1221)
	at org.springframework.security.web.FilterChainProxy$VirtualFilterChain.doFilter(FilterChainProxy.java:330)
	at org.springframework.security.web.access.intercept.FilterSecurityInterceptor.invoke(FilterSecurityInterceptor.java:118)
	at org.springframework.security.web.access.intercept.FilterSecurityInterceptor.doFilter(FilterSecurityInterceptor.java:84)
	at org.springframework.security.web.FilterChainProxy$VirtualFilterChain.doFilter(FilterChainProxy.java:342)
	at org.springframework.security.web.access.ExceptionTranslationFilter.doFilter(ExceptionTranslationFilter.java:113)
	at org.springframework.security.web.FilterChainProxy$VirtualFilterChain.doFilter(FilterChainProxy.java:342)
	at org.springframework.security.web.session.SessionManagementFilter.doFilter(SessionManagementFilter.java:103)
	at org.springframework.security.web.FilterChainProxy$VirtualFilterChain.doFilter(FilterChainProxy.java:342)
	at org.springframework.security.web.authentication.AnonymousAuthenticationFilter.doFilter(AnonymousAuthenticationFilter.java:113)
	at org.springframework.security.web.FilterChainProxy$VirtualFilterChain.doFilter(FilterChainProxy.java:342)
	at org.springframework.security.web.servletapi.SecurityContextHolderAwareRequestFilter.doFilter(SecurityContextHolderAwareRequestFilter.java:154)
	at org.springframework.security.web.FilterChainProxy$VirtualFilterChain.doFilter(FilterChainProxy.java:342)
	at org.springframework.security.web.savedrequest.RequestCacheAwareFilter.doFilter(RequestCacheAwareFilter.java:45)
	at org.springframework.security.web.FilterChainProxy$VirtualFilterChain.doFilter(FilterChainProxy.java:342)
	at org.springframework.security.web.authentication.AbstractAuthenticationProcessingFilter.doFilter(AbstractAuthenticationProcessingFilter.java:199)
	at org.springframework.security.web.FilterChainProxy$VirtualFilterChain.doFilter(FilterChainProxy.java:342)
	at org.springframework.security.web.authentication.logout.LogoutFilter.doFilter(LogoutFilter.java:110)
	at org.springframework.security.web.FilterChainProxy$VirtualFilterChain.doFilter(FilterChainProxy.java:342)
	at org.springframework.security.web.session.ConcurrentSessionFilter.doFilter(ConcurrentSessionFilter.java:125)
	at org.springframework.security.web.FilterChainProxy$VirtualFilterChain.doFilter(FilterChainProxy.java:342)
	at org.springframework.security.web.context.SecurityContextPersistenceFilter.doFilter(SecurityContextPersistenceFilter.java:87)
	at org.springframework.security.web.FilterChainProxy$VirtualFilterChain.doFilter(FilterChainProxy.java:342)
	at org.springframework.security.web.access.channel.ChannelProcessingFilter.doFilter(ChannelProcessingFilter.java:144)
	at org.springframework.security.web.FilterChainProxy$VirtualFilterChain.doFilter(FilterChainProxy.java:342)
	at org.springframework.security.web.FilterChainProxy.doFilterInternal(FilterChainProxy.java:192)
	at org.springframework.security.web.FilterChainProxy.doFilter(FilterChainProxy.java:160)
	at org.springframework.web.filter.DelegatingFilterProxy.invokeDelegate(DelegatingFilterProxy.java:344)
	at org.springframework.web.filter.DelegatingFilterProxy.doFilter(DelegatingFilterProxy.java:261)
	at org.mortbay.jetty.servlet.ServletHandler$CachedChain.doFilter(ServletHandler.java:1212)
	at org.openlmis.web.filter.ForwardedProtoFilter.doFilter(ForwardedProtoFilter.java:31)
	at org.mortbay.jetty.servlet.ServletHandler$CachedChain.doFilter(ServletHandler.java:1212)
	at org.mortbay.jetty.servlet.ServletHandler.handle(ServletHandler.java:399)
	at org.mortbay.jetty.security.SecurityHandler.handle(SecurityHandler.java:216)
	at org.mortbay.jetty.servlet.SessionHandler.handle(SessionHandler.java:182)
	at org.mortbay.jetty.handler.ContextHandler.handle(ContextHandler.java:766)
	at org.mortbay.jetty.webapp.WebAppContext.handle(WebAppContext.java:450)
	at org.mortbay.jetty.handler.ContextHandlerCollection.handle(ContextHandlerCollection.java:230)
	at org.mortbay.jetty.handler.HandlerCollection.handle(HandlerCollection.java:114)
	at org.mortbay.jetty.handler.HandlerWrapper.handle(HandlerWrapper.java:152)
	at org.mortbay.jetty.Server.handle(Server.java:326)
	at org.mortbay.jetty.HttpConnection.handleRequest(HttpConnection.java:542)
	at org.mortbay.jetty.HttpConnection$RequestHandler.headerComplete(HttpConnection.java:928)
	at org.mortbay.jetty.HttpParser.parseNext(HttpParser.java:549)
	at org.mortbay.jetty.HttpParser.parseAvailable(HttpParser.java:212)
	at org.mortbay.jetty.HttpConnection.handle(HttpConnection.java:404)
	at org.mortbay.io.nio.SelectChannelEndPoint.run(SelectChannelEndPoint.java:410)
	at org.mortbay.thread.QueuedThreadPool$PoolThread.run(QueuedThreadPool.java:582)
Caused by: java.net.ConnectException: Connection refused (Connection refused)
	at java.net.PlainSocketImpl.socketConnect(Native Method)
	at java.net.AbstractPlainSocketImpl.doConnect(AbstractPlainSocketImpl.java:350)
	at java.net.AbstractPlainSocketImpl.connectToAddress(AbstractPlainSocketImpl.java:206)
	at java.net.AbstractPlainSocketImpl.connect(AbstractPlainSocketImpl.java:188)
	at java.net.SocksSocketImpl.connect(SocksSocketImpl.java:392)
	at java.net.Socket.connect(Socket.java:607)
	at java.net.Socket.connect(Socket.java:556)
	at sun.net.NetworkClient.doConnect(NetworkClient.java:180)
	at sun.net.www.http.HttpClient.openServer(HttpClient.java:465)
	at sun.net.www.http.HttpClient.openServer(HttpClient.java:560)
	at sun.net.www.http.HttpClient.<init>(HttpClient.java:244)
	at sun.net.www.http.HttpClient.New(HttpClient.java:341)
	at sun.net.www.http.HttpClient.New(HttpClient.java:359)
	at sun.net.www.protocol.http.HttpURLConnection.getNewHttpClient(HttpURLConnection.java:1243)
	at sun.net.www.protocol.http.HttpURLConnection.plainConnect0(HttpURLConnection.java:1177)
	at sun.net.www.protocol.http.HttpURLConnection.plainConnect(HttpURLConnection.java:1071)
	at sun.net.www.protocol.http.HttpURLConnection.connect(HttpURLConnection.java:1005)
	at org.springframework.http.client.SimpleBufferingClientHttpRequest.executeInternal(SimpleBufferingClientHttpRequest.java:81)
	at org.springframework.http.client.AbstractBufferingClientHttpRequest.executeInternal(AbstractBufferingClientHttpRequest.java:48)
	at org.springframework.http.client.AbstractClientHttpRequest.execute(AbstractClientHttpRequest.java:53)
	at org.springframework.web.client.RestTemplate.doExecute(RestTemplate.java:568)
	... 91 more
Nested in org.springframework.web.client.ResourceAccessException: I/O error on GET request for "http://localhost:5555/cube/vw_sync_time/facts":Connection refused (Connection refused); nested exception is java.net.ConnectException: Connection refused (Connection refused):
java.net.ConnectException: Connection refused (Connection refused)
	at java.net.PlainSocketImpl.socketConnect(Native Method)
	at java.net.AbstractPlainSocketImpl.doConnect(AbstractPlainSocketImpl.java:350)
	at java.net.AbstractPlainSocketImpl.connectToAddress(AbstractPlainSocketImpl.java:206)
	at java.net.AbstractPlainSocketImpl.connect(AbstractPlainSocketImpl.java:188)
	at java.net.SocksSocketImpl.connect(SocksSocketImpl.java:392)
	at java.net.Socket.connect(Socket.java:607)
	at java.net.Socket.connect(Socket.java:556)
	at sun.net.NetworkClient.doConnect(NetworkClient.java:180)
	at sun.net.www.http.HttpClient.openServer(HttpClient.java:465)
	at sun.net.www.http.HttpClient.openServer(HttpClient.java:560)
	at sun.net.www.http.HttpClient.<init>(HttpClient.java:244)
	at sun.net.www.http.HttpClient.New(HttpClient.java:341)
	at sun.net.www.http.HttpClient.New(HttpClient.java:359)
	at sun.net.www.protocol.http.HttpURLConnection.getNewHttpClient(HttpURLConnection.java:1243)
	at sun.net.www.protocol.http.HttpURLConnection.plainConnect0(HttpURLConnection.java:1177)
	at sun.net.www.protocol.http.HttpURLConnection.plainConnect(HttpURLConnection.java:1071)
	at sun.net.www.protocol.http.HttpURLConnection.connect(HttpURLConnection.java:1005)
	at org.springframework.http.client.SimpleBufferingClientHttpRequest.executeInternal(SimpleBufferingClientHttpRequest.java:81)
	at org.springframework.http.client.AbstractBufferingClientHttpRequest.executeInternal(AbstractBufferingClientHttpRequest.java:48)
	at org.springframework.http.client.AbstractClientHttpRequest.execute(AbstractClientHttpRequest.java:53)
	at org.springframework.web.client.RestTemplate.doExecute(RestTemplate.java:568)
	at org.springframework.web.client.RestTemplate.execute(RestTemplate.java:529)
	at org.springframework.web.client.RestTemplate.exchange(RestTemplate.java:447)
	at org.openlmis.web.controller.cubesreports.CubesReportProxy.redirect(CubesReportProxy.java:42)
	at org.openlmis.web.controller.cubesreports.CubesReportProxy.redirect(CubesReportProxy.java:35)
	at org.openlmis.web.controller.cubesreports.CubesReportProxy$$FastClassBySpringCGLIB$$3e5f49c0.invoke(<generated>)
	at org.springframework.cglib.proxy.MethodProxy.invoke(MethodProxy.java:204)
	at org.springframework.aop.framework.CglibAopProxy$CglibMethodInvocation.invokeJoinpoint(CglibAopProxy.java:717)
	at org.springframework.aop.framework.ReflectiveMethodInvocation.proceed(ReflectiveMethodInvocation.java:157)
	at org.springframework.aop.aspectj.AspectJAfterThrowingAdvice.invoke(AspectJAfterThrowingAdvice.java:58)
	at org.springframework.aop.framework.ReflectiveMethodInvocation.proceed(ReflectiveMethodInvocation.java:179)
	at org.springframework.aop.interceptor.ExposeInvocationInterceptor.invoke(ExposeInvocationInterceptor.java:92)
	at org.springframework.aop.framework.ReflectiveMethodInvocation.proceed(ReflectiveMethodInvocation.java:179)
	at org.springframework.aop.framework.CglibAopProxy$DynamicAdvisedInterceptor.intercept(CglibAopProxy.java:653)
	at org.openlmis.web.controller.cubesreports.CubesReportProxy$$EnhancerBySpringCGLIB$$6ea83960.redirect(<generated>)
	at org.openlmis.web.controller.cubesreports.CubesReportProxyController.redirect(CubesReportProxyController.java:24)
	at org.openlmis.web.controller.cubesreports.CubesReportProxyController$$FastClassBySpringCGLIB$$92ee597c.invoke(<generated>)
	at org.springframework.cglib.proxy.MethodProxy.invoke(MethodProxy.java:204)
	at org.springframework.aop.framework.CglibAopProxy$CglibMethodInvocation.invokeJoinpoint(CglibAopProxy.java:717)
	at org.springframework.aop.framework.ReflectiveMethodInvocation.proceed(ReflectiveMethodInvocation.java:157)
	at org.springframework.aop.aspectj.AspectJAfterThrowingAdvice.invoke(AspectJAfterThrowingAdvice.java:58)
	at org.springframework.aop.framework.ReflectiveMethodInvocation.proceed(ReflectiveMethodInvocation.java:179)
	at org.springframework.aop.interceptor.ExposeInvocationInterceptor.invoke(ExposeInvocationInterceptor.java:92)
	at org.springframework.aop.framework.ReflectiveMethodInvocation.proceed(ReflectiveMethodInvocation.java:179)
	at org.springframework.aop.framework.CglibAopProxy$DynamicAdvisedInterceptor.intercept(CglibAopProxy.java:653)
	at org.openlmis.web.controller.cubesreports.CubesReportProxyController$$EnhancerBySpringCGLIB$$cce76d9c.redirect(<generated>)
	at sun.reflect.NativeMethodAccessorImpl.invoke0(Native Method)
	at sun.reflect.NativeMethodAccessorImpl.invoke(NativeMethodAccessorImpl.java:62)
	at sun.reflect.DelegatingMethodAccessorImpl.invoke(DelegatingMethodAccessorImpl.java:43)
	at java.lang.reflect.Method.invoke(Method.java:498)
	at org.springframework.web.method.support.InvocableHandlerMethod.doInvoke(InvocableHandlerMethod.java:221)
	at org.springframework.web.method.support.InvocableHandlerMethod.invokeForRequest(InvocableHandlerMethod.java:137)
	at org.springframework.web.servlet.mvc.method.annotation.ServletInvocableHandlerMethod.invokeAndHandle(ServletInvocableHandlerMethod.java:110)
	at org.springframework.web.servlet.mvc.method.annotation.RequestMappingHandlerAdapter.invokeHandleMethod(RequestMappingHandlerAdapter.java:777)
	at org.springframework.web.servlet.mvc.method.annotation.RequestMappingHandlerAdapter.handleInternal(RequestMappingHandlerAdapter.java:706)
	at org.springframework.web.servlet.mvc.method.AbstractHandlerMethodAdapter.handle(AbstractHandlerMethodAdapter.java:85)
	at org.springframework.web.servlet.DispatcherServlet.doDispatch(DispatcherServlet.java:943)
	at org.springframework.web.servlet.DispatcherServlet.doService(DispatcherServlet.java:877)
	at org.springframework.web.servlet.FrameworkServlet.processRequest(FrameworkServlet.java:966)
	at org.springframework.web.servlet.FrameworkServlet.doGet(FrameworkServlet.java:857)
	at javax.servlet.http.HttpServlet.service(HttpServlet.java:707)
	at org.springframework.web.servlet.FrameworkServlet.service(FrameworkServlet.java:842)
	at javax.servlet.http.HttpServlet.service(HttpServlet.java:820)
	at org.mortbay.jetty.servlet.ServletHolder.handle(ServletHolder.java:511)
	at org.mortbay.jetty.servlet.ServletHandler$CachedChain.doFilter(ServletHandler.java:1221)
	at org.springframework.security.web.FilterChainProxy$VirtualFilterChain.doFilter(FilterChainProxy.java:330)
	at org.springframework.security.web.access.intercept.FilterSecurityInterceptor.invoke(FilterSecurityInterceptor.java:118)
	at org.springframework.security.web.access.intercept.FilterSecurityInterceptor.doFilter(FilterSecurityInterceptor.java:84)
	at org.springframework.security.web.FilterChainProxy$VirtualFilterChain.doFilter(FilterChainProxy.java:342)
	at org.springframework.security.web.access.ExceptionTranslationFilter.doFilter(ExceptionTranslationFilter.java:113)
	at org.springframework.security.web.FilterChainProxy$VirtualFilterChain.doFilter(FilterChainProxy.java:342)
	at org.springframework.security.web.session.SessionManagementFilter.doFilter(SessionManagementFilter.java:103)
	at org.springframework.security.web.FilterChainProxy$VirtualFilterChain.doFilter(FilterChainProxy.java:342)
	at org.springframework.security.web.authentication.AnonymousAuthenticationFilter.doFilter(AnonymousAuthenticationFilter.java:113)
	at org.springframework.security.web.FilterChainProxy$VirtualFilterChain.doFilter(FilterChainProxy.java:342)
	at org.springframework.security.web.servletapi.SecurityContextHolderAwareRequestFilter.doFilter(SecurityContextHolderAwareRequestFilter.java:154)
	at org.springframework.security.web.FilterChainProxy$VirtualFilterChain.doFilter(FilterChainProxy.java:342)
	at org.springframework.security.web.savedrequest.RequestCacheAwareFilter.doFilter(RequestCacheAwareFilter.java:45)
	at org.springframework.security.web.FilterChainProxy$VirtualFilterChain.doFilter(FilterChainProxy.java:342)
	at org.springframework.security.web.authentication.AbstractAuthenticationProcessingFilter.doFilter(AbstractAuthenticationProcessingFilter.java:199)
	at org.springframework.security.web.FilterChainProxy$VirtualFilterChain.doFilter(FilterChainProxy.java:342)
	at org.springframework.security.web.authentication.logout.LogoutFilter.doFilter(LogoutFilter.java:110)
	at org.springframework.security.web.FilterChainProxy$VirtualFilterChain.doFilter(FilterChainProxy.java:342)
	at org.springframework.security.web.session.ConcurrentSessionFilter.doFilter(ConcurrentSessionFilter.java:125)
	at org.springframework.security.web.FilterChainProxy$VirtualFilterChain.doFilter(FilterChainProxy.java:342)
	at org.springframework.security.web.context.SecurityContextPersistenceFilter.doFilter(SecurityContextPersistenceFilter.java:87)
	at org.springframework.security.web.FilterChainProxy$VirtualFilterChain.doFilter(FilterChainProxy.java:342)
	at org.springframework.security.web.access.channel.ChannelProcessingFilter.doFilter(ChannelProcessingFilter.java:144)
	at org.springframework.security.web.FilterChainProxy$VirtualFilterChain.doFilter(FilterChainProxy.java:342)
	at org.springframework.security.web.FilterChainProxy.doFilterInternal(FilterChainProxy.java:192)
	at org.springframework.security.web.FilterChainProxy.doFilter(FilterChainProxy.java:160)
	at org.springframework.web.filter.DelegatingFilterProxy.invokeDelegate(DelegatingFilterProxy.java:344)
	at org.springframework.web.filter.DelegatingFilterProxy.doFilter(DelegatingFilterProxy.java:261)
	at org.mortbay.jetty.servlet.ServletHandler$CachedChain.doFilter(ServletHandler.java:1212)
	at org.openlmis.web.filter.ForwardedProtoFilter.doFilter(ForwardedProtoFilter.java:31)
	at org.mortbay.jetty.servlet.ServletHandler$CachedChain.doFilter(ServletHandler.java:1212)
	at org.mortbay.jetty.servlet.ServletHandler.handle(ServletHandler.java:399)
	at org.mortbay.jetty.security.SecurityHandler.handle(SecurityHandler.java:216)
	at org.mortbay.jetty.servlet.SessionHandler.handle(SessionHandler.java:182)
	at org.mortbay.jetty.handler.ContextHandler.handle(ContextHandler.java:766)
	at org.mortbay.jetty.webapp.WebAppContext.handle(WebAppContext.java:450)
	at org.mortbay.jetty.handler.ContextHandlerCollection.handle(ContextHandlerCollection.java:230)
	at org.mortbay.jetty.handler.HandlerCollection.handle(HandlerCollection.java:114)
	at org.mortbay.jetty.handler.HandlerWrapper.handle(HandlerWrapper.java:152)
	at org.mortbay.jetty.Server.handle(Server.java:326)
	at org.mortbay.jetty.HttpConnection.handleRequest(HttpConnection.java:542)
	at org.mortbay.jetty.HttpConnection$RequestHandler.headerComplete(HttpConnection.java:928)
	at org.mortbay.jetty.HttpParser.parseNext(HttpParser.java:549)
	at org.mortbay.jetty.HttpParser.parseAvailable(HttpParser.java:212)
	at org.mortbay.jetty.HttpConnection.handle(HttpConnection.java:404)
	at org.mortbay.io.nio.SelectChannelEndPoint.run(SelectChannelEndPoint.java:410)
	at org.mortbay.thread.QueuedThreadPool$PoolThread.run(QueuedThreadPool.java:582)
Cannot accept connection from remote address /91.134.73.230.
Cannot accept connection from remote address /91.134.73.230.
Cannot accept connection from remote address /91.134.73.230.
Cannot accept connection from remote address /91.134.73.230.
Cannot accept connection from remote address /91.134.73.230.
Cannot accept connection from remote address /91.134.73.230.
Cannot accept connection from remote address /91.134.73.230.
Cannot accept connection from remote address /91.134.73.230.
Cannot accept connection from remote address /91.134.73.230.
Cannot accept connection from remote address /91.134.73.230.
Cannot accept connection from remote address /45.227.254.156.
Cannot accept connection from remote address /194.165.16.167.
Cannot accept connection from remote address /45.227.254.155.
Cannot accept connection from remote address /91.238.181.93.
Cannot accept connection from remote address /91.238.181.94.
Cannot accept connection from remote address /194.165.16.163.
Cannot accept connection from remote address /194.165.16.162.
Cannot accept connection from remote address /207.90.244.18.
Cannot accept connection from remote address /194.165.16.166.
Cannot accept connection from remote address /194.165.16.162.
Cannot accept connection from remote address /194.165.16.163.
Cannot accept connection from remote address /194.165.16.166.
Cannot accept connection from remote address /88.214.25.124.
Cannot accept connection from remote address /91.238.181.95.
Cannot accept connection from remote address /194.165.16.166.
Cannot accept connection from remote address /194.165.16.162.
Cannot accept connection from remote address /194.165.16.166.
Cannot accept connection from remote address /194.180.49.111.
Cannot accept connection from remote address /194.165.16.164.
Cannot accept connection from remote address /149.50.110.82.
Cannot accept connection from remote address /88.214.25.124.
Cannot accept connection from remote address /88.214.25.124.
Cannot accept connection from remote address /45.227.254.156.
/j_spring_security_check
org.mybatis.spring.MyBatisSystemException: nested exception is org.apache.ibatis.exceptions.PersistenceException: 
### Error querying database.  Cause: org.springframework.jdbc.CannotGetJdbcConnectionException: Could not get JDBC Connection; nested exception is java.sql.SQLException: Connections could not be acquired from the underlying database!
### The error may exist in org/openlmis/core/repository/mapper/UserMapper.java (best guess)
### The error may involve org.openlmis.core.repository.mapper.UserMapper.selectUserByUserNameAndPassword
### The error occurred while executing a query
### Cause: org.springframework.jdbc.CannotGetJdbcConnectionException: Could not get JDBC Connection; nested exception is java.sql.SQLException: Connections could not be acquired from the underlying database!
	at org.mybatis.spring.MyBatisExceptionTranslator.translateExceptionIfPossible(MyBatisExceptionTranslator.java:79)
	at org.mybatis.spring.SqlSessionTemplate$SqlSessionInterceptor.invoke(SqlSessionTemplate.java:447)
	at com.sun.proxy.$Proxy126.selectOne(Unknown Source)
	at org.mybatis.spring.SqlSessionTemplate.selectOne(SqlSessionTemplate.java:167)
	at org.apache.ibatis.binding.MapperMethod.execute(MapperMethod.java:82)
	at org.apache.ibatis.binding.MapperProxy.invoke(MapperProxy.java:59)
	at com.sun.proxy.$Proxy147.selectUserByUserNameAndPassword(Unknown Source)
	at sun.reflect.GeneratedMethodAccessor725.invoke(Unknown Source)
	at sun.reflect.DelegatingMethodAccessorImpl.invoke(DelegatingMethodAccessorImpl.java:43)
	at java.lang.reflect.Method.invoke(Method.java:498)
	at org.springframework.aop.support.AopUtils.invokeJoinpointUsingReflection(AopUtils.java:317)
	at org.springframework.aop.framework.ReflectiveMethodInvocation.invokeJoinpoint(ReflectiveMethodInvocation.java:190)
	at org.springframework.aop.framework.ReflectiveMethodInvocation.proceed(ReflectiveMethodInvocation.java:157)
	at org.springframework.aop.aspectj.AspectJAfterThrowingAdvice.invoke(AspectJAfterThrowingAdvice.java:58)
	at org.springframework.aop.framework.ReflectiveMethodInvocation.proceed(ReflectiveMethodInvocation.java:179)
	at org.springframework.aop.interceptor.ExposeInvocationInterceptor.invoke(ExposeInvocationInterceptor.java:92)
	at org.springframework.aop.framework.ReflectiveMethodInvocation.proceed(ReflectiveMethodInvocation.java:179)
	at org.springframework.aop.framework.JdkDynamicAopProxy.invoke(JdkDynamicAopProxy.java:207)
	at com.sun.proxy.$Proxy148.selectUserByUserNameAndPassword(Unknown Source)
	at org.openlmis.core.repository.UserRepository.selectUserByUserNameAndPassword(UserRepository.java:131)
	at org.openlmis.core.repository.UserRepository$$FastClassBySpringCGLIB$$ef958b79.invoke(<generated>)
	at org.springframework.cglib.proxy.MethodProxy.invoke(MethodProxy.java:204)
	at org.springframework.aop.framework.CglibAopProxy$CglibMethodInvocation.invokeJoinpoint(CglibAopProxy.java:717)
	at org.springframework.aop.framework.ReflectiveMethodInvocation.proceed(ReflectiveMethodInvocation.java:157)
	at org.springframework.aop.aspectj.AspectJAfterThrowingAdvice.invoke(AspectJAfterThrowingAdvice.java:58)
	at org.springframework.aop.framework.ReflectiveMethodInvocation.proceed(ReflectiveMethodInvocation.java:179)
	at org.springframework.aop.interceptor.ExposeInvocationInterceptor.invoke(ExposeInvocationInterceptor.java:92)
	at org.springframework.aop.framework.ReflectiveMethodInvocation.proceed(ReflectiveMethodInvocation.java:179)
	at org.springframework.aop.framework.CglibAopProxy$DynamicAdvisedInterceptor.intercept(CglibAopProxy.java:653)
	at org.openlmis.core.repository.UserRepository$$EnhancerBySpringCGLIB$$d2d7a4f9.selectUserByUserNameAndPassword(<generated>)
	at org.openlmis.core.service.UserService.selectUserByUserNameAndPassword(UserService.java:140)
	at org.openlmis.core.service.UserService$$FastClassBySpringCGLIB$$d0e79551.invoke(<generated>)
	at org.springframework.cglib.proxy.MethodProxy.invoke(MethodProxy.java:204)
	at org.springframework.aop.framework.CglibAopProxy$CglibMethodInvocation.invokeJoinpoint(CglibAopProxy.java:717)
	at org.springframework.aop.framework.ReflectiveMethodInvocation.proceed(ReflectiveMethodInvocation.java:157)
	at org.springframework.aop.aspectj.AspectJAfterThrowingAdvice.invoke(AspectJAfterThrowingAdvice.java:58)
	at org.springframework.aop.framework.ReflectiveMethodInvocation.proceed(ReflectiveMethodInvocation.java:179)
	at org.springframework.aop.interceptor.ExposeInvocationInterceptor.invoke(ExposeInvocationInterceptor.java:92)
	at org.springframework.aop.framework.ReflectiveMethodInvocation.proceed(ReflectiveMethodInvocation.java:179)
	at org.springframework.aop.framework.CglibAopProxy$DynamicAdvisedInterceptor.intercept(CglibAopProxy.java:653)
	at org.openlmis.core.service.UserService$$EnhancerBySpringCGLIB$$13f8a1a0.selectUserByUserNameAndPassword(<generated>)
	at org.openlmis.authentication.service.UserAuthenticationService.authenticateUser(UserAuthenticationService.java:39)
	at org.openlmis.authentication.service.UserAuthenticationService$$FastClassBySpringCGLIB$$a8a67892.invoke(<generated>)
	at org.springframework.cglib.proxy.MethodProxy.invoke(MethodProxy.java:204)
	at org.springframework.aop.framework.CglibAopProxy$CglibMethodInvocation.invokeJoinpoint(CglibAopProxy.java:717)
	at org.springframework.aop.framework.ReflectiveMethodInvocation.proceed(ReflectiveMethodInvocation.java:157)
	at org.springframework.aop.aspectj.AspectJAfterThrowingAdvice.invoke(AspectJAfterThrowingAdvice.java:58)
	at org.springframework.aop.framework.ReflectiveMethodInvocation.proceed(ReflectiveMethodInvocation.java:179)
	at org.springframework.aop.interceptor.ExposeInvocationInterceptor.invoke(ExposeInvocationInterceptor.java:92)
	at org.springframework.aop.framework.ReflectiveMethodInvocation.proceed(ReflectiveMethodInvocation.java:179)
	at org.springframework.aop.framework.CglibAopProxy$DynamicAdvisedInterceptor.intercept(CglibAopProxy.java:653)
	at org.openlmis.authentication.service.UserAuthenticationService$$EnhancerBySpringCGLIB$$e386aff2.authenticateUser(<generated>)
	at org.openlmis.authentication.web.UserAuthenticationProvider.authenticate(UserAuthenticationProvider.java:46)
	at sun.reflect.GeneratedMethodAccessor724.invoke(Unknown Source)
	at sun.reflect.DelegatingMethodAccessorImpl.invoke(DelegatingMethodAccessorImpl.java:43)
	at java.lang.reflect.Method.invoke(Method.java:498)
	at org.springframework.aop.support.AopUtils.invokeJoinpointUsingReflection(AopUtils.java:317)
	at org.springframework.aop.framework.ReflectiveMethodInvocation.invokeJoinpoint(ReflectiveMethodInvocation.java:190)
	at org.springframework.aop.framework.ReflectiveMethodInvocation.proceed(ReflectiveMethodInvocation.java:157)
	at org.springframework.aop.aspectj.AspectJAfterThrowingAdvice.invoke(AspectJAfterThrowingAdvice.java:58)
	at org.springframework.aop.framework.ReflectiveMethodInvocation.proceed(ReflectiveMethodInvocation.java:179)
	at org.springframework.aop.interceptor.ExposeInvocationInterceptor.invoke(ExposeInvocationInterceptor.java:92)
	at org.springframework.aop.framework.ReflectiveMethodInvocation.proceed(ReflectiveMethodInvocation.java:179)
	at org.springframework.aop.framework.JdkDynamicAopProxy.invoke(JdkDynamicAopProxy.java:207)
	at com.sun.proxy.$Proxy513.authenticate(Unknown Source)
	at org.springframework.security.authentication.ProviderManager.authenticate(ProviderManager.java:156)
	at org.springframework.security.authentication.ProviderManager.authenticate(ProviderManager.java:177)
	at org.springframework.security.web.authentication.UsernamePasswordAuthenticationFilter.attemptAuthentication(UsernamePasswordAuthenticationFilter.java:92)
	at org.springframework.security.web.authentication.AbstractAuthenticationProcessingFilter.doFilter(AbstractAuthenticationProcessingFilter.java:211)
	at org.springframework.security.web.FilterChainProxy$VirtualFilterChain.doFilter(FilterChainProxy.java:342)
	at org.springframework.security.web.authentication.logout.LogoutFilter.doFilter(LogoutFilter.java:110)
	at org.springframework.security.web.FilterChainProxy$VirtualFilterChain.doFilter(FilterChainProxy.java:342)
	at org.springframework.security.web.session.ConcurrentSessionFilter.doFilter(ConcurrentSessionFilter.java:125)
	at org.springframework.security.web.FilterChainProxy$VirtualFilterChain.doFilter(FilterChainProxy.java:342)
	at org.springframework.security.web.context.SecurityContextPersistenceFilter.doFilter(SecurityContextPersistenceFilter.java:87)
	at org.springframework.security.web.FilterChainProxy$VirtualFilterChain.doFilter(FilterChainProxy.java:342)
	at org.springframework.security.web.access.channel.ChannelProcessingFilter.doFilter(ChannelProcessingFilter.java:144)
	at org.springframework.security.web.FilterChainProxy$VirtualFilterChain.doFilter(FilterChainProxy.java:342)
	at org.springframework.security.web.FilterChainProxy.doFilterInternal(FilterChainProxy.java:192)
	at org.springframework.security.web.FilterChainProxy.doFilter(FilterChainProxy.java:160)
	at org.springframework.web.filter.DelegatingFilterProxy.invokeDelegate(DelegatingFilterProxy.java:344)
	at org.springframework.web.filter.DelegatingFilterProxy.doFilter(DelegatingFilterProxy.java:261)
	at org.mortbay.jetty.servlet.ServletHandler$CachedChain.doFilter(ServletHandler.java:1212)
	at org.openlmis.web.filter.ForwardedProtoFilter.doFilter(ForwardedProtoFilter.java:31)
	at org.mortbay.jetty.servlet.ServletHandler$CachedChain.doFilter(ServletHandler.java:1212)
	at org.mortbay.jetty.servlet.ServletHandler.handle(ServletHandler.java:399)
	at org.mortbay.jetty.security.SecurityHandler.handle(SecurityHandler.java:216)
	at org.mortbay.jetty.servlet.SessionHandler.handle(SessionHandler.java:182)
	at org.mortbay.jetty.handler.ContextHandler.handle(ContextHandler.java:766)
	at org.mortbay.jetty.webapp.WebAppContext.handle(WebAppContext.java:450)
	at org.mortbay.jetty.handler.ContextHandlerCollection.handle(ContextHandlerCollection.java:230)
	at org.mortbay.jetty.handler.HandlerCollection.handle(HandlerCollection.java:114)
	at org.mortbay.jetty.handler.HandlerWrapper.handle(HandlerWrapper.java:152)
	at org.mortbay.jetty.Server.handle(Server.java:326)
	at org.mortbay.jetty.HttpConnection.handleRequest(HttpConnection.java:542)
	at org.mortbay.jetty.HttpConnection$RequestHandler.content(HttpConnection.java:945)
	at org.mortbay.jetty.HttpParser.parseNext(HttpParser.java:756)
	at org.mortbay.jetty.HttpParser.parseAvailable(HttpParser.java:218)
	at org.mortbay.jetty.HttpConnection.handle(HttpConnection.java:404)
	at org.mortbay.io.nio.SelectChannelEndPoint.run(SelectChannelEndPoint.java:410)
	at org.mortbay.thread.QueuedThreadPool$PoolThread.run(QueuedThreadPool.java:582)
Caused by: org.apache.ibatis.exceptions.PersistenceException: 
### Error querying database.  Cause: org.springframework.jdbc.CannotGetJdbcConnectionException: Could not get JDBC Connection; nested exception is java.sql.SQLException: Connections could not be acquired from the underlying database!
### The error may exist in org/openlmis/core/repository/mapper/UserMapper.java (best guess)
### The error may involve org.openlmis.core.repository.mapper.UserMapper.selectUserByUserNameAndPassword
### The error occurred while executing a query
### Cause: org.springframework.jdbc.CannotGetJdbcConnectionException: Could not get JDBC Connection; nested exception is java.sql.SQLException: Connections could not be acquired from the underlying database!
	at org.apache.ibatis.exceptions.ExceptionFactory.wrapException(ExceptionFactory.java:30)
	at org.apache.ibatis.session.defaults.DefaultSqlSession.selectList(DefaultSqlSession.java:150)
	at org.apache.ibatis.session.defaults.DefaultSqlSession.selectList(DefaultSqlSession.java:141)
	at org.apache.ibatis.session.defaults.DefaultSqlSession.selectOne(DefaultSqlSession.java:77)
	at sun.reflect.GeneratedMethodAccessor381.invoke(Unknown Source)
	at sun.reflect.DelegatingMethodAccessorImpl.invoke(DelegatingMethodAccessorImpl.java:43)
	at java.lang.reflect.Method.invoke(Method.java:498)
	at org.mybatis.spring.SqlSessionTemplate$SqlSessionInterceptor.invoke(SqlSessionTemplate.java:434)
	... 99 more
Caused by: org.springframework.jdbc.CannotGetJdbcConnectionException: Could not get JDBC Connection; nested exception is java.sql.SQLException: Connections could not be acquired from the underlying database!
	at org.springframework.jdbc.datasource.DataSourceUtils.getConnection(DataSourceUtils.java:80)
	at org.mybatis.spring.transaction.SpringManagedTransaction.openConnection(SpringManagedTransaction.java:84)
	at org.mybatis.spring.transaction.SpringManagedTransaction.getConnection(SpringManagedTransaction.java:70)
	at org.apache.ibatis.executor.BaseExecutor.getConnection(BaseExecutor.java:336)
	at org.apache.ibatis.executor.SimpleExecutor.prepareStatement(SimpleExecutor.java:84)
	at org.apache.ibatis.executor.SimpleExecutor.doQuery(SimpleExecutor.java:62)
	at org.apache.ibatis.executor.BaseExecutor.queryFromDatabase(BaseExecutor.java:324)
	at org.apache.ibatis.executor.BaseExecutor.query(BaseExecutor.java:156)
	at org.apache.ibatis.executor.CachingExecutor.query(CachingExecutor.java:109)
	at org.apache.ibatis.executor.CachingExecutor.query(CachingExecutor.java:83)
	at org.apache.ibatis.session.defaults.DefaultSqlSession.selectList(DefaultSqlSession.java:148)
	... 105 more
Caused by: java.sql.SQLException: Connections could not be acquired from the underlying database!
	at com.mchange.v2.sql.SqlUtils.toSQLException(SqlUtils.java:118)
	at com.mchange.v2.c3p0.impl.C3P0PooledConnectionPool.checkoutPooledConnection(C3P0PooledConnectionPool.java:689)
	at com.mchange.v2.c3p0.impl.AbstractPoolBackedDataSource.getConnection(AbstractPoolBackedDataSource.java:140)
	at org.springframework.jdbc.datasource.DataSourceUtils.doGetConnection(DataSourceUtils.java:111)
	at org.springframework.jdbc.datasource.DataSourceUtils.getConnection(DataSourceUtils.java:77)
	... 115 more
Caused by: com.mchange.v2.resourcepool.CannotAcquireResourceException: A ResourcePool could not acquire a resource from its primary factory or source.
	at com.mchange.v2.resourcepool.BasicResourcePool.awaitAvailable(BasicResourcePool.java:1418)
	at com.mchange.v2.resourcepool.BasicResourcePool.prelimCheckoutResource(BasicResourcePool.java:606)
	at com.mchange.v2.resourcepool.BasicResourcePool.checkoutResource(BasicResourcePool.java:526)
	at com.mchange.v2.c3p0.impl.C3P0PooledConnectionPool.checkoutAndMarkConnectionInUse(C3P0PooledConnectionPool.java:755)
	at com.mchange.v2.c3p0.impl.C3P0PooledConnectionPool.checkoutPooledConnection(C3P0PooledConnectionPool.java:682)
	... 118 more
Nested in org.mybatis.spring.MyBatisSystemException: nested exception is org.apache.ibatis.exceptions.PersistenceException: 
### Error querying database.  Cause: org.springframework.jdbc.CannotGetJdbcConnectionException: Could not get JDBC Connection; nested exception is java.sql.SQLException: Connections could not be acquired from the underlying database!
### The error may exist in org/openlmis/core/repository/mapper/UserMapper.java (best guess)
### The error may involve org.openlmis.core.repository.mapper.UserMapper.selectUserByUserNameAndPassword
### The error occurred while executing a query
### Cause: org.springframework.jdbc.CannotGetJdbcConnectionException: Could not get JDBC Connection; nested exception is java.sql.SQLException: Connections could not be acquired from the underlying database!:
com.mchange.v2.resourcepool.CannotAcquireResourceException: A ResourcePool could not acquire a resource from its primary factory or source.
	at com.mchange.v2.resourcepool.BasicResourcePool.awaitAvailable(BasicResourcePool.java:1418)
	at com.mchange.v2.resourcepool.BasicResourcePool.prelimCheckoutResource(BasicResourcePool.java:606)
	at com.mchange.v2.resourcepool.BasicResourcePool.checkoutResource(BasicResourcePool.java:526)
	at com.mchange.v2.c3p0.impl.C3P0PooledConnectionPool.checkoutAndMarkConnectionInUse(C3P0PooledConnectionPool.java:755)
	at com.mchange.v2.c3p0.impl.C3P0PooledConnectionPool.checkoutPooledConnection(C3P0PooledConnectionPool.java:682)
	at com.mchange.v2.c3p0.impl.AbstractPoolBackedDataSource.getConnection(AbstractPoolBackedDataSource.java:140)
	at org.springframework.jdbc.datasource.DataSourceUtils.doGetConnection(DataSourceUtils.java:111)
	at org.springframework.jdbc.datasource.DataSourceUtils.getConnection(DataSourceUtils.java:77)
	at org.mybatis.spring.transaction.SpringManagedTransaction.openConnection(SpringManagedTransaction.java:84)
	at org.mybatis.spring.transaction.SpringManagedTransaction.getConnection(SpringManagedTransaction.java:70)
	at org.apache.ibatis.executor.BaseExecutor.getConnection(BaseExecutor.java:336)
	at org.apache.ibatis.executor.SimpleExecutor.prepareStatement(SimpleExecutor.java:84)
	at org.apache.ibatis.executor.SimpleExecutor.doQuery(SimpleExecutor.java:62)
	at org.apache.ibatis.executor.BaseExecutor.queryFromDatabase(BaseExecutor.java:324)
	at org.apache.ibatis.executor.BaseExecutor.query(BaseExecutor.java:156)
	at org.apache.ibatis.executor.CachingExecutor.query(CachingExecutor.java:109)
	at org.apache.ibatis.executor.CachingExecutor.query(CachingExecutor.java:83)
	at org.apache.ibatis.session.defaults.DefaultSqlSession.selectList(DefaultSqlSession.java:148)
	at org.apache.ibatis.session.defaults.DefaultSqlSession.selectList(DefaultSqlSession.java:141)
	at org.apache.ibatis.session.defaults.DefaultSqlSession.selectOne(DefaultSqlSession.java:77)
	at sun.reflect.GeneratedMethodAccessor381.invoke(Unknown Source)
	at sun.reflect.DelegatingMethodAccessorImpl.invoke(DelegatingMethodAccessorImpl.java:43)
	at java.lang.reflect.Method.invoke(Method.java:498)
	at org.mybatis.spring.SqlSessionTemplate$SqlSessionInterceptor.invoke(SqlSessionTemplate.java:434)
	at com.sun.proxy.$Proxy126.selectOne(Unknown Source)
	at org.mybatis.spring.SqlSessionTemplate.selectOne(SqlSessionTemplate.java:167)
	at org.apache.ibatis.binding.MapperMethod.execute(MapperMethod.java:82)
	at org.apache.ibatis.binding.MapperProxy.invoke(MapperProxy.java:59)
	at com.sun.proxy.$Proxy147.selectUserByUserNameAndPassword(Unknown Source)
	at sun.reflect.GeneratedMethodAccessor725.invoke(Unknown Source)
	at sun.reflect.DelegatingMethodAccessorImpl.invoke(DelegatingMethodAccessorImpl.java:43)
	at java.lang.reflect.Method.invoke(Method.java:498)
	at org.springframework.aop.support.AopUtils.invokeJoinpointUsingReflection(AopUtils.java:317)
	at org.springframework.aop.framework.ReflectiveMethodInvocation.invokeJoinpoint(ReflectiveMethodInvocation.java:190)
	at org.springframework.aop.framework.ReflectiveMethodInvocation.proceed(ReflectiveMethodInvocation.java:157)
	at org.springframework.aop.aspectj.AspectJAfterThrowingAdvice.invoke(AspectJAfterThrowingAdvice.java:58)
	at org.springframework.aop.framework.ReflectiveMethodInvocation.proceed(ReflectiveMethodInvocation.java:179)
	at org.springframework.aop.interceptor.ExposeInvocationInterceptor.invoke(ExposeInvocationInterceptor.java:92)
	at org.springframework.aop.framework.ReflectiveMethodInvocation.proceed(ReflectiveMethodInvocation.java:179)
	at org.springframework.aop.framework.JdkDynamicAopProxy.invoke(JdkDynamicAopProxy.java:207)
	at com.sun.proxy.$Proxy148.selectUserByUserNameAndPassword(Unknown Source)
	at org.openlmis.core.repository.UserRepository.selectUserByUserNameAndPassword(UserRepository.java:131)
	at org.openlmis.core.repository.UserRepository$$FastClassBySpringCGLIB$$ef958b79.invoke(<generated>)
	at org.springframework.cglib.proxy.MethodProxy.invoke(MethodProxy.java:204)
	at org.springframework.aop.framework.CglibAopProxy$CglibMethodInvocation.invokeJoinpoint(CglibAopProxy.java:717)
	at org.springframework.aop.framework.ReflectiveMethodInvocation.proceed(ReflectiveMethodInvocation.java:157)
	at org.springframework.aop.aspectj.AspectJAfterThrowingAdvice.invoke(AspectJAfterThrowingAdvice.java:58)
	at org.springframework.aop.framework.ReflectiveMethodInvocation.proceed(ReflectiveMethodInvocation.java:179)
	at org.springframework.aop.interceptor.ExposeInvocationInterceptor.invoke(ExposeInvocationInterceptor.java:92)
	at org.springframework.aop.framework.ReflectiveMethodInvocation.proceed(ReflectiveMethodInvocation.java:179)
	at org.springframework.aop.framework.CglibAopProxy$DynamicAdvisedInterceptor.intercept(CglibAopProxy.java:653)
	at org.openlmis.core.repository.UserRepository$$EnhancerBySpringCGLIB$$d2d7a4f9.selectUserByUserNameAndPassword(<generated>)
	at org.openlmis.core.service.UserService.selectUserByUserNameAndPassword(UserService.java:140)
	at org.openlmis.core.service.UserService$$FastClassBySpringCGLIB$$d0e79551.invoke(<generated>)
	at org.springframework.cglib.proxy.MethodProxy.invoke(MethodProxy.java:204)
	at org.springframework.aop.framework.CglibAopProxy$CglibMethodInvocation.invokeJoinpoint(CglibAopProxy.java:717)
	at org.springframework.aop.framework.ReflectiveMethodInvocation.proceed(ReflectiveMethodInvocation.java:157)
	at org.springframework.aop.aspectj.AspectJAfterThrowingAdvice.invoke(AspectJAfterThrowingAdvice.java:58)
	at org.springframework.aop.framework.ReflectiveMethodInvocation.proceed(ReflectiveMethodInvocation.java:179)
	at org.springframework.aop.interceptor.ExposeInvocationInterceptor.invoke(ExposeInvocationInterceptor.java:92)
	at org.springframework.aop.framework.ReflectiveMethodInvocation.proceed(ReflectiveMethodInvocation.java:179)
	at org.springframework.aop.framework.CglibAopProxy$DynamicAdvisedInterceptor.intercept(CglibAopProxy.java:653)
	at org.openlmis.core.service.UserService$$EnhancerBySpringCGLIB$$13f8a1a0.selectUserByUserNameAndPassword(<generated>)
	at org.openlmis.authentication.service.UserAuthenticationService.authenticateUser(UserAuthenticationService.java:39)
	at org.openlmis.authentication.service.UserAuthenticationService$$FastClassBySpringCGLIB$$a8a67892.invoke(<generated>)
	at org.springframework.cglib.proxy.MethodProxy.invoke(MethodProxy.java:204)
	at org.springframework.aop.framework.CglibAopProxy$CglibMethodInvocation.invokeJoinpoint(CglibAopProxy.java:717)
	at org.springframework.aop.framework.ReflectiveMethodInvocation.proceed(ReflectiveMethodInvocation.java:157)
	at org.springframework.aop.aspectj.AspectJAfterThrowingAdvice.invoke(AspectJAfterThrowingAdvice.java:58)
	at org.springframework.aop.framework.ReflectiveMethodInvocation.proceed(ReflectiveMethodInvocation.java:179)
	at org.springframework.aop.interceptor.ExposeInvocationInterceptor.invoke(ExposeInvocationInterceptor.java:92)
	at org.springframework.aop.framework.ReflectiveMethodInvocation.proceed(ReflectiveMethodInvocation.java:179)
	at org.springframework.aop.framework.CglibAopProxy$DynamicAdvisedInterceptor.intercept(CglibAopProxy.java:653)
	at org.openlmis.authentication.service.UserAuthenticationService$$EnhancerBySpringCGLIB$$e386aff2.authenticateUser(<generated>)
	at org.openlmis.authentication.web.UserAuthenticationProvider.authenticate(UserAuthenticationProvider.java:46)
	at sun.reflect.GeneratedMethodAccessor724.invoke(Unknown Source)
	at sun.reflect.DelegatingMethodAccessorImpl.invoke(DelegatingMethodAccessorImpl.java:43)
	at java.lang.reflect.Method.invoke(Method.java:498)
	at org.springframework.aop.support.AopUtils.invokeJoinpointUsingReflection(AopUtils.java:317)
	at org.springframework.aop.framework.ReflectiveMethodInvocation.invokeJoinpoint(ReflectiveMethodInvocation.java:190)
	at org.springframework.aop.framework.ReflectiveMethodInvocation.proceed(ReflectiveMethodInvocation.java:157)
	at org.springframework.aop.aspectj.AspectJAfterThrowingAdvice.invoke(AspectJAfterThrowingAdvice.java:58)
	at org.springframework.aop.framework.ReflectiveMethodInvocation.proceed(ReflectiveMethodInvocation.java:179)
	at org.springframework.aop.interceptor.ExposeInvocationInterceptor.invoke(ExposeInvocationInterceptor.java:92)
	at org.springframework.aop.framework.ReflectiveMethodInvocation.proceed(ReflectiveMethodInvocation.java:179)
	at org.springframework.aop.framework.JdkDynamicAopProxy.invoke(JdkDynamicAopProxy.java:207)
	at com.sun.proxy.$Proxy513.authenticate(Unknown Source)
	at org.springframework.security.authentication.ProviderManager.authenticate(ProviderManager.java:156)
	at org.springframework.security.authentication.ProviderManager.authenticate(ProviderManager.java:177)
	at org.springframework.security.web.authentication.UsernamePasswordAuthenticationFilter.attemptAuthentication(UsernamePasswordAuthenticationFilter.java:92)
	at org.springframework.security.web.authentication.AbstractAuthenticationProcessingFilter.doFilter(AbstractAuthenticationProcessingFilter.java:211)
	at org.springframework.security.web.FilterChainProxy$VirtualFilterChain.doFilter(FilterChainProxy.java:342)
	at org.springframework.security.web.authentication.logout.LogoutFilter.doFilter(LogoutFilter.java:110)
	at org.springframework.security.web.FilterChainProxy$VirtualFilterChain.doFilter(FilterChainProxy.java:342)
	at org.springframework.security.web.session.ConcurrentSessionFilter.doFilter(ConcurrentSessionFilter.java:125)
	at org.springframework.security.web.FilterChainProxy$VirtualFilterChain.doFilter(FilterChainProxy.java:342)
	at org.springframework.security.web.context.SecurityContextPersistenceFilter.doFilter(SecurityContextPersistenceFilter.java:87)
	at org.springframework.security.web.FilterChainProxy$VirtualFilterChain.doFilter(FilterChainProxy.java:342)
	at org.springframework.security.web.access.channel.ChannelProcessingFilter.doFilter(ChannelProcessingFilter.java:144)
	at org.springframework.security.web.FilterChainProxy$VirtualFilterChain.doFilter(FilterChainProxy.java:342)
	at org.springframework.security.web.FilterChainProxy.doFilterInternal(FilterChainProxy.java:192)
	at org.springframework.security.web.FilterChainProxy.doFilter(FilterChainProxy.java:160)
	at org.springframework.web.filter.DelegatingFilterProxy.invokeDelegate(DelegatingFilterProxy.java:344)
	at org.springframework.web.filter.DelegatingFilterProxy.doFilter(DelegatingFilterProxy.java:261)
	at org.mortbay.jetty.servlet.ServletHandler$CachedChain.doFilter(ServletHandler.java:1212)
	at org.openlmis.web.filter.ForwardedProtoFilter.doFilter(ForwardedProtoFilter.java:31)
	at org.mortbay.jetty.servlet.ServletHandler$CachedChain.doFilter(ServletHandler.java:1212)
	at org.mortbay.jetty.servlet.ServletHandler.handle(ServletHandler.java:399)
	at org.mortbay.jetty.security.SecurityHandler.handle(SecurityHandler.java:216)
	at org.mortbay.jetty.servlet.SessionHandler.handle(SessionHandler.java:182)
	at org.mortbay.jetty.handler.ContextHandler.handle(ContextHandler.java:766)
	at org.mortbay.jetty.webapp.WebAppContext.handle(WebAppContext.java:450)
	at org.mortbay.jetty.handler.ContextHandlerCollection.handle(ContextHandlerCollection.java:230)
	at org.mortbay.jetty.handler.HandlerCollection.handle(HandlerCollection.java:114)
	at org.mortbay.jetty.handler.HandlerWrapper.handle(HandlerWrapper.java:152)
	at org.mortbay.jetty.Server.handle(Server.java:326)
	at org.mortbay.jetty.HttpConnection.handleRequest(HttpConnection.java:542)
	at org.mortbay.jetty.HttpConnection$RequestHandler.content(HttpConnection.java:945)
	at org.mortbay.jetty.HttpParser.parseNext(HttpParser.java:756)
	at org.mortbay.jetty.HttpParser.parseAvailable(HttpParser.java:218)
	at org.mortbay.jetty.HttpConnection.handle(HttpConnection.java:404)
	at org.mortbay.io.nio.SelectChannelEndPoint.run(SelectChannelEndPoint.java:410)
	at org.mortbay.thread.QueuedThreadPool$PoolThread.run(QueuedThreadPool.java:582)
Cannot accept connection from remote address /88.214.25.123.
Cannot accept connection from remote address /45.227.254.155.
The message received from the daemon indicates that the daemon has disappeared.
Build request sent: Build{id=1438c573-0e21-463b-a47e-a389d27da58b.1, currentDir=/app/siglab/open-lmis}
Attempting to read last messages from the daemon log...
Daemon pid: 44018
  log file: /root/.gradle/daemon/3.3/daemon-44018.out.log
----- Last  20 lines from daemon log file - daemon-44018.out.log -----
	at org.openlmis.web.filter.ForwardedProtoFilter.doFilter(ForwardedProtoFilter.java:31)
	at org.mortbay.jetty.servlet.ServletHandler$CachedChain.doFilter(ServletHandler.java:1212)
	at org.mortbay.jetty.servlet.ServletHandler.handle(ServletHandler.java:399)
	at org.mortbay.jetty.security.SecurityHandler.handle(SecurityHandler.java:216)
	at org.mortbay.jetty.servlet.SessionHandler.handle(SessionHandler.java:182)
	at org.mortbay.jetty.handler.ContextHandler.handle(ContextHandler.java:766)
	at org.mortbay.jetty.webapp.WebAppContext.handle(WebAppContext.java:450)
	at org.mortbay.jetty.handler.ContextHandlerCollection.handle(ContextHandlerCollection.java:230)
	at org.mortbay.jetty.handler.HandlerCollection.handle(HandlerCollection.java:114)
	at org.mortbay.jetty.handler.HandlerWrapper.handle(HandlerWrapper.java:152)
	at org.mortbay.jetty.Server.handle(Server.java:326)
	at org.mortbay.jetty.HttpConnection.handleRequest(HttpConnection.java:542)
	at org.mortbay.jetty.HttpConnection$RequestHandler.content(HttpConnection.java:945)
	at org.mortbay.jetty.HttpParser.parseNext(HttpParser.java:756)
	at org.mortbay.jetty.HttpParser.parseAvailable(HttpParser.java:218)
	at org.mortbay.jetty.HttpConnection.handle(HttpConnection.java:404)
	at org.mortbay.io.nio.SelectChannelEndPoint.run(SelectChannelEndPoint.java:410)
	at org.mortbay.thread.QueuedThreadPool$PoolThread.run(QueuedThreadPool.java:582)
Cannot accept connection from remote address /88.214.25.123.
Cannot accept connection from remote address /45.227.254.155.
----- End of the daemon log -----


FAILURE: Build failed with an exception.

* What went wrong:
Gradle build daemon disappeared unexpectedly (it may have been killed or may have crashed)

* Try:
Run with --info or --debug option to get more log output.

* Exception is:
org.gradle.launcher.daemon.client.DaemonDisappearedException: Gradle build daemon disappeared unexpectedly (it may have been killed or may have crashed)
	at org.gradle.launcher.daemon.client.DaemonClient.handleDaemonDisappearance(DaemonClient.java:227)
	at org.gradle.launcher.daemon.client.DaemonClient.monitorBuild(DaemonClient.java:203)
	at org.gradle.launcher.daemon.client.DaemonClient.executeBuild(DaemonClient.java:167)
	at org.gradle.launcher.daemon.client.DaemonClient.execute(DaemonClient.java:130)
	at org.gradle.launcher.daemon.client.DaemonClient.execute(DaemonClient.java:81)
	at org.gradle.launcher.cli.RunBuildAction.run(RunBuildAction.java:51)
	at org.gradle.internal.Actions$RunnableActionAdapter.execute(Actions.java:173)
	at org.gradle.launcher.cli.CommandLineActionFactory$ParseAndBuildAction.execute(CommandLineActionFactory.java:244)
	at org.gradle.launcher.cli.CommandLineActionFactory$ParseAndBuildAction.execute(CommandLineActionFactory.java:217)
	at org.gradle.launcher.cli.JavaRuntimeValidationAction.execute(JavaRuntimeValidationAction.java:33)
	at org.gradle.launcher.cli.JavaRuntimeValidationAction.execute(JavaRuntimeValidationAction.java:24)
	at org.gradle.launcher.cli.ExceptionReportingAction.execute(ExceptionReportingAction.java:33)
	at org.gradle.launcher.cli.ExceptionReportingAction.execute(ExceptionReportingAction.java:22)
	at org.gradle.launcher.cli.CommandLineActionFactory$WithLogging.execute(CommandLineActionFactory.java:210)
	at org.gradle.launcher.cli.CommandLineActionFactory$WithLogging.execute(CommandLineActionFactory.java:174)
	at org.gradle.launcher.Main.doAction(Main.java:33)
	at org.gradle.launcher.bootstrap.EntryPoint.run(EntryPoint.java:45)
	at sun.reflect.NativeMethodAccessorImpl.invoke0(Native Method)
	at sun.reflect.NativeMethodAccessorImpl.invoke(NativeMethodAccessorImpl.java:62)
	at sun.reflect.DelegatingMethodAccessorImpl.invoke(DelegatingMethodAccessorImpl.java:43)
	at java.lang.reflect.Method.invoke(Method.java:498)
	at org.gradle.launcher.bootstrap.ProcessBootstrap.runNoExit(ProcessBootstrap.java:60)
	at org.gradle.launcher.bootstrap.ProcessBootstrap.run(ProcessBootstrap.java:37)
	at org.gradle.launcher.GradleMain.main(GradleMain.java:23)
	at sun.reflect.NativeMethodAccessorImpl.invoke0(Native Method)
	at sun.reflect.NativeMethodAccessorImpl.invoke(NativeMethodAccessorImpl.java:62)
	at sun.reflect.DelegatingMethodAccessorImpl.invoke(DelegatingMethodAccessorImpl.java:43)
	at java.lang.reflect.Method.invoke(Method.java:498)
	at org.gradle.wrapper.BootstrapMainStarter.start(BootstrapMainStarter.java:30)
	at org.gradle.wrapper.WrapperExecutor.execute(WrapperExecutor.java:127)
	at org.gradle.wrapper.GradleWrapperMain.main(GradleWrapperMain.java:61)

Starting a Gradle Daemon, 1 stopped Daemon could not be reused, use --status for details
The Task.leftShift(Closure) method has been deprecated and is scheduled to be removed in Gradle 5.0. Please use Task.doLast(Action) instead.
	at org.gradle.api.internal.AbstractTask.leftShift(AbstractTask.java:513)
	at org.gradle.api.Task$leftShift.call(Unknown Source)
	at org.codehaus.groovy.runtime.callsite.CallSiteArray.defaultCall(CallSiteArray.java:48)
	at org.codehaus.groovy.runtime.callsite.AbstractCallSite.call(AbstractCallSite.java:113)
	at org.codehaus.groovy.runtime.callsite.AbstractCallSite.call(AbstractCallSite.java:125)
	at build_dztr9z0e0kr9jnb7pu99im9ym$_run_closure2.doCall(/app/siglab/open-lmis/build.gradle:123)
	at sun.reflect.NativeMethodAccessorImpl.invoke0(Native Method)
	at sun.reflect.NativeMethodAccessorImpl.invoke(NativeMethodAccessorImpl.java:62)
	at sun.reflect.DelegatingMethodAccessorImpl.invoke(DelegatingMethodAccessorImpl.java:43)
	at java.lang.reflect.Method.invoke(Method.java:498)
	at org.codehaus.groovy.reflection.CachedMethod.invoke(CachedMethod.java:93)
	at groovy.lang.MetaMethod.doMethodInvoke(MetaMethod.java:325)
	at org.codehaus.groovy.runtime.metaclass.ClosureMetaClass.invokeMethod(ClosureMetaClass.java:294)
	at groovy.lang.MetaClassImpl.invokeMethod(MetaClassImpl.java:1024)
	at groovy.lang.Closure.call(Closure.java:414)
	at groovy.lang.Closure.call(Closure.java:430)
	at org.gradle.api.internal.ClosureBackedAction.execute(ClosureBackedAction.java:70)
	at org.gradle.util.ConfigureUtil.configureTarget(ConfigureUtil.java:160)
	at org.gradle.util.ConfigureUtil.configure(ConfigureUtil.java:106)
	at org.gradle.api.internal.project.DefaultProject.configure(DefaultProject.java:983)
	at org.gradle.api.internal.project.DefaultProject.configure(DefaultProject.java:988)
	at org.gradle.api.internal.project.DefaultProject.subprojects(DefaultProject.java:971)
	at sun.reflect.NativeMethodAccessorImpl.invoke0(Native Method)
	at sun.reflect.NativeMethodAccessorImpl.invoke(NativeMethodAccessorImpl.java:62)
	at sun.reflect.DelegatingMethodAccessorImpl.invoke(DelegatingMethodAccessorImpl.java:43)
	at java.lang.reflect.Method.invoke(Method.java:498)
	at org.codehaus.groovy.reflection.CachedMethod.invoke(CachedMethod.java:93)
	at groovy.lang.MetaMethod.doMethodInvoke(MetaMethod.java:325)
	at org.gradle.internal.metaobject.BeanDynamicObject$MetaClassAdapter.invokeMethod(BeanDynamicObject.java:382)
	at org.gradle.internal.metaobject.BeanDynamicObject.invokeMethod(BeanDynamicObject.java:170)
	at org.gradle.internal.metaobject.CompositeDynamicObject.invokeMethod(CompositeDynamicObject.java:96)
	at org.gradle.internal.metaobject.MixInClosurePropertiesAsMethodsDynamicObject.invokeMethod(MixInClosurePropertiesAsMethodsDynamicObject.java:30)
	at org.gradle.internal.metaobject.AbstractDynamicObject.invokeMethod(AbstractDynamicObject.java:163)
	at org.gradle.groovy.scripts.BasicScript.methodMissing(BasicScript.java:83)
	at sun.reflect.NativeMethodAccessorImpl.invoke0(Native Method)
	at sun.reflect.NativeMethodAccessorImpl.invoke(NativeMethodAccessorImpl.java:62)
	at sun.reflect.DelegatingMethodAccessorImpl.invoke(DelegatingMethodAccessorImpl.java:43)
	at java.lang.reflect.Method.invoke(Method.java:498)
	at org.codehaus.groovy.reflection.CachedMethod.invoke(CachedMethod.java:93)
	at groovy.lang.MetaClassImpl.invokeMissingMethod(MetaClassImpl.java:941)
	at groovy.lang.MetaClassImpl.invokePropertyOrMissing(MetaClassImpl.java:1264)
	at groovy.lang.MetaClassImpl.invokeMethod(MetaClassImpl.java:1217)
	at groovy.lang.MetaClassImpl.invokeMethod(MetaClassImpl.java:1024)
	at org.codehaus.groovy.runtime.callsite.PogoMetaClassSite.callCurrent(PogoMetaClassSite.java:69)
	at org.codehaus.groovy.runtime.callsite.CallSiteArray.defaultCallCurrent(CallSiteArray.java:52)
	at org.codehaus.groovy.runtime.callsite.AbstractCallSite.callCurrent(AbstractCallSite.java:154)
	at org.codehaus.groovy.runtime.callsite.AbstractCallSite.callCurrent(AbstractCallSite.java:166)
	at build_dztr9z0e0kr9jnb7pu99im9ym.run(/app/siglab/open-lmis/build.gradle:35)
	at org.gradle.groovy.scripts.internal.DefaultScriptRunnerFactory$ScriptRunnerImpl.run(DefaultScriptRunnerFactory.java:90)
	at org.gradle.configuration.DefaultScriptPluginFactory$ScriptPluginImpl$2.run(DefaultScriptPluginFactory.java:176)
	at org.gradle.configuration.ProjectScriptTarget.addConfiguration(ProjectScriptTarget.java:77)
	at org.gradle.configuration.DefaultScriptPluginFactory$ScriptPluginImpl.apply(DefaultScriptPluginFactory.java:181)
	at org.gradle.configuration.project.BuildScriptProcessor.execute(BuildScriptProcessor.java:39)
	at org.gradle.configuration.project.BuildScriptProcessor.execute(BuildScriptProcessor.java:26)
	at org.gradle.configuration.project.ConfigureActionsProjectEvaluator.evaluate(ConfigureActionsProjectEvaluator.java:34)
	at org.gradle.configuration.project.LifecycleProjectEvaluator.doConfigure(LifecycleProjectEvaluator.java:70)
	at org.gradle.configuration.project.LifecycleProjectEvaluator.access$000(LifecycleProjectEvaluator.java:33)
	at org.gradle.configuration.project.LifecycleProjectEvaluator$1.execute(LifecycleProjectEvaluator.java:53)
	at org.gradle.configuration.project.LifecycleProjectEvaluator$1.execute(LifecycleProjectEvaluator.java:50)
	at org.gradle.internal.Transformers$4.transform(Transformers.java:169)
	at org.gradle.internal.progress.DefaultBuildOperationExecutor.run(DefaultBuildOperationExecutor.java:106)
	at org.gradle.internal.progress.DefaultBuildOperationExecutor.run(DefaultBuildOperationExecutor.java:61)
	at org.gradle.configuration.project.LifecycleProjectEvaluator.evaluate(LifecycleProjectEvaluator.java:50)
	at org.gradle.api.internal.project.DefaultProject.evaluate(DefaultProject.java:628)
	at org.gradle.api.internal.project.DefaultProject.evaluate(DefaultProject.java:129)
	at org.gradle.execution.TaskPathProjectEvaluator.configure(TaskPathProjectEvaluator.java:35)
	at org.gradle.execution.TaskPathProjectEvaluator.configureHierarchy(TaskPathProjectEvaluator.java:60)
	at org.gradle.configuration.DefaultBuildConfigurer.configure(DefaultBuildConfigurer.java:38)
	at org.gradle.initialization.DefaultGradleLauncher$1.execute(DefaultGradleLauncher.java:161)
	at org.gradle.initialization.DefaultGradleLauncher$1.execute(DefaultGradleLauncher.java:158)
	at org.gradle.internal.Transformers$4.transform(Transformers.java:169)
	at org.gradle.internal.progress.DefaultBuildOperationExecutor.run(DefaultBuildOperationExecutor.java:106)
	at org.gradle.internal.progress.DefaultBuildOperationExecutor.run(DefaultBuildOperationExecutor.java:56)
	at org.gradle.initialization.DefaultGradleLauncher.doBuildStages(DefaultGradleLauncher.java:158)
	at org.gradle.initialization.DefaultGradleLauncher.doBuild(DefaultGradleLauncher.java:119)
	at org.gradle.initialization.DefaultGradleLauncher.run(DefaultGradleLauncher.java:102)
	at org.gradle.launcher.exec.GradleBuildController.run(GradleBuildController.java:71)
	at org.gradle.tooling.internal.provider.ExecuteBuildActionRunner.run(ExecuteBuildActionRunner.java:28)
	at org.gradle.launcher.exec.ChainingBuildActionRunner.run(ChainingBuildActionRunner.java:35)
	at org.gradle.launcher.exec.InProcessBuildActionExecuter.execute(InProcessBuildActionExecuter.java:41)
	at org.gradle.launcher.exec.InProcessBuildActionExecuter.execute(InProcessBuildActionExecuter.java:26)
	at org.gradle.tooling.internal.provider.ContinuousBuildActionExecuter.execute(ContinuousBuildActionExecuter.java:75)
	at org.gradle.tooling.internal.provider.ContinuousBuildActionExecuter.execute(ContinuousBuildActionExecuter.java:49)
	at org.gradle.tooling.internal.provider.ServicesSetupBuildActionExecuter.execute(ServicesSetupBuildActionExecuter.java:44)
	at org.gradle.tooling.internal.provider.ServicesSetupBuildActionExecuter.execute(ServicesSetupBuildActionExecuter.java:29)
	at org.gradle.launcher.daemon.server.exec.ExecuteBuild.doBuild(ExecuteBuild.java:67)
	at org.gradle.launcher.daemon.server.exec.BuildCommandOnly.execute(BuildCommandOnly.java:36)
	at org.gradle.launcher.daemon.server.api.DaemonCommandExecution.proceed(DaemonCommandExecution.java:120)
	at org.gradle.launcher.daemon.server.exec.WatchForDisconnection.execute(WatchForDisconnection.java:47)
	at org.gradle.launcher.daemon.server.api.DaemonCommandExecution.proceed(DaemonCommandExecution.java:120)
	at org.gradle.launcher.daemon.server.exec.ResetDeprecationLogger.execute(ResetDeprecationLogger.java:26)
	at org.gradle.launcher.daemon.server.api.DaemonCommandExecution.proceed(DaemonCommandExecution.java:120)
	at org.gradle.launcher.daemon.server.exec.RequestStopIfSingleUsedDaemon.execute(RequestStopIfSingleUsedDaemon.java:34)
	at org.gradle.launcher.daemon.server.api.DaemonCommandExecution.proceed(DaemonCommandExecution.java:120)
	at org.gradle.launcher.daemon.server.exec.ForwardClientInput$2.call(ForwardClientInput.java:74)
	at org.gradle.launcher.daemon.server.exec.ForwardClientInput$2.call(ForwardClientInput.java:72)
	at org.gradle.util.Swapper.swap(Swapper.java:38)
	at org.gradle.launcher.daemon.server.exec.ForwardClientInput.execute(ForwardClientInput.java:72)
	at org.gradle.launcher.daemon.server.api.DaemonCommandExecution.proceed(DaemonCommandExecution.java:120)
	at org.gradle.launcher.daemon.server.exec.LogAndCheckHealth.execute(LogAndCheckHealth.java:55)
	at org.gradle.launcher.daemon.server.api.DaemonCommandExecution.proceed(DaemonCommandExecution.java:120)
	at org.gradle.launcher.daemon.server.exec.LogToClient.doBuild(LogToClient.java:60)
	at org.gradle.launcher.daemon.server.exec.BuildCommandOnly.execute(BuildCommandOnly.java:36)
	at org.gradle.launcher.daemon.server.api.DaemonCommandExecution.proceed(DaemonCommandExecution.java:120)
	at org.gradle.launcher.daemon.server.exec.EstablishBuildEnvironment.doBuild(EstablishBuildEnvironment.java:72)
	at org.gradle.launcher.daemon.server.exec.BuildCommandOnly.execute(BuildCommandOnly.java:36)
	at org.gradle.launcher.daemon.server.api.DaemonCommandExecution.proceed(DaemonCommandExecution.java:120)
	at org.gradle.launcher.daemon.server.exec.StartBuildOrRespondWithBusy$1.run(StartBuildOrRespondWithBusy.java:50)
	at org.gradle.launcher.daemon.server.DaemonStateCoordinator$1.run(DaemonStateCoordinator.java:297)
	at org.gradle.internal.concurrent.ExecutorPolicy$CatchAndRecordFailures.onExecute(ExecutorPolicy.java:54)
	at org.gradle.internal.concurrent.StoppableExecutorImpl$1.run(StoppableExecutorImpl.java:40)
	at java.util.concurrent.ThreadPoolExecutor.runWorker(ThreadPoolExecutor.java:1149)
	at java.util.concurrent.ThreadPoolExecutor$Worker.run(ThreadPoolExecutor.java:624)
	at java.lang.Thread.run(Thread.java:750)
The Jetty plugin has been deprecated and is scheduled to be removed in Gradle 4.0. Consider using the Gretty (https://github.com/akhikhl/gretty) plugin instead.
	at org.gradle.api.plugins.jetty.JettyPlugin.apply(JettyPlugin.java:48)
	at org.gradle.api.plugins.jetty.JettyPlugin.apply(JettyPlugin.java:38)
	at org.gradle.api.internal.plugins.ImperativeOnlyPluginApplicator.applyImperative(ImperativeOnlyPluginApplicator.java:35)
	at org.gradle.api.internal.plugins.RuleBasedPluginApplicator.applyImperative(RuleBasedPluginApplicator.java:43)
	at org.gradle.api.internal.plugins.DefaultPluginManager.doApply(DefaultPluginManager.java:139)
	at org.gradle.api.internal.plugins.DefaultPluginManager.apply(DefaultPluginManager.java:112)
	at org.gradle.api.internal.plugins.DefaultObjectConfigurationAction.applyType(DefaultObjectConfigurationAction.java:113)
	at org.gradle.api.internal.plugins.DefaultObjectConfigurationAction.access$200(DefaultObjectConfigurationAction.java:36)
	at org.gradle.api.internal.plugins.DefaultObjectConfigurationAction$3.run(DefaultObjectConfigurationAction.java:80)
	at org.gradle.api.internal.plugins.DefaultObjectConfigurationAction.execute(DefaultObjectConfigurationAction.java:136)
	at org.gradle.api.internal.project.AbstractPluginAware.apply(AbstractPluginAware.java:44)
	at org.gradle.api.internal.project.ProjectScript.apply(ProjectScript.java:34)
	at org.gradle.api.Script$apply$0.callCurrent(Unknown Source)
	at org.codehaus.groovy.runtime.callsite.CallSiteArray.defaultCallCurrent(CallSiteArray.java:52)
	at org.codehaus.groovy.runtime.callsite.AbstractCallSite.callCurrent(AbstractCallSite.java:154)
	at org.codehaus.groovy.runtime.callsite.AbstractCallSite.callCurrent(AbstractCallSite.java:166)
	at build_d5ohj9d5sw6uj6qojob4xr5st.run(/app/siglab/open-lmis/modules/openlmis-web/build.gradle:15)
	at org.gradle.groovy.scripts.internal.DefaultScriptRunnerFactory$ScriptRunnerImpl.run(DefaultScriptRunnerFactory.java:90)
	at org.gradle.configuration.DefaultScriptPluginFactory$ScriptPluginImpl$2.run(DefaultScriptPluginFactory.java:176)
	at org.gradle.configuration.ProjectScriptTarget.addConfiguration(ProjectScriptTarget.java:77)
	at org.gradle.configuration.DefaultScriptPluginFactory$ScriptPluginImpl.apply(DefaultScriptPluginFactory.java:181)
	at org.gradle.configuration.project.BuildScriptProcessor.execute(BuildScriptProcessor.java:39)
	at org.gradle.configuration.project.BuildScriptProcessor.execute(BuildScriptProcessor.java:26)
	at org.gradle.configuration.project.ConfigureActionsProjectEvaluator.evaluate(ConfigureActionsProjectEvaluator.java:34)
	at org.gradle.configuration.project.LifecycleProjectEvaluator.doConfigure(LifecycleProjectEvaluator.java:70)
	at org.gradle.configuration.project.LifecycleProjectEvaluator.access$000(LifecycleProjectEvaluator.java:33)
	at org.gradle.configuration.project.LifecycleProjectEvaluator$1.execute(LifecycleProjectEvaluator.java:53)
	at org.gradle.configuration.project.LifecycleProjectEvaluator$1.execute(LifecycleProjectEvaluator.java:50)
	at org.gradle.internal.Transformers$4.transform(Transformers.java:169)
	at org.gradle.internal.progress.DefaultBuildOperationExecutor.run(DefaultBuildOperationExecutor.java:106)
	at org.gradle.internal.progress.DefaultBuildOperationExecutor.run(DefaultBuildOperationExecutor.java:61)
	at org.gradle.configuration.project.LifecycleProjectEvaluator.evaluate(LifecycleProjectEvaluator.java:50)
	at org.gradle.api.internal.project.DefaultProject.evaluate(DefaultProject.java:628)
	at org.gradle.api.internal.project.DefaultProject.evaluate(DefaultProject.java:129)
	at org.gradle.execution.TaskPathProjectEvaluator.configure(TaskPathProjectEvaluator.java:35)
	at org.gradle.execution.TaskPathProjectEvaluator.configureHierarchy(TaskPathProjectEvaluator.java:62)
	at org.gradle.configuration.DefaultBuildConfigurer.configure(DefaultBuildConfigurer.java:38)
	at org.gradle.initialization.DefaultGradleLauncher$1.execute(DefaultGradleLauncher.java:161)
	at org.gradle.initialization.DefaultGradleLauncher$1.execute(DefaultGradleLauncher.java:158)
	at org.gradle.internal.Transformers$4.transform(Transformers.java:169)
	at org.gradle.internal.progress.DefaultBuildOperationExecutor.run(DefaultBuildOperationExecutor.java:106)
	at org.gradle.internal.progress.DefaultBuildOperationExecutor.run(DefaultBuildOperationExecutor.java:56)
	at org.gradle.initialization.DefaultGradleLauncher.doBuildStages(DefaultGradleLauncher.java:158)
	at org.gradle.initialization.DefaultGradleLauncher.doBuild(DefaultGradleLauncher.java:119)
	at org.gradle.initialization.DefaultGradleLauncher.run(DefaultGradleLauncher.java:102)
	at org.gradle.launcher.exec.GradleBuildController.run(GradleBuildController.java:71)
	at org.gradle.tooling.internal.provider.ExecuteBuildActionRunner.run(ExecuteBuildActionRunner.java:28)
	at org.gradle.launcher.exec.ChainingBuildActionRunner.run(ChainingBuildActionRunner.java:35)
	at org.gradle.launcher.exec.InProcessBuildActionExecuter.execute(InProcessBuildActionExecuter.java:41)
	at org.gradle.launcher.exec.InProcessBuildActionExecuter.execute(InProcessBuildActionExecuter.java:26)
	at org.gradle.tooling.internal.provider.ContinuousBuildActionExecuter.execute(ContinuousBuildActionExecuter.java:75)
	at org.gradle.tooling.internal.provider.ContinuousBuildActionExecuter.execute(ContinuousBuildActionExecuter.java:49)
	at org.gradle.tooling.internal.provider.ServicesSetupBuildActionExecuter.execute(ServicesSetupBuildActionExecuter.java:44)
	at org.gradle.tooling.internal.provider.ServicesSetupBuildActionExecuter.execute(ServicesSetupBuildActionExecuter.java:29)
	at org.gradle.launcher.daemon.server.exec.ExecuteBuild.doBuild(ExecuteBuild.java:67)
	at org.gradle.launcher.daemon.server.exec.BuildCommandOnly.execute(BuildCommandOnly.java:36)
	at org.gradle.launcher.daemon.server.api.DaemonCommandExecution.proceed(DaemonCommandExecution.java:120)
	at org.gradle.launcher.daemon.server.exec.WatchForDisconnection.execute(WatchForDisconnection.java:47)
	at org.gradle.launcher.daemon.server.api.DaemonCommandExecution.proceed(DaemonCommandExecution.java:120)
	at org.gradle.launcher.daemon.server.exec.ResetDeprecationLogger.execute(ResetDeprecationLogger.java:26)
	at org.gradle.launcher.daemon.server.api.DaemonCommandExecution.proceed(DaemonCommandExecution.java:120)
	at org.gradle.launcher.daemon.server.exec.RequestStopIfSingleUsedDaemon.execute(RequestStopIfSingleUsedDaemon.java:34)
	at org.gradle.launcher.daemon.server.api.DaemonCommandExecution.proceed(DaemonCommandExecution.java:120)
	at org.gradle.launcher.daemon.server.exec.ForwardClientInput$2.call(ForwardClientInput.java:74)
	at org.gradle.launcher.daemon.server.exec.ForwardClientInput$2.call(ForwardClientInput.java:72)
	at org.gradle.util.Swapper.swap(Swapper.java:38)
	at org.gradle.launcher.daemon.server.exec.ForwardClientInput.execute(ForwardClientInput.java:72)
	at org.gradle.launcher.daemon.server.api.DaemonCommandExecution.proceed(DaemonCommandExecution.java:120)
	at org.gradle.launcher.daemon.server.exec.LogAndCheckHealth.execute(LogAndCheckHealth.java:55)
	at org.gradle.launcher.daemon.server.api.DaemonCommandExecution.proceed(DaemonCommandExecution.java:120)
	at org.gradle.launcher.daemon.server.exec.LogToClient.doBuild(LogToClient.java:60)
	at org.gradle.launcher.daemon.server.exec.BuildCommandOnly.execute(BuildCommandOnly.java:36)
	at org.gradle.launcher.daemon.server.api.DaemonCommandExecution.proceed(DaemonCommandExecution.java:120)
	at org.gradle.launcher.daemon.server.exec.EstablishBuildEnvironment.doBuild(EstablishBuildEnvironment.java:72)
	at org.gradle.launcher.daemon.server.exec.BuildCommandOnly.execute(BuildCommandOnly.java:36)
	at org.gradle.launcher.daemon.server.api.DaemonCommandExecution.proceed(DaemonCommandExecution.java:120)
	at org.gradle.launcher.daemon.server.exec.StartBuildOrRespondWithBusy$1.run(StartBuildOrRespondWithBusy.java:50)
	at org.gradle.launcher.daemon.server.DaemonStateCoordinator$1.run(DaemonStateCoordinator.java:297)
	at org.gradle.internal.concurrent.ExecutorPolicy$CatchAndRecordFailures.onExecute(ExecutorPolicy.java:54)
	at org.gradle.internal.concurrent.StoppableExecutorImpl$1.run(StoppableExecutorImpl.java:40)
	at java.util.concurrent.ThreadPoolExecutor.runWorker(ThreadPoolExecutor.java:1149)
	at java.util.concurrent.ThreadPoolExecutor$Worker.run(ThreadPoolExecutor.java:624)
	at java.lang.Thread.run(Thread.java:750)
:modules:compileJava UP-TO-DATE
:modules:processResources UP-TO-DATE
:modules:classes UP-TO-DATE
:modules:jar UP-TO-DATE
:modules:assemble UP-TO-DATE
:modules:check
:modules:build
:test-modules:compileJava UP-TO-DATE
:test-modules:processResources UP-TO-DATE
:test-modules:classes UP-TO-DATE
:test-modules:jar UP-TO-DATE
:test-modules:assemble UP-TO-DATE
:test-modules:check
:test-modules:build
:modules:db:compileJava UP-TO-DATE
:modules:db:processResources UP-TO-DATE
:modules:db:classes UP-TO-DATE
:modules:db:jar UP-TO-DATE
:modules:email:compileJava UP-TO-DATE
:modules:email:processResources UP-TO-DATE
:modules:email:classes UP-TO-DATE
:modules:email:jar UP-TO-DATE
:modules:export:compileJava UP-TO-DATE
:modules:export:processResources UP-TO-DATE
:modules:export:classes UP-TO-DATE
:modules:export:jar UP-TO-DATE
:modules:sms:compileJava UP-TO-DATE
:modules:sms:processResources UP-TO-DATE
:modules:sms:classes UP-TO-DATE
:modules:sms:jar UP-TO-DATE
:modules:upload:compileJava UP-TO-DATE
:modules:upload:processResources UP-TO-DATE
:modules:upload:classes UP-TO-DATE
:modules:upload:jar UP-TO-DATE
:modules:core:compileJava UP-TO-DATE
:modules:core:processResources UP-TO-DATE
:modules:core:classes UP-TO-DATE
:modules:core:jar UP-TO-DATE
:modules:authentication:compileJava UP-TO-DATE
:modules:authentication:processResources UP-TO-DATE
:modules:authentication:classes UP-TO-DATE
:modules:authentication:jar UP-TO-DATE
:modules:authentication:assemble UP-TO-DATE
:modules:authentication:check
:modules:authentication:build
:modules:core:assemble UP-TO-DATE
:modules:core:check
:modules:core:build
:modules:db:assemble UP-TO-DATE
:modules:db:check
:modules:db:build
:modules:equipment:compileJava UP-TO-DATE
:modules:equipment:processResources UP-TO-DATE
:modules:equipment:classes UP-TO-DATE
:modules:equipment:jar UP-TO-DATE
:modules:requisition:compileJava UP-TO-DATE
:modules:requisition:processResources UP-TO-DATE
:modules:requisition:classes UP-TO-DATE
:modules:requisition:jar UP-TO-DATE
:modules:shipment:compileJava UP-TO-DATE
:modules:shipment:processResources UP-TO-DATE
:modules:shipment:classes UP-TO-DATE
:modules:shipment:jar UP-TO-DATE
:modules:stock-management:compileJava UP-TO-DATE
:modules:stock-management:processResources UP-TO-DATE
:modules:stock-management:classes UP-TO-DATE
:modules:stock-management:jar UP-TO-DATE
:modules:report:compileJava UP-TO-DATE
:modules:report:processResources UP-TO-DATE
:modules:report:classes UP-TO-DATE
:modules:report:jar UP-TO-DATE
:modules:demographics:compileJava UP-TO-DATE
:modules:demographics:processResources UP-TO-DATE
:modules:demographics:classes UP-TO-DATE
:modules:demographics:jar UP-TO-DATE
:modules:demographics:assemble UP-TO-DATE
:modules:demographics:check
:modules:demographics:build
:modules:distribution:compileJava UP-TO-DATE
:modules:distribution:processResources UP-TO-DATE
:modules:distribution:classes UP-TO-DATE
:modules:distribution:jar UP-TO-DATE
:modules:distribution:assemble UP-TO-DATE
:modules:distribution:check
:modules:distribution:build
:modules:email:assemble UP-TO-DATE
:modules:email:check
:modules:email:build
:modules:equipment:assemble UP-TO-DATE
:modules:equipment:check
:modules:equipment:build
:modules:export:assemble UP-TO-DATE
:modules:export:check
:modules:export:build
:modules:help:compileJava UP-TO-DATE
:modules:help:processResources UP-TO-DATE
:modules:help:classes UP-TO-DATE
:modules:help:jar UP-TO-DATE
:modules:help:assemble UP-TO-DATE
:modules:help:check
:modules:help:build
:modules:migration:assemble
:modules:migration:check
:modules:migration:build
:modules:openlmis-web:npm UP-TO-DATE
:modules:openlmis-web:less
>> Local Npm module "grunt-cli" not found. Is it installed?
>> Local Npm module "grunt-legacy-log" not found. Is it installed?
>> Local Npm module "grunt-legacy-log-utils" not found. Is it installed?
(node:2483491) [DEP0022] DeprecationWarning: os.tmpDir() is deprecated. Use os.tmpdir() instead.

Running "less:compile" (less) task
>> 47 stylesheets created.

Done, without errors.
:modules:programs:compileJava UP-TO-DATE
:modules:programs:processResources UP-TO-DATE
:modules:programs:classes UP-TO-DATE
:modules:programs:jar UP-TO-DATE
:modules:reporting:compileJava UP-TO-DATE
:modules:reporting:processResources UP-TO-DATE
:modules:reporting:classes UP-TO-DATE
:modules:reporting:jar UP-TO-DATE
:modules:vaccine:compileJava UP-TO-DATE
:modules:vaccine:processResources UP-TO-DATE
:modules:vaccine:classes UP-TO-DATE
:modules:vaccine:jar UP-TO-DATE
:modules:rest-api:compileJava UP-TO-DATE
:modules:rest-api:processResources UP-TO-DATE
:modules:rest-api:classes UP-TO-DATE
:modules:rest-api:jar UP-TO-DATE
:modules:openlmis-web:compileJava UP-TO-DATE
:modules:openlmis-web:processResources UP-TO-DATE
:modules:openlmis-web:classes UP-TO-DATE
:modules:openlmis-web:war UP-TO-DATE
:modules:openlmis-web:assemble UP-TO-DATE
:modules:openlmis-web:check
:modules:openlmis-web:build
:modules:programs:assemble UP-TO-DATE
:modules:programs:check
:modules:programs:build
:modules:report:assemble UP-TO-DATE
:modules:report:check
:modules:report:build
:modules:reporting:assemble UP-TO-DATE
:modules:reporting:check
:modules:reporting:build
:modules:requisition:assemble UP-TO-DATE
:modules:requisition:check
:modules:requisition:build
:modules:rest-api:assemble UP-TO-DATE
:modules:rest-api:check
:modules:rest-api:build
:modules:shipment:assemble UP-TO-DATE
:modules:shipment:check
:modules:shipment:build
:modules:sms:assemble UP-TO-DATE
:modules:sms:check
:modules:sms:build
:modules:stock-management:assemble UP-TO-DATE
:modules:stock-management:check
:modules:stock-management:build
:modules:upload:assemble UP-TO-DATE
:modules:upload:check
:modules:upload:build
:modules:vaccine:assemble UP-TO-DATE
:modules:vaccine:check
:modules:vaccine:build
:test-modules:test-core:compileJava UP-TO-DATE
:test-modules:test-core:processResources UP-TO-DATE
:test-modules:test-core:classes UP-TO-DATE
:test-modules:test-core:jar UP-TO-DATE
:test-modules:functional-tests:compileJava UP-TO-DATE
:test-modules:functional-tests:processResources UP-TO-DATE
:test-modules:functional-tests:classes UP-TO-DATE
:test-modules:functional-tests:war UP-TO-DATE
:test-modules:functional-tests:assemble UP-TO-DATE
:test-modules:functional-tests:check
:test-modules:functional-tests:build
:test-modules:service-tests:compileJava UP-TO-DATE
:test-modules:service-tests:processResources UP-TO-DATE
:test-modules:service-tests:classes UP-TO-DATE
:test-modules:service-tests:jar UP-TO-DATE
:test-modules:service-tests:assemble UP-TO-DATE
:test-modules:service-tests:check
:test-modules:service-tests:build
:test-modules:test-core:war UP-TO-DATE
:test-modules:test-core:assemble UP-TO-DATE
:test-modules:test-core:check
:test-modules:test-core:build
:test-modules:functional-tests:jar UP-TO-DATE
:test-modules:webservice-test:compileJava UP-TO-DATE
:test-modules:webservice-test:processResources UP-TO-DATE
:test-modules:webservice-test:classes UP-TO-DATE
:test-modules:webservice-test:war UP-TO-DATE
:test-modules:webservice-test:assemble UP-TO-DATE
:test-modules:webservice-test:check
:test-modules:webservice-test:build
:modules:openlmis-web:jettyRunSLF4J: Class path contains multiple SLF4J bindings.
SLF4J: Found binding in [jar:file:/root/.gradle/wrapper/dists/gradle-3.3-bin/64bhckfm0iuu9gap9hg3r7ev2/gradle-3.3/lib/gradle-logging-3.3.jar!/org/slf4j/impl/StaticLoggerBinder.class]
SLF4J: Found binding in [jar:file:/root/.gradle/caches/modules-2/files-2.1/org.slf4j/slf4j-log4j12/1.6.6/5cd9b4fbc3ff6a97beaade3206137d76f65df805/slf4j-log4j12-1.6.6.jar!/org/slf4j/impl/StaticLoggerBinder.class]
SLF4J: See http://www.slf4j.org/codes.html#multiple_bindings for an explanation.
SLF4J: Actual binding is of type [org.slf4j.impl.Log4jLoggerFactory]
log4j:WARN Continuable parsing error 14 and column 72
log4j:WARN Attribute "xmlns:log4j" with value "http://jakPrearta.apache.org/log4j/" must have a value of "http://jakarta.apache.org/log4j/".
log4j:WARN Continuable parsing error 114 and column 23
log4j:WARN The content of element type "log4j:configuration" must match "(renderer*,throwableRenderer?,appender*,plugin*,(category|logger)*,root?,(categoryFactory|loggerFactory)?)".
log4j:WARN No such property [maxFileSize] in org.apache.log4j.DailyRollingFileAppender.
log4j:WARN No such property [maxBackupIndex] in org.apache.log4j.DailyRollingFileAppender.
log4j:WARN No such property [maxFileSize] in org.apache.log4j.DailyRollingFileAppender.
log4j:WARN No such property [maxBackupIndex] in org.apache.log4j.DailyRollingFileAppender.
log4j:WARN No such property [maxFileSize] in org.apache.log4j.DailyRollingFileAppender.
log4j:WARN No such property [maxBackupIndex] in org.apache.log4j.DailyRollingFileAppender.

:modules:openlmis-web:lesswatch
>> Local Npm module "grunt-cli" not found. Is it installed?
>> Local Npm module "grunt-legacy-log" not found. Is it installed?
>> Local Npm module "grunt-legacy-log-utils" not found. Is it installed?

Running "watch" task
Waiting...
(node:2483574) [DEP0022] DeprecationWarning: os.tmpDir() is deprecated. Use os.tmpdir() instead.
/cubesreports/cube/vw_sync_time/facts
org.springframework.web.client.ResourceAccessException: I/O error on GET request for "http://localhost:5555/cube/vw_sync_time/facts":Connection refused (Connection refused); nested exception is java.net.ConnectException: Connection refused (Connection refused)
	at org.springframework.web.client.RestTemplate.doExecute(RestTemplate.java:584)
	at org.springframework.web.client.RestTemplate.execute(RestTemplate.java:529)
	at org.springframework.web.client.RestTemplate.exchange(RestTemplate.java:447)
	at org.openlmis.web.controller.cubesreports.CubesReportProxy.redirect(CubesReportProxy.java:42)
	at org.openlmis.web.controller.cubesreports.CubesReportProxy.redirect(CubesReportProxy.java:35)
	at org.openlmis.web.controller.cubesreports.CubesReportProxy$$FastClassBySpringCGLIB$$3e5f49c0.invoke(<generated>)
	at org.springframework.cglib.proxy.MethodProxy.invoke(MethodProxy.java:204)
	at org.springframework.aop.framework.CglibAopProxy$CglibMethodInvocation.invokeJoinpoint(CglibAopProxy.java:717)
	at org.springframework.aop.framework.ReflectiveMethodInvocation.proceed(ReflectiveMethodInvocation.java:157)
	at org.springframework.aop.aspectj.AspectJAfterThrowingAdvice.invoke(AspectJAfterThrowingAdvice.java:58)
	at org.springframework.aop.framework.ReflectiveMethodInvocation.proceed(ReflectiveMethodInvocation.java:179)
	at org.springframework.aop.interceptor.ExposeInvocationInterceptor.invoke(ExposeInvocationInterceptor.java:92)
	at org.springframework.aop.framework.ReflectiveMethodInvocation.proceed(ReflectiveMethodInvocation.java:179)
	at org.springframework.aop.framework.CglibAopProxy$DynamicAdvisedInterceptor.intercept(CglibAopProxy.java:653)
	at org.openlmis.web.controller.cubesreports.CubesReportProxy$$EnhancerBySpringCGLIB$$e89788c7.redirect(<generated>)
	at org.openlmis.web.controller.cubesreports.CubesReportProxyController.redirect(CubesReportProxyController.java:24)
	at org.openlmis.web.controller.cubesreports.CubesReportProxyController$$FastClassBySpringCGLIB$$92ee597c.invoke(<generated>)
	at org.springframework.cglib.proxy.MethodProxy.invoke(MethodProxy.java:204)
	at org.springframework.aop.framework.CglibAopProxy$CglibMethodInvocation.invokeJoinpoint(CglibAopProxy.java:717)
	at org.springframework.aop.framework.ReflectiveMethodInvocation.proceed(ReflectiveMethodInvocation.java:157)
	at org.springframework.aop.aspectj.AspectJAfterThrowingAdvice.invoke(AspectJAfterThrowingAdvice.java:58)
	at org.springframework.aop.framework.ReflectiveMethodInvocation.proceed(ReflectiveMethodInvocation.java:179)
	at org.springframework.aop.interceptor.ExposeInvocationInterceptor.invoke(ExposeInvocationInterceptor.java:92)
	at org.springframework.aop.framework.ReflectiveMethodInvocation.proceed(ReflectiveMethodInvocation.java:179)
	at org.springframework.aop.framework.CglibAopProxy$DynamicAdvisedInterceptor.intercept(CglibAopProxy.java:653)
	at org.openlmis.web.controller.cubesreports.CubesReportProxyController$$EnhancerBySpringCGLIB$$46d6bd03.redirect(<generated>)
	at sun.reflect.NativeMethodAccessorImpl.invoke0(Native Method)
	at sun.reflect.NativeMethodAccessorImpl.invoke(NativeMethodAccessorImpl.java:62)
	at sun.reflect.DelegatingMethodAccessorImpl.invoke(DelegatingMethodAccessorImpl.java:43)
	at java.lang.reflect.Method.invoke(Method.java:498)
	at org.springframework.web.method.support.InvocableHandlerMethod.doInvoke(InvocableHandlerMethod.java:221)
	at org.springframework.web.method.support.InvocableHandlerMethod.invokeForRequest(InvocableHandlerMethod.java:137)
	at org.springframework.web.servlet.mvc.method.annotation.ServletInvocableHandlerMethod.invokeAndHandle(ServletInvocableHandlerMethod.java:110)
	at org.springframework.web.servlet.mvc.method.annotation.RequestMappingHandlerAdapter.invokeHandleMethod(RequestMappingHandlerAdapter.java:777)
	at org.springframework.web.servlet.mvc.method.annotation.RequestMappingHandlerAdapter.handleInternal(RequestMappingHandlerAdapter.java:706)
	at org.springframework.web.servlet.mvc.method.AbstractHandlerMethodAdapter.handle(AbstractHandlerMethodAdapter.java:85)
	at org.springframework.web.servlet.DispatcherServlet.doDispatch(DispatcherServlet.java:943)
	at org.springframework.web.servlet.DispatcherServlet.doService(DispatcherServlet.java:877)
	at org.springframework.web.servlet.FrameworkServlet.processRequest(FrameworkServlet.java:966)
	at org.springframework.web.servlet.FrameworkServlet.doGet(FrameworkServlet.java:857)
	at javax.servlet.http.HttpServlet.service(HttpServlet.java:707)
	at org.springframework.web.servlet.FrameworkServlet.service(FrameworkServlet.java:842)
	at javax.servlet.http.HttpServlet.service(HttpServlet.java:820)
	at org.mortbay.jetty.servlet.ServletHolder.handle(ServletHolder.java:511)
	at org.mortbay.jetty.servlet.ServletHandler$CachedChain.doFilter(ServletHandler.java:1221)
	at org.springframework.security.web.FilterChainProxy$VirtualFilterChain.doFilter(FilterChainProxy.java:330)
	at org.springframework.security.web.access.intercept.FilterSecurityInterceptor.invoke(FilterSecurityInterceptor.java:118)
	at org.springframework.security.web.access.intercept.FilterSecurityInterceptor.doFilter(FilterSecurityInterceptor.java:84)
	at org.springframework.security.web.FilterChainProxy$VirtualFilterChain.doFilter(FilterChainProxy.java:342)
	at org.springframework.security.web.access.ExceptionTranslationFilter.doFilter(ExceptionTranslationFilter.java:113)
	at org.springframework.security.web.FilterChainProxy$VirtualFilterChain.doFilter(FilterChainProxy.java:342)
	at org.springframework.security.web.session.SessionManagementFilter.doFilter(SessionManagementFilter.java:103)
	at org.springframework.security.web.FilterChainProxy$VirtualFilterChain.doFilter(FilterChainProxy.java:342)
	at org.springframework.security.web.authentication.AnonymousAuthenticationFilter.doFilter(AnonymousAuthenticationFilter.java:113)
	at org.springframework.security.web.FilterChainProxy$VirtualFilterChain.doFilter(FilterChainProxy.java:342)
	at org.springframework.security.web.servletapi.SecurityContextHolderAwareRequestFilter.doFilter(SecurityContextHolderAwareRequestFilter.java:154)
	at org.springframework.security.web.FilterChainProxy$VirtualFilterChain.doFilter(FilterChainProxy.java:342)
	at org.springframework.security.web.savedrequest.RequestCacheAwareFilter.doFilter(RequestCacheAwareFilter.java:45)
	at org.springframework.security.web.FilterChainProxy$VirtualFilterChain.doFilter(FilterChainProxy.java:342)
	at org.springframework.security.web.authentication.AbstractAuthenticationProcessingFilter.doFilter(AbstractAuthenticationProcessingFilter.java:199)
	at org.springframework.security.web.FilterChainProxy$VirtualFilterChain.doFilter(FilterChainProxy.java:342)
	at org.springframework.security.web.authentication.logout.LogoutFilter.doFilter(LogoutFilter.java:110)
	at org.springframework.security.web.FilterChainProxy$VirtualFilterChain.doFilter(FilterChainProxy.java:342)
	at org.springframework.security.web.session.ConcurrentSessionFilter.doFilter(ConcurrentSessionFilter.java:125)
	at org.springframework.security.web.FilterChainProxy$VirtualFilterChain.doFilter(FilterChainProxy.java:342)
	at org.springframework.security.web.context.SecurityContextPersistenceFilter.doFilter(SecurityContextPersistenceFilter.java:87)
	at org.springframework.security.web.FilterChainProxy$VirtualFilterChain.doFilter(FilterChainProxy.java:342)
	at org.springframework.security.web.access.channel.ChannelProcessingFilter.doFilter(ChannelProcessingFilter.java:144)
	at org.springframework.security.web.FilterChainProxy$VirtualFilterChain.doFilter(FilterChainProxy.java:342)
	at org.springframework.security.web.FilterChainProxy.doFilterInternal(FilterChainProxy.java:192)
	at org.springframework.security.web.FilterChainProxy.doFilter(FilterChainProxy.java:160)
	at org.springframework.web.filter.DelegatingFilterProxy.invokeDelegate(DelegatingFilterProxy.java:344)
	at org.springframework.web.filter.DelegatingFilterProxy.doFilter(DelegatingFilterProxy.java:261)
	at org.mortbay.jetty.servlet.ServletHandler$CachedChain.doFilter(ServletHandler.java:1212)
	at org.openlmis.web.filter.ForwardedProtoFilter.doFilter(ForwardedProtoFilter.java:31)
	at org.mortbay.jetty.servlet.ServletHandler$CachedChain.doFilter(ServletHandler.java:1212)
	at org.mortbay.jetty.servlet.ServletHandler.handle(ServletHandler.java:399)
	at org.mortbay.jetty.security.SecurityHandler.handle(SecurityHandler.java:216)
	at org.mortbay.jetty.servlet.SessionHandler.handle(SessionHandler.java:182)
	at org.mortbay.jetty.handler.ContextHandler.handle(ContextHandler.java:766)
	at org.mortbay.jetty.webapp.WebAppContext.handle(WebAppContext.java:450)
	at org.mortbay.jetty.handler.ContextHandlerCollection.handle(ContextHandlerCollection.java:230)
	at org.mortbay.jetty.handler.HandlerCollection.handle(HandlerCollection.java:114)
	at org.mortbay.jetty.handler.HandlerWrapper.handle(HandlerWrapper.java:152)
	at org.mortbay.jetty.Server.handle(Server.java:326)
	at org.mortbay.jetty.HttpConnection.handleRequest(HttpConnection.java:542)
	at org.mortbay.jetty.HttpConnection$RequestHandler.headerComplete(HttpConnection.java:928)
	at org.mortbay.jetty.HttpParser.parseNext(HttpParser.java:549)
	at org.mortbay.jetty.HttpParser.parseAvailable(HttpParser.java:212)
	at org.mortbay.jetty.HttpConnection.handle(HttpConnection.java:404)
	at org.mortbay.io.nio.SelectChannelEndPoint.run(SelectChannelEndPoint.java:410)
	at org.mortbay.thread.QueuedThreadPool$PoolThread.run(QueuedThreadPool.java:582)
Caused by: java.net.ConnectException: Connection refused (Connection refused)
	at java.net.PlainSocketImpl.socketConnect(Native Method)
	at java.net.AbstractPlainSocketImpl.doConnect(AbstractPlainSocketImpl.java:350)
	at java.net.AbstractPlainSocketImpl.connectToAddress(AbstractPlainSocketImpl.java:206)
	at java.net.AbstractPlainSocketImpl.connect(AbstractPlainSocketImpl.java:188)
	at java.net.SocksSocketImpl.connect(SocksSocketImpl.java:392)
	at java.net.Socket.connect(Socket.java:607)
	at java.net.Socket.connect(Socket.java:556)
	at sun.net.NetworkClient.doConnect(NetworkClient.java:180)
	at sun.net.www.http.HttpClient.openServer(HttpClient.java:465)
	at sun.net.www.http.HttpClient.openServer(HttpClient.java:560)
	at sun.net.www.http.HttpClient.<init>(HttpClient.java:246)
	at sun.net.www.http.HttpClient.New(HttpClient.java:341)
	at sun.net.www.http.HttpClient.New(HttpClient.java:359)
	at sun.net.www.protocol.http.HttpURLConnection.getNewHttpClient(HttpURLConnection.java:1245)
	at sun.net.www.protocol.http.HttpURLConnection.plainConnect0(HttpURLConnection.java:1179)
	at sun.net.www.protocol.http.HttpURLConnection.plainConnect(HttpURLConnection.java:1073)
	at sun.net.www.protocol.http.HttpURLConnection.connect(HttpURLConnection.java:1007)
	at org.springframework.http.client.SimpleBufferingClientHttpRequest.executeInternal(SimpleBufferingClientHttpRequest.java:81)
	at org.springframework.http.client.AbstractBufferingClientHttpRequest.executeInternal(AbstractBufferingClientHttpRequest.java:48)
	at org.springframework.http.client.AbstractClientHttpRequest.execute(AbstractClientHttpRequest.java:53)
	at org.springframework.web.client.RestTemplate.doExecute(RestTemplate.java:568)
	... 91 more
Nested in org.springframework.web.client.ResourceAccessException: I/O error on GET request for "http://localhost:5555/cube/vw_sync_time/facts":Connection refused (Connection refused); nested exception is java.net.ConnectException: Connection refused (Connection refused):
java.net.ConnectException: Connection refused (Connection refused)
	at java.net.PlainSocketImpl.socketConnect(Native Method)
	at java.net.AbstractPlainSocketImpl.doConnect(AbstractPlainSocketImpl.java:350)
	at java.net.AbstractPlainSocketImpl.connectToAddress(AbstractPlainSocketImpl.java:206)
	at java.net.AbstractPlainSocketImpl.connect(AbstractPlainSocketImpl.java:188)
	at java.net.SocksSocketImpl.connect(SocksSocketImpl.java:392)
	at java.net.Socket.connect(Socket.java:607)
	at java.net.Socket.connect(Socket.java:556)
	at sun.net.NetworkClient.doConnect(NetworkClient.java:180)
	at sun.net.www.http.HttpClient.openServer(HttpClient.java:465)
	at sun.net.www.http.HttpClient.openServer(HttpClient.java:560)
	at sun.net.www.http.HttpClient.<init>(HttpClient.java:246)
	at sun.net.www.http.HttpClient.New(HttpClient.java:341)
	at sun.net.www.http.HttpClient.New(HttpClient.java:359)
	at sun.net.www.protocol.http.HttpURLConnection.getNewHttpClient(HttpURLConnection.java:1245)
	at sun.net.www.protocol.http.HttpURLConnection.plainConnect0(HttpURLConnection.java:1179)
	at sun.net.www.protocol.http.HttpURLConnection.plainConnect(HttpURLConnection.java:1073)
	at sun.net.www.protocol.http.HttpURLConnection.connect(HttpURLConnection.java:1007)
	at org.springframework.http.client.SimpleBufferingClientHttpRequest.executeInternal(SimpleBufferingClientHttpRequest.java:81)
	at org.springframework.http.client.AbstractBufferingClientHttpRequest.executeInternal(AbstractBufferingClientHttpRequest.java:48)
	at org.springframework.http.client.AbstractClientHttpRequest.execute(AbstractClientHttpRequest.java:53)
	at org.springframework.web.client.RestTemplate.doExecute(RestTemplate.java:568)
	at org.springframework.web.client.RestTemplate.execute(RestTemplate.java:529)
	at org.springframework.web.client.RestTemplate.exchange(RestTemplate.java:447)
	at org.openlmis.web.controller.cubesreports.CubesReportProxy.redirect(CubesReportProxy.java:42)
	at org.openlmis.web.controller.cubesreports.CubesReportProxy.redirect(CubesReportProxy.java:35)
	at org.openlmis.web.controller.cubesreports.CubesReportProxy$$FastClassBySpringCGLIB$$3e5f49c0.invoke(<generated>)
	at org.springframework.cglib.proxy.MethodProxy.invoke(MethodProxy.java:204)
	at org.springframework.aop.framework.CglibAopProxy$CglibMethodInvocation.invokeJoinpoint(CglibAopProxy.java:717)
	at org.springframework.aop.framework.ReflectiveMethodInvocation.proceed(ReflectiveMethodInvocation.java:157)
	at org.springframework.aop.aspectj.AspectJAfterThrowingAdvice.invoke(AspectJAfterThrowingAdvice.java:58)
	at org.springframework.aop.framework.ReflectiveMethodInvocation.proceed(ReflectiveMethodInvocation.java:179)
	at org.springframework.aop.interceptor.ExposeInvocationInterceptor.invoke(ExposeInvocationInterceptor.java:92)
	at org.springframework.aop.framework.ReflectiveMethodInvocation.proceed(ReflectiveMethodInvocation.java:179)
	at org.springframework.aop.framework.CglibAopProxy$DynamicAdvisedInterceptor.intercept(CglibAopProxy.java:653)
	at org.openlmis.web.controller.cubesreports.CubesReportProxy$$EnhancerBySpringCGLIB$$e89788c7.redirect(<generated>)
	at org.openlmis.web.controller.cubesreports.CubesReportProxyController.redirect(CubesReportProxyController.java:24)
	at org.openlmis.web.controller.cubesreports.CubesReportProxyController$$FastClassBySpringCGLIB$$92ee597c.invoke(<generated>)
	at org.springframework.cglib.proxy.MethodProxy.invoke(MethodProxy.java:204)
	at org.springframework.aop.framework.CglibAopProxy$CglibMethodInvocation.invokeJoinpoint(CglibAopProxy.java:717)
	at org.springframework.aop.framework.ReflectiveMethodInvocation.proceed(ReflectiveMethodInvocation.java:157)
	at org.springframework.aop.aspectj.AspectJAfterThrowingAdvice.invoke(AspectJAfterThrowingAdvice.java:58)
	at org.springframework.aop.framework.ReflectiveMethodInvocation.proceed(ReflectiveMethodInvocation.java:179)
	at org.springframework.aop.interceptor.ExposeInvocationInterceptor.invoke(ExposeInvocationInterceptor.java:92)
	at org.springframework.aop.framework.ReflectiveMethodInvocation.proceed(ReflectiveMethodInvocation.java:179)
	at org.springframework.aop.framework.CglibAopProxy$DynamicAdvisedInterceptor.intercept(CglibAopProxy.java:653)
	at org.openlmis.web.controller.cubesreports.CubesReportProxyController$$EnhancerBySpringCGLIB$$46d6bd03.redirect(<generated>)
	at sun.reflect.NativeMethodAccessorImpl.invoke0(Native Method)
	at sun.reflect.NativeMethodAccessorImpl.invoke(NativeMethodAccessorImpl.java:62)
	at sun.reflect.DelegatingMethodAccessorImpl.invoke(DelegatingMethodAccessorImpl.java:43)
	at java.lang.reflect.Method.invoke(Method.java:498)
	at org.springframework.web.method.support.InvocableHandlerMethod.doInvoke(InvocableHandlerMethod.java:221)
	at org.springframework.web.method.support.InvocableHandlerMethod.invokeForRequest(InvocableHandlerMethod.java:137)
	at org.springframework.web.servlet.mvc.method.annotation.ServletInvocableHandlerMethod.invokeAndHandle(ServletInvocableHandlerMethod.java:110)
	at org.springframework.web.servlet.mvc.method.annotation.RequestMappingHandlerAdapter.invokeHandleMethod(RequestMappingHandlerAdapter.java:777)
	at org.springframework.web.servlet.mvc.method.annotation.RequestMappingHandlerAdapter.handleInternal(RequestMappingHandlerAdapter.java:706)
	at org.springframework.web.servlet.mvc.method.AbstractHandlerMethodAdapter.handle(AbstractHandlerMethodAdapter.java:85)
	at org.springframework.web.servlet.DispatcherServlet.doDispatch(DispatcherServlet.java:943)
	at org.springframework.web.servlet.DispatcherServlet.doService(DispatcherServlet.java:877)
	at org.springframework.web.servlet.FrameworkServlet.processRequest(FrameworkServlet.java:966)
	at org.springframework.web.servlet.FrameworkServlet.doGet(FrameworkServlet.java:857)
	at javax.servlet.http.HttpServlet.service(HttpServlet.java:707)
	at org.springframework.web.servlet.FrameworkServlet.service(FrameworkServlet.java:842)
	at javax.servlet.http.HttpServlet.service(HttpServlet.java:820)
	at org.mortbay.jetty.servlet.ServletHolder.handle(ServletHolder.java:511)
	at org.mortbay.jetty.servlet.ServletHandler$CachedChain.doFilter(ServletHandler.java:1221)
	at org.springframework.security.web.FilterChainProxy$VirtualFilterChain.doFilter(FilterChainProxy.java:330)
	at org.springframework.security.web.access.intercept.FilterSecurityInterceptor.invoke(FilterSecurityInterceptor.java:118)
	at org.springframework.security.web.access.intercept.FilterSecurityInterceptor.doFilter(FilterSecurityInterceptor.java:84)
	at org.springframework.security.web.FilterChainProxy$VirtualFilterChain.doFilter(FilterChainProxy.java:342)
	at org.springframework.security.web.access.ExceptionTranslationFilter.doFilter(ExceptionTranslationFilter.java:113)
	at org.springframework.security.web.FilterChainProxy$VirtualFilterChain.doFilter(FilterChainProxy.java:342)
	at org.springframework.security.web.session.SessionManagementFilter.doFilter(SessionManagementFilter.java:103)
	at org.springframework.security.web.FilterChainProxy$VirtualFilterChain.doFilter(FilterChainProxy.java:342)
	at org.springframework.security.web.authentication.AnonymousAuthenticationFilter.doFilter(AnonymousAuthenticationFilter.java:113)
	at org.springframework.security.web.FilterChainProxy$VirtualFilterChain.doFilter(FilterChainProxy.java:342)
	at org.springframework.security.web.servletapi.SecurityContextHolderAwareRequestFilter.doFilter(SecurityContextHolderAwareRequestFilter.java:154)
	at org.springframework.security.web.FilterChainProxy$VirtualFilterChain.doFilter(FilterChainProxy.java:342)
	at org.springframework.security.web.savedrequest.RequestCacheAwareFilter.doFilter(RequestCacheAwareFilter.java:45)
	at org.springframework.security.web.FilterChainProxy$VirtualFilterChain.doFilter(FilterChainProxy.java:342)
	at org.springframework.security.web.authentication.AbstractAuthenticationProcessingFilter.doFilter(AbstractAuthenticationProcessingFilter.java:199)
	at org.springframework.security.web.FilterChainProxy$VirtualFilterChain.doFilter(FilterChainProxy.java:342)
	at org.springframework.security.web.authentication.logout.LogoutFilter.doFilter(LogoutFilter.java:110)
	at org.springframework.security.web.FilterChainProxy$VirtualFilterChain.doFilter(FilterChainProxy.java:342)
	at org.springframework.security.web.session.ConcurrentSessionFilter.doFilter(ConcurrentSessionFilter.java:125)
	at org.springframework.security.web.FilterChainProxy$VirtualFilterChain.doFilter(FilterChainProxy.java:342)
	at org.springframework.security.web.context.SecurityContextPersistenceFilter.doFilter(SecurityContextPersistenceFilter.java:87)
	at org.springframework.security.web.FilterChainProxy$VirtualFilterChain.doFilter(FilterChainProxy.java:342)
	at org.springframework.security.web.access.channel.ChannelProcessingFilter.doFilter(ChannelProcessingFilter.java:144)
	at org.springframework.security.web.FilterChainProxy$VirtualFilterChain.doFilter(FilterChainProxy.java:342)
	at org.springframework.security.web.FilterChainProxy.doFilterInternal(FilterChainProxy.java:192)
	at org.springframework.security.web.FilterChainProxy.doFilter(FilterChainProxy.java:160)
	at org.springframework.web.filter.DelegatingFilterProxy.invokeDelegate(DelegatingFilterProxy.java:344)
	at org.springframework.web.filter.DelegatingFilterProxy.doFilter(DelegatingFilterProxy.java:261)
	at org.mortbay.jetty.servlet.ServletHandler$CachedChain.doFilter(ServletHandler.java:1212)
	at org.openlmis.web.filter.ForwardedProtoFilter.doFilter(ForwardedProtoFilter.java:31)
	at org.mortbay.jetty.servlet.ServletHandler$CachedChain.doFilter(ServletHandler.java:1212)
	at org.mortbay.jetty.servlet.ServletHandler.handle(ServletHandler.java:399)
	at org.mortbay.jetty.security.SecurityHandler.handle(SecurityHandler.java:216)
	at org.mortbay.jetty.servlet.SessionHandler.handle(SessionHandler.java:182)
	at org.mortbay.jetty.handler.ContextHandler.handle(ContextHandler.java:766)
	at org.mortbay.jetty.webapp.WebAppContext.handle(WebAppContext.java:450)
	at org.mortbay.jetty.handler.ContextHandlerCollection.handle(ContextHandlerCollection.java:230)
	at org.mortbay.jetty.handler.HandlerCollection.handle(HandlerCollection.java:114)
	at org.mortbay.jetty.handler.HandlerWrapper.handle(HandlerWrapper.java:152)
	at org.mortbay.jetty.Server.handle(Server.java:326)
	at org.mortbay.jetty.HttpConnection.handleRequest(HttpConnection.java:542)
	at org.mortbay.jetty.HttpConnection$RequestHandler.headerComplete(HttpConnection.java:928)
	at org.mortbay.jetty.HttpParser.parseNext(HttpParser.java:549)
	at org.mortbay.jetty.HttpParser.parseAvailable(HttpParser.java:212)
	at org.mortbay.jetty.HttpConnection.handle(HttpConnection.java:404)
	at org.mortbay.io.nio.SelectChannelEndPoint.run(SelectChannelEndPoint.java:410)
	at org.mortbay.thread.QueuedThreadPool$PoolThread.run(QueuedThreadPool.java:582)
Cannot accept connection from remote address /45.227.254.152.
Cannot accept connection from remote address /91.238.181.95.
Cannot accept connection from remote address /91.238.181.92.
